path,entry_type,symlink_target,direct_files,recursive_files,category,role,scope,role_source,explanation
.vscode,directory,,1,1,local-editor,VS Code 本地工作区设置；当前 settings.json 将 CMake 源目录指向 ramulator2,编辑器辅助，不驱动整机构建，不入 Git,.vscode,manual
axi2flit,directory,,3,43,main-source-tree,AXI 和 AoU 消息/Flit 的转换,互连协议源码,axi2flit,manual
axi2flit/doc,directory,,5,5,main-source-tree,技术规格、SoC侧/存储侧接口表及联合仿真设计资料,设计依据；历史描述须与当前实现核对,axi2flit/doc,manual
axi2flit/systemc,directory,,2,35,main-source-tree,转换器、帧编解码、流控和集成模块,SystemC 实现，在整机内使用 gem5 原生 SystemC,axi2flit/systemc,manual
axi2flit/systemc/doc,directory,,3,3,main-source-tree,组件实现与验证说明,文档,axi2flit/systemc/doc,manual
axi2flit/systemc/include,directory,,14,14,main-source-tree,AXI类型、AoU消息、credit、RP顺序、流解码、SimpleMem FIFO契约,公共头文件；修改可能影响请求端和target端,axi2flit/systemc/include,manual
axi2flit/systemc/integration,directory,,4,4,main-source-tree,UcieAouAdapter、AouTarget、SimpleBurstMemory,逻辑Flit↔FDI FIFO；Target↔完整burst FIFO,axi2flit/systemc/integration,manual
axi2flit/systemc/scripts,directory,,1,1,main-source-tree,组件测试运行和分析脚本,开发辅助,axi2flit/systemc/scripts,manual
axi2flit/systemc/src,directory,,3,3,main-source-tree,AXI2Flit、FlitPacker、FlitUnpacker 的实现,五通道事务↔业务消息↔逻辑Flit,axi2flit/systemc/src,manual
axi2flit/systemc/tb,directory,,8,8,main-source-tree,独立模块testbench、激励及scoreboard,组件验证，不等于实际CPU/GPU/NPU执行,axi2flit/systemc/tb,manual
build,directory,,12,487,build-output,系统级 native 库、测试和工作负载产物,构建输出，不维护源实现、不入 Git,build,manual
build/ramulator-config-smoke,directory,,3,3,build-output,配置生成smoke的YAML、memspec、metadata,开发验证输出,build/ramulator-config-smoke,manual
build/ramulator2,directory,,8,471,build-output,CMake/Ninja在线native模型构建目录,配置、对象、库、CTest和依赖产物,build/ramulator2,manual
build/ramulator2/CMakeFiles,directory,,6,21,build-output,CMake/Ninja生成信息与对象,构建产物,build/ramulator2/CMakeFiles,manual
build/ramulator2/CMakeFiles/3.31.8,directory,,5,9,build-output,CMake/Ninja生成信息与对象,构建产物,build/ramulator2/CMakeFiles,inherited-from-ancestor
build/ramulator2/CMakeFiles/3.31.8/CompilerIdC,directory,,2,2,build-output,CMake/Ninja生成信息与对象,构建产物,build/ramulator2/CMakeFiles,inherited-from-ancestor
build/ramulator2/CMakeFiles/3.31.8/CompilerIdC/tmp,directory,,0,0,build-output,CMake/Ninja生成信息与对象,构建产物,build/ramulator2/CMakeFiles,inherited-from-ancestor
build/ramulator2/CMakeFiles/3.31.8/CompilerIdCXX,directory,,2,2,build-output,CMake/Ninja生成信息与对象,构建产物,build/ramulator2/CMakeFiles,inherited-from-ancestor
build/ramulator2/CMakeFiles/3.31.8/CompilerIdCXX/tmp,directory,,0,0,build-output,CMake/Ninja生成信息与对象,构建产物,build/ramulator2/CMakeFiles,inherited-from-ancestor
build/ramulator2/CMakeFiles/pkgRedirects,directory,,4,4,build-output,CMake/Ninja生成信息与对象,构建产物,build/ramulator2/CMakeFiles,inherited-from-ancestor
build/ramulator2/CMakeFiles/ramulator.dir,directory,,0,1,build-output,CMake/Ninja生成信息与对象,构建产物,build/ramulator2/CMakeFiles,inherited-from-ancestor
build/ramulator2/CMakeFiles/ramulator.dir/integration,directory,,1,1,build-output,CMake/Ninja生成信息与对象,构建产物,build/ramulator2/CMakeFiles,inherited-from-ancestor
build/ramulator2/CMakeFiles/target_backing_contract.dir,directory,,0,1,build-output,CMake/Ninja生成信息与对象,构建产物,build/ramulator2/CMakeFiles,inherited-from-ancestor
build/ramulator2/CMakeFiles/target_backing_contract.dir/home,directory,,0,1,build-output,CMake/Ninja生成信息与对象,构建产物,build/ramulator2/CMakeFiles,inherited-from-ancestor
build/ramulator2/CMakeFiles/target_backing_contract.dir/home/vscode,directory,,0,1,build-output,CMake/Ninja生成信息与对象,构建产物,build/ramulator2/CMakeFiles,inherited-from-ancestor
build/ramulator2/CMakeFiles/target_backing_contract.dir/home/vscode/full_link_sys,directory,,0,1,build-output,CMake/Ninja生成信息与对象,构建产物,build/ramulator2/CMakeFiles,inherited-from-ancestor
build/ramulator2/CMakeFiles/target_backing_contract.dir/home/vscode/full_link_sys/full_link_simulation_system,directory,,0,1,build-output,CMake/Ninja生成信息与对象,构建产物,build/ramulator2/CMakeFiles,inherited-from-ancestor
build/ramulator2/CMakeFiles/target_backing_contract.dir/home/vscode/full_link_sys/full_link_simulation_system/gem5_axi,directory,,0,1,build-output,CMake/Ninja生成信息与对象,构建产物,build/ramulator2/CMakeFiles,inherited-from-ancestor
build/ramulator2/CMakeFiles/target_backing_contract.dir/home/vscode/full_link_sys/full_link_simulation_system/gem5_axi/tests,directory,,1,1,build-output,CMake/Ninja生成信息与对象,构建产物,build/ramulator2/CMakeFiles,inherited-from-ancestor
build/ramulator2/DRAMPower,directory,,1,43,build-output,功耗库子构建,构建产物,build/ramulator2/DRAMPower,manual
build/ramulator2/DRAMPower/CMakeFiles,directory,,0,0,build-output,功耗库子构建,构建产物,build/ramulator2/DRAMPower,inherited-from-ancestor
build/ramulator2/DRAMPower/src,directory,,0,42,build-output,功耗库子构建,构建产物,build/ramulator2/DRAMPower,inherited-from-ancestor
build/ramulator2/DRAMPower/src/DRAMPower,directory,,2,42,build-output,功耗库子构建,构建产物,build/ramulator2/DRAMPower,inherited-from-ancestor
build/ramulator2/DRAMPower/src/DRAMPower/CMakeFiles,directory,,0,40,build-output,功耗库子构建,构建产物,build/ramulator2/DRAMPower,inherited-from-ancestor
build/ramulator2/DRAMPower/src/DRAMPower/CMakeFiles/DRAMPower.dir,directory,,0,40,build-output,功耗库子构建,构建产物,build/ramulator2/DRAMPower,inherited-from-ancestor
build/ramulator2/DRAMPower/src/DRAMPower/CMakeFiles/DRAMPower.dir/DRAMPower,directory,,0,40,build-output,功耗库子构建,构建产物,build/ramulator2/DRAMPower,inherited-from-ancestor
build/ramulator2/DRAMPower/src/DRAMPower/CMakeFiles/DRAMPower.dir/DRAMPower/command,directory,,2,2,build-output,功耗库子构建,构建产物,build/ramulator2/DRAMPower,inherited-from-ancestor
build/ramulator2/DRAMPower/src/DRAMPower/CMakeFiles/DRAMPower.dir/DRAMPower/data,directory,,1,1,build-output,功耗库子构建,构建产物,build/ramulator2/DRAMPower,inherited-from-ancestor
build/ramulator2/DRAMPower/src/DRAMPower/CMakeFiles/DRAMPower.dir/DRAMPower/dram,directory,,3,3,build-output,功耗库子构建,构建产物,build/ramulator2/DRAMPower,inherited-from-ancestor
build/ramulator2/DRAMPower/src/DRAMPower/CMakeFiles/DRAMPower.dir/DRAMPower/factory,directory,,1,1,build-output,功耗库子构建,构建产物,build/ramulator2/DRAMPower,inherited-from-ancestor
build/ramulator2/DRAMPower/src/DRAMPower/CMakeFiles/DRAMPower.dir/DRAMPower/memspec,directory,,5,5,build-output,功耗库子构建,构建产物,build/ramulator2/DRAMPower,inherited-from-ancestor
build/ramulator2/DRAMPower/src/DRAMPower/CMakeFiles/DRAMPower.dir/DRAMPower/standards,directory,,0,27,build-output,功耗库子构建,构建产物,build/ramulator2/DRAMPower,inherited-from-ancestor
build/ramulator2/DRAMPower/src/DRAMPower/CMakeFiles/DRAMPower.dir/DRAMPower/standards/hbm2,directory,,7,7,build-output,功耗库子构建,构建产物,build/ramulator2/DRAMPower,inherited-from-ancestor
build/ramulator2/DRAMPower/src/DRAMPower/CMakeFiles/DRAMPower.dir/DRAMPower/standards/hbm34,directory,,3,3,build-output,功耗库子构建,构建产物,build/ramulator2/DRAMPower,inherited-from-ancestor
build/ramulator2/DRAMPower/src/DRAMPower/CMakeFiles/DRAMPower.dir/DRAMPower/standards/lpddr4,directory,,5,5,build-output,功耗库子构建,构建产物,build/ramulator2/DRAMPower,inherited-from-ancestor
build/ramulator2/DRAMPower/src/DRAMPower/CMakeFiles/DRAMPower.dir/DRAMPower/standards/lpddr5,directory,,5,5,build-output,功耗库子构建,构建产物,build/ramulator2/DRAMPower,inherited-from-ancestor
build/ramulator2/DRAMPower/src/DRAMPower/CMakeFiles/DRAMPower.dir/DRAMPower/standards/lpddr6,directory,,7,7,build-output,功耗库子构建,构建产物,build/ramulator2/DRAMPower,inherited-from-ancestor
build/ramulator2/DRAMPower/src/DRAMPower/CMakeFiles/DRAMPower.dir/DRAMPower/util,directory,,1,1,build-output,功耗库子构建,构建产物,build/ramulator2/DRAMPower,inherited-from-ancestor
build/ramulator2/Testing,directory,,0,2,build-output,CTest执行日志,测试输出,build/ramulator2/Testing,manual
build/ramulator2/Testing/Temporary,directory,,2,2,build-output,CTest执行日志,测试输出,build/ramulator2/Testing,inherited-from-ancestor
build/ramulator2/_deps,directory,,0,265,build-output,FetchContent依赖子构建和生成信息,构建产物，实际源码可来自用户锁定缓存,build/ramulator2/_deps,manual
build/ramulator2/_deps/dramutils-build,directory,,1,1,build-output,FetchContent依赖子构建和生成信息,构建产物，实际源码可来自用户锁定缓存,build/ramulator2/_deps,inherited-from-ancestor
build/ramulator2/_deps/dramutils-build/CMakeFiles,directory,,0,0,build-output,FetchContent依赖子构建和生成信息,构建产物，实际源码可来自用户锁定缓存,build/ramulator2/_deps,inherited-from-ancestor
build/ramulator2/_deps/dramutils-src,directory,,10,40,build-output,FetchContent依赖子构建和生成信息,构建产物，实际源码可来自用户锁定缓存,build/ramulator2/_deps,inherited-from-ancestor
build/ramulator2/_deps/dramutils-src/.github,directory,,0,1,build-output,FetchContent依赖子构建和生成信息,构建产物，实际源码可来自用户锁定缓存,build/ramulator2/_deps,inherited-from-ancestor
build/ramulator2/_deps/dramutils-src/.github/workflows,directory,,1,1,build-output,FetchContent依赖子构建和生成信息,构建产物，实际源码可来自用户锁定缓存,build/ramulator2/_deps,inherited-from-ancestor
build/ramulator2/_deps/dramutils-src/cmake,directory,,5,5,build-output,FetchContent依赖子构建和生成信息,构建产物，实际源码可来自用户锁定缓存,build/ramulator2/_deps,inherited-from-ancestor
build/ramulator2/_deps/dramutils-src/include,directory,,0,21,build-output,FetchContent依赖子构建和生成信息,构建产物，实际源码可来自用户锁定缓存,build/ramulator2/_deps,inherited-from-ancestor
build/ramulator2/_deps/dramutils-src/include/DRAMUtils,directory,,0,21,build-output,FetchContent依赖子构建和生成信息,构建产物，实际源码可来自用户锁定缓存,build/ramulator2/_deps,inherited-from-ancestor
build/ramulator2/_deps/dramutils-src/include/DRAMUtils/config,directory,,1,1,build-output,FetchContent依赖子构建和生成信息,构建产物，实际源码可来自用户锁定缓存,build/ramulator2/_deps,inherited-from-ancestor
build/ramulator2/_deps/dramutils-src/include/DRAMUtils/memspec,directory,,1,15,build-output,FetchContent依赖子构建和生成信息,构建产物，实际源码可来自用户锁定缓存,build/ramulator2/_deps,inherited-from-ancestor
build/ramulator2/_deps/dramutils-src/include/DRAMUtils/memspec/standards,directory,,14,14,build-output,FetchContent依赖子构建和生成信息,构建产物，实际源码可来自用户锁定缓存,build/ramulator2/_deps,inherited-from-ancestor
build/ramulator2/_deps/dramutils-src/include/DRAMUtils/util,directory,,5,5,build-output,FetchContent依赖子构建和生成信息,构建产物，实际源码可来自用户锁定缓存,build/ramulator2/_deps,inherited-from-ancestor
build/ramulator2/_deps/dramutils-src/tests,directory,,1,3,build-output,FetchContent依赖子构建和生成信息,构建产物，实际源码可来自用户锁定缓存,build/ramulator2/_deps,inherited-from-ancestor
build/ramulator2/_deps/dramutils-src/tests/tests_memspec,directory,,1,2,build-output,FetchContent依赖子构建和生成信息,构建产物，实际源码可来自用户锁定缓存,build/ramulator2/_deps,inherited-from-ancestor
build/ramulator2/_deps/dramutils-src/tests/tests_memspec/base,directory,,1,1,build-output,FetchContent依赖子构建和生成信息,构建产物，实际源码可来自用户锁定缓存,build/ramulator2/_deps,inherited-from-ancestor
build/ramulator2/_deps/dramutils-subbuild,directory,,5,31,build-output,FetchContent依赖子构建和生成信息,构建产物，实际源码可来自用户锁定缓存,build/ramulator2/_deps,inherited-from-ancestor
build/ramulator2/_deps/dramutils-subbuild/CMakeFiles,directory,,5,8,build-output,FetchContent依赖子构建和生成信息,构建产物，实际源码可来自用户锁定缓存,build/ramulator2/_deps,inherited-from-ancestor
build/ramulator2/_deps/dramutils-subbuild/CMakeFiles/3.31.8,directory,,1,1,build-output,FetchContent依赖子构建和生成信息,构建产物，实际源码可来自用户锁定缓存,build/ramulator2/_deps,inherited-from-ancestor
build/ramulator2/_deps/dramutils-subbuild/CMakeFiles/dramutils-populate.dir,directory,,2,2,build-output,FetchContent依赖子构建和生成信息,构建产物，实际源码可来自用户锁定缓存,build/ramulator2/_deps,inherited-from-ancestor
build/ramulator2/_deps/dramutils-subbuild/CMakeFiles/pkgRedirects,directory,,0,0,build-output,FetchContent依赖子构建和生成信息,构建产物，实际源码可来自用户锁定缓存,build/ramulator2/_deps,inherited-from-ancestor
build/ramulator2/_deps/dramutils-subbuild/dramutils-populate-prefix,directory,,0,18,build-output,FetchContent依赖子构建和生成信息,构建产物，实际源码可来自用户锁定缓存,build/ramulator2/_deps,inherited-from-ancestor
build/ramulator2/_deps/dramutils-subbuild/dramutils-populate-prefix/src,directory,,1,16,build-output,FetchContent依赖子构建和生成信息,构建产物，实际源码可来自用户锁定缓存,build/ramulator2/_deps,inherited-from-ancestor
build/ramulator2/_deps/dramutils-subbuild/dramutils-populate-prefix/src/dramutils-populate-stamp,directory,,15,15,build-output,FetchContent依赖子构建和生成信息,构建产物，实际源码可来自用户锁定缓存,build/ramulator2/_deps,inherited-from-ancestor
build/ramulator2/_deps/dramutils-subbuild/dramutils-populate-prefix/tmp,directory,,2,2,build-output,FetchContent依赖子构建和生成信息,构建产物，实际源码可来自用户锁定缓存,build/ramulator2/_deps,inherited-from-ancestor
build/ramulator2/_deps/fmt-build,directory,,6,10,build-output,FetchContent依赖子构建和生成信息,构建产物，实际源码可来自用户锁定缓存,build/ramulator2/_deps,inherited-from-ancestor
build/ramulator2/_deps/fmt-build/CMakeFiles,directory,,0,4,build-output,FetchContent依赖子构建和生成信息,构建产物，实际源码可来自用户锁定缓存,build/ramulator2/_deps,inherited-from-ancestor
build/ramulator2/_deps/fmt-build/CMakeFiles/Export,directory,,0,2,build-output,FetchContent依赖子构建和生成信息,构建产物，实际源码可来自用户锁定缓存,build/ramulator2/_deps,inherited-from-ancestor
build/ramulator2/_deps/fmt-build/CMakeFiles/Export/b834597d9b1628ff12ae4314c3a2e4b8,directory,,2,2,build-output,FetchContent依赖子构建和生成信息,构建产物，实际源码可来自用户锁定缓存,build/ramulator2/_deps,inherited-from-ancestor
build/ramulator2/_deps/fmt-build/CMakeFiles/fmt.dir,directory,,0,2,build-output,FetchContent依赖子构建和生成信息,构建产物，实际源码可来自用户锁定缓存,build/ramulator2/_deps,inherited-from-ancestor
build/ramulator2/_deps/fmt-build/CMakeFiles/fmt.dir/src,directory,,2,2,build-output,FetchContent依赖子构建和生成信息,构建产物，实际源码可来自用户锁定缓存,build/ramulator2/_deps,inherited-from-ancestor
build/ramulator2/_deps/fmt-subbuild,directory,,5,29,build-output,FetchContent依赖子构建和生成信息,构建产物，实际源码可来自用户锁定缓存,build/ramulator2/_deps,inherited-from-ancestor
build/ramulator2/_deps/fmt-subbuild/CMakeFiles,directory,,5,8,build-output,FetchContent依赖子构建和生成信息,构建产物，实际源码可来自用户锁定缓存,build/ramulator2/_deps,inherited-from-ancestor
build/ramulator2/_deps/fmt-subbuild/CMakeFiles/3.31.8,directory,,1,1,build-output,FetchContent依赖子构建和生成信息,构建产物，实际源码可来自用户锁定缓存,build/ramulator2/_deps,inherited-from-ancestor
build/ramulator2/_deps/fmt-subbuild/CMakeFiles/fmt-populate.dir,directory,,2,2,build-output,FetchContent依赖子构建和生成信息,构建产物，实际源码可来自用户锁定缓存,build/ramulator2/_deps,inherited-from-ancestor
build/ramulator2/_deps/fmt-subbuild/CMakeFiles/pkgRedirects,directory,,0,0,build-output,FetchContent依赖子构建和生成信息,构建产物，实际源码可来自用户锁定缓存,build/ramulator2/_deps,inherited-from-ancestor
build/ramulator2/_deps/fmt-subbuild/fmt-populate-prefix,directory,,0,16,build-output,FetchContent依赖子构建和生成信息,构建产物，实际源码可来自用户锁定缓存,build/ramulator2/_deps,inherited-from-ancestor
build/ramulator2/_deps/fmt-subbuild/fmt-populate-prefix/src,directory,,0,12,build-output,FetchContent依赖子构建和生成信息,构建产物，实际源码可来自用户锁定缓存,build/ramulator2/_deps,inherited-from-ancestor
build/ramulator2/_deps/fmt-subbuild/fmt-populate-prefix/src/fmt-populate-stamp,directory,,12,12,build-output,FetchContent依赖子构建和生成信息,构建产物，实际源码可来自用户锁定缓存,build/ramulator2/_deps,inherited-from-ancestor
build/ramulator2/_deps/fmt-subbuild/fmt-populate-prefix/tmp,directory,,4,4,build-output,FetchContent依赖子构建和生成信息,构建产物，实际源码可来自用户锁定缓存,build/ramulator2/_deps,inherited-from-ancestor
build/ramulator2/_deps/nlohmann_json-build,directory,,4,4,build-output,FetchContent依赖子构建和生成信息,构建产物，实际源码可来自用户锁定缓存,build/ramulator2/_deps,inherited-from-ancestor
build/ramulator2/_deps/nlohmann_json-build/CMakeFiles,directory,,0,0,build-output,FetchContent依赖子构建和生成信息,构建产物，实际源码可来自用户锁定缓存,build/ramulator2/_deps,inherited-from-ancestor
build/ramulator2/_deps/nlohmann_json-src,directory,,3,53,build-output,FetchContent依赖子构建和生成信息,构建产物，实际源码可来自用户锁定缓存,build/ramulator2/_deps,inherited-from-ancestor
build/ramulator2/_deps/nlohmann_json-src/cmake,directory,,3,3,build-output,FetchContent依赖子构建和生成信息,构建产物，实际源码可来自用户锁定缓存,build/ramulator2/_deps,inherited-from-ancestor
build/ramulator2/_deps/nlohmann_json-src/include,directory,,0,45,build-output,FetchContent依赖子构建和生成信息,构建产物，实际源码可来自用户锁定缓存,build/ramulator2/_deps,inherited-from-ancestor
build/ramulator2/_deps/nlohmann_json-src/include/nlohmann,directory,,5,45,build-output,FetchContent依赖子构建和生成信息,构建产物，实际源码可来自用户锁定缓存,build/ramulator2/_deps,inherited-from-ancestor
build/ramulator2/_deps/nlohmann_json-src/include/nlohmann/detail,directory,,11,38,build-output,FetchContent依赖子构建和生成信息,构建产物，实际源码可来自用户锁定缓存,build/ramulator2/_deps,inherited-from-ancestor
build/ramulator2/_deps/nlohmann_json-src/include/nlohmann/detail/conversions,directory,,3,3,build-output,FetchContent依赖子构建和生成信息,构建产物，实际源码可来自用户锁定缓存,build/ramulator2/_deps,inherited-from-ancestor
build/ramulator2/_deps/nlohmann_json-src/include/nlohmann/detail/input,directory,,6,6,build-output,FetchContent依赖子构建和生成信息,构建产物，实际源码可来自用户锁定缓存,build/ramulator2/_deps,inherited-from-ancestor
build/ramulator2/_deps/nlohmann_json-src/include/nlohmann/detail/iterators,directory,,6,6,build-output,FetchContent依赖子构建和生成信息,构建产物，实际源码可来自用户锁定缓存,build/ramulator2/_deps,inherited-from-ancestor
build/ramulator2/_deps/nlohmann_json-src/include/nlohmann/detail/meta,directory,,7,9,build-output,FetchContent依赖子构建和生成信息,构建产物，实际源码可来自用户锁定缓存,build/ramulator2/_deps,inherited-from-ancestor
build/ramulator2/_deps/nlohmann_json-src/include/nlohmann/detail/meta/call_std,directory,,2,2,build-output,FetchContent依赖子构建和生成信息,构建产物，实际源码可来自用户锁定缓存,build/ramulator2/_deps,inherited-from-ancestor
build/ramulator2/_deps/nlohmann_json-src/include/nlohmann/detail/output,directory,,3,3,build-output,FetchContent依赖子构建和生成信息,构建产物，实际源码可来自用户锁定缓存,build/ramulator2/_deps,inherited-from-ancestor
build/ramulator2/_deps/nlohmann_json-src/include/nlohmann/thirdparty,directory,,0,2,build-output,FetchContent依赖子构建和生成信息,构建产物，实际源码可来自用户锁定缓存,build/ramulator2/_deps,inherited-from-ancestor
build/ramulator2/_deps/nlohmann_json-src/include/nlohmann/thirdparty/hedley,directory,,2,2,build-output,FetchContent依赖子构建和生成信息,构建产物，实际源码可来自用户锁定缓存,build/ramulator2/_deps,inherited-from-ancestor
build/ramulator2/_deps/nlohmann_json-src/single_include,directory,,0,2,build-output,FetchContent依赖子构建和生成信息,构建产物，实际源码可来自用户锁定缓存,build/ramulator2/_deps,inherited-from-ancestor
build/ramulator2/_deps/nlohmann_json-src/single_include/nlohmann,directory,,2,2,build-output,FetchContent依赖子构建和生成信息,构建产物，实际源码可来自用户锁定缓存,build/ramulator2/_deps,inherited-from-ancestor
build/ramulator2/_deps/nlohmann_json-subbuild,directory,,5,31,build-output,FetchContent依赖子构建和生成信息,构建产物，实际源码可来自用户锁定缓存,build/ramulator2/_deps,inherited-from-ancestor
build/ramulator2/_deps/nlohmann_json-subbuild/CMakeFiles,directory,,5,8,build-output,FetchContent依赖子构建和生成信息,构建产物，实际源码可来自用户锁定缓存,build/ramulator2/_deps,inherited-from-ancestor
build/ramulator2/_deps/nlohmann_json-subbuild/CMakeFiles/3.31.8,directory,,1,1,build-output,FetchContent依赖子构建和生成信息,构建产物，实际源码可来自用户锁定缓存,build/ramulator2/_deps,inherited-from-ancestor
build/ramulator2/_deps/nlohmann_json-subbuild/CMakeFiles/nlohmann_json-populate.dir,directory,,2,2,build-output,FetchContent依赖子构建和生成信息,构建产物，实际源码可来自用户锁定缓存,build/ramulator2/_deps,inherited-from-ancestor
build/ramulator2/_deps/nlohmann_json-subbuild/CMakeFiles/pkgRedirects,directory,,0,0,build-output,FetchContent依赖子构建和生成信息,构建产物，实际源码可来自用户锁定缓存,build/ramulator2/_deps,inherited-from-ancestor
build/ramulator2/_deps/nlohmann_json-subbuild/nlohmann_json-populate-prefix,directory,,0,18,build-output,FetchContent依赖子构建和生成信息,构建产物，实际源码可来自用户锁定缓存,build/ramulator2/_deps,inherited-from-ancestor
build/ramulator2/_deps/nlohmann_json-subbuild/nlohmann_json-populate-prefix/src,directory,,1,16,build-output,FetchContent依赖子构建和生成信息,构建产物，实际源码可来自用户锁定缓存,build/ramulator2/_deps,inherited-from-ancestor
build/ramulator2/_deps/nlohmann_json-subbuild/nlohmann_json-populate-prefix/src/nlohmann_json-populate-stamp,directory,,15,15,build-output,FetchContent依赖子构建和生成信息,构建产物，实际源码可来自用户锁定缓存,build/ramulator2/_deps,inherited-from-ancestor
build/ramulator2/_deps/nlohmann_json-subbuild/nlohmann_json-populate-prefix/tmp,directory,,2,2,build-output,FetchContent依赖子构建和生成信息,构建产物，实际源码可来自用户锁定缓存,build/ramulator2/_deps,inherited-from-ancestor
build/ramulator2/_deps/yaml-cpp-build,directory,,7,37,build-output,FetchContent依赖子构建和生成信息,构建产物，实际源码可来自用户锁定缓存,build/ramulator2/_deps,inherited-from-ancestor
build/ramulator2/_deps/yaml-cpp-build/CMakeFiles,directory,,0,30,build-output,FetchContent依赖子构建和生成信息,构建产物，实际源码可来自用户锁定缓存,build/ramulator2/_deps,inherited-from-ancestor
build/ramulator2/_deps/yaml-cpp-build/CMakeFiles/yaml-cpp.dir,directory,,0,30,build-output,FetchContent依赖子构建和生成信息,构建产物，实际源码可来自用户锁定缓存,build/ramulator2/_deps,inherited-from-ancestor
build/ramulator2/_deps/yaml-cpp-build/CMakeFiles/yaml-cpp.dir/src,directory,,30,30,build-output,FetchContent依赖子构建和生成信息,构建产物，实际源码可来自用户锁定缓存,build/ramulator2/_deps,inherited-from-ancestor
build/ramulator2/_deps/yaml-cpp-build/Testing,directory,,0,0,build-output,FetchContent依赖子构建和生成信息,构建产物，实际源码可来自用户锁定缓存,build/ramulator2/_deps,inherited-from-ancestor
build/ramulator2/_deps/yaml-cpp-build/Testing/Temporary,directory,,0,0,build-output,FetchContent依赖子构建和生成信息,构建产物，实际源码可来自用户锁定缓存,build/ramulator2/_deps,inherited-from-ancestor
build/ramulator2/_deps/yaml-cpp-subbuild,directory,,5,29,build-output,FetchContent依赖子构建和生成信息,构建产物，实际源码可来自用户锁定缓存,build/ramulator2/_deps,inherited-from-ancestor
build/ramulator2/_deps/yaml-cpp-subbuild/CMakeFiles,directory,,5,8,build-output,FetchContent依赖子构建和生成信息,构建产物，实际源码可来自用户锁定缓存,build/ramulator2/_deps,inherited-from-ancestor
build/ramulator2/_deps/yaml-cpp-subbuild/CMakeFiles/3.31.8,directory,,1,1,build-output,FetchContent依赖子构建和生成信息,构建产物，实际源码可来自用户锁定缓存,build/ramulator2/_deps,inherited-from-ancestor
build/ramulator2/_deps/yaml-cpp-subbuild/CMakeFiles/pkgRedirects,directory,,0,0,build-output,FetchContent依赖子构建和生成信息,构建产物，实际源码可来自用户锁定缓存,build/ramulator2/_deps,inherited-from-ancestor
build/ramulator2/_deps/yaml-cpp-subbuild/CMakeFiles/yaml-cpp-populate.dir,directory,,2,2,build-output,FetchContent依赖子构建和生成信息,构建产物，实际源码可来自用户锁定缓存,build/ramulator2/_deps,inherited-from-ancestor
build/ramulator2/_deps/yaml-cpp-subbuild/yaml-cpp-populate-prefix,directory,,0,16,build-output,FetchContent依赖子构建和生成信息,构建产物，实际源码可来自用户锁定缓存,build/ramulator2/_deps,inherited-from-ancestor
build/ramulator2/_deps/yaml-cpp-subbuild/yaml-cpp-populate-prefix/src,directory,,0,12,build-output,FetchContent依赖子构建和生成信息,构建产物，实际源码可来自用户锁定缓存,build/ramulator2/_deps,inherited-from-ancestor
build/ramulator2/_deps/yaml-cpp-subbuild/yaml-cpp-populate-prefix/src/yaml-cpp-populate-stamp,directory,,12,12,build-output,FetchContent依赖子构建和生成信息,构建产物，实际源码可来自用户锁定缓存,build/ramulator2/_deps,inherited-from-ancestor
build/ramulator2/_deps/yaml-cpp-subbuild/yaml-cpp-populate-prefix/tmp,directory,,4,4,build-output,FetchContent依赖子构建和生成信息,构建产物，实际源码可来自用户锁定缓存,build/ramulator2/_deps,inherited-from-ancestor
build/ramulator2/lib,directory,,2,2,build-output,在线native库输出,libstoragestacked_ramulator2.so,build/ramulator2/lib,manual
build/ramulator2/native-contract,directory,,1,59,build-output,原生ABI契约测试产生的配置与日志,测试输出,build/ramulator2/native-contract,manual
build/ramulator2/native-contract/fast,directory,,13,13,build-output,原生ABI契约测试产生的配置与日志,测试输出,build/ramulator2/native-contract,inherited-from-ancestor
build/ramulator2/native-contract/high_address,directory,,19,19,build-output,原生ABI契约测试产生的配置与日志,测试输出,build/ramulator2/native-contract,inherited-from-ancestor
build/ramulator2/native-contract/power_off,directory,,13,13,build-output,原生ABI契约测试产生的配置与日志,测试输出,build/ramulator2/native-contract,inherited-from-ancestor
build/ramulator2/native-contract/slow,directory,,13,13,build-output,原生ABI契约测试产生的配置与日志,测试输出,build/ramulator2/native-contract,inherited-from-ancestor
build/ramulator2/src,directory,,0,71,build-output,原生源码对应的构建产物,非维护真源,build/ramulator2/src,manual
build/ramulator2/src/ramulator,directory,,1,71,build-output,原生源码对应的构建产物,非维护真源,build/ramulator2/src,inherited-from-ancestor
build/ramulator2/src/ramulator/CMakeFiles,directory,,0,0,build-output,原生源码对应的构建产物,非维护真源,build/ramulator2/src,inherited-from-ancestor
build/ramulator2/src/ramulator/base,directory,,1,6,build-output,原生源码对应的构建产物,非维护真源,build/ramulator2/src,inherited-from-ancestor
build/ramulator2/src/ramulator/base/CMakeFiles,directory,,0,5,build-output,原生源码对应的构建产物,非维护真源,build/ramulator2/src,inherited-from-ancestor
build/ramulator2/src/ramulator/base/CMakeFiles/ramulator-base.dir,directory,,5,5,build-output,原生源码对应的构建产物,非维护真源,build/ramulator2/src,inherited-from-ancestor
build/ramulator2/src/ramulator/controller,directory,,1,38,build-output,原生源码对应的构建产物,非维护真源,build/ramulator2/src,inherited-from-ancestor
build/ramulator2/src/ramulator/controller/CMakeFiles,directory,,0,37,build-output,原生源码对应的构建产物,非维护真源,build/ramulator2/src,inherited-from-ancestor
build/ramulator2/src/ramulator/controller/CMakeFiles/ramulator-controller.dir,directory,,1,37,build-output,原生源码对应的构建产物,非维护真源,build/ramulator2/src,inherited-from-ancestor
build/ramulator2/src/ramulator/controller/CMakeFiles/ramulator-controller.dir/addr_mapper,directory,,1,6,build-output,原生源码对应的构建产物,非维护真源,build/ramulator2/src,inherited-from-ancestor
build/ramulator2/src/ramulator/controller/CMakeFiles/ramulator-controller.dir/addr_mapper/impl,directory,,5,5,build-output,原生源码对应的构建产物,非维护真源,build/ramulator2/src,inherited-from-ancestor
build/ramulator2/src/ramulator/controller/CMakeFiles/ramulator-controller.dir/impl,directory,,5,5,build-output,原生源码对应的构建产物,非维护真源,build/ramulator2/src,inherited-from-ancestor
build/ramulator2/src/ramulator/controller/CMakeFiles/ramulator-controller.dir/plugin,directory,,0,17,build-output,原生源码对应的构建产物,非维护真源,build/ramulator2/src,inherited-from-ancestor
build/ramulator2/src/ramulator/controller/CMakeFiles/ramulator-controller.dir/plugin/impl,directory,,17,17,build-output,原生源码对应的构建产物,非维护真源,build/ramulator2/src,inherited-from-ancestor
build/ramulator2/src/ramulator/controller/CMakeFiles/ramulator-controller.dir/refresh,directory,,0,4,build-output,原生源码对应的构建产物,非维护真源,build/ramulator2/src,inherited-from-ancestor
build/ramulator2/src/ramulator/controller/CMakeFiles/ramulator-controller.dir/refresh/impl,directory,,4,4,build-output,原生源码对应的构建产物,非维护真源,build/ramulator2/src,inherited-from-ancestor
build/ramulator2/src/ramulator/controller/CMakeFiles/ramulator-controller.dir/rowpolicy,directory,,0,2,build-output,原生源码对应的构建产物,非维护真源,build/ramulator2/src,inherited-from-ancestor
build/ramulator2/src/ramulator/controller/CMakeFiles/ramulator-controller.dir/rowpolicy/impl,directory,,2,2,build-output,原生源码对应的构建产物,非维护真源,build/ramulator2/src,inherited-from-ancestor
build/ramulator2/src/ramulator/controller/CMakeFiles/ramulator-controller.dir/scheduler,directory,,0,2,build-output,原生源码对应的构建产物,非维护真源,build/ramulator2/src,inherited-from-ancestor
build/ramulator2/src/ramulator/controller/CMakeFiles/ramulator-controller.dir/scheduler/impl,directory,,2,2,build-output,原生源码对应的构建产物,非维护真源,build/ramulator2/src,inherited-from-ancestor
build/ramulator2/src/ramulator/dram,directory,,1,8,build-output,原生源码对应的构建产物,非维护真源,build/ramulator2/src,inherited-from-ancestor
build/ramulator2/src/ramulator/dram/CMakeFiles,directory,,0,7,build-output,原生源码对应的构建产物,非维护真源,build/ramulator2/src,inherited-from-ancestor
build/ramulator2/src/ramulator/dram/CMakeFiles/ramulator-dram.dir,directory,,3,7,build-output,原生源码对应的构建产物,非维护真源,build/ramulator2/src,inherited-from-ancestor
build/ramulator2/src/ramulator/dram/CMakeFiles/ramulator-dram.dir/impl,directory,,4,4,build-output,原生源码对应的构建产物,非维护真源,build/ramulator2/src,inherited-from-ancestor
build/ramulator2/src/ramulator/frontend,directory,,1,11,build-output,原生源码对应的构建产物,非维护真源,build/ramulator2/src,inherited-from-ancestor
build/ramulator2/src/ramulator/frontend/CMakeFiles,directory,,0,10,build-output,原生源码对应的构建产物,非维护真源,build/ramulator2/src,inherited-from-ancestor
build/ramulator2/src/ramulator/frontend/CMakeFiles/ramulator-frontend.dir,directory,,0,10,build-output,原生源码对应的构建产物,非维护真源,build/ramulator2/src,inherited-from-ancestor
build/ramulator2/src/ramulator/frontend/CMakeFiles/ramulator-frontend.dir/impl,directory,,1,10,build-output,原生源码对应的构建产物,非维护真源,build/ramulator2/src,inherited-from-ancestor
build/ramulator2/src/ramulator/frontend/CMakeFiles/ramulator-frontend.dir/impl/memory_trace,directory,,3,3,build-output,原生源码对应的构建产物,非维护真源,build/ramulator2/src,inherited-from-ancestor
build/ramulator2/src/ramulator/frontend/CMakeFiles/ramulator-frontend.dir/impl/processor,directory,,0,6,build-output,原生源码对应的构建产物,非维护真源,build/ramulator2/src,inherited-from-ancestor
build/ramulator2/src/ramulator/frontend/CMakeFiles/ramulator-frontend.dir/impl/processor/bhO3,directory,,3,3,build-output,原生源码对应的构建产物,非维护真源,build/ramulator2/src,inherited-from-ancestor
build/ramulator2/src/ramulator/frontend/CMakeFiles/ramulator-frontend.dir/impl/processor/simpleO3,directory,,3,3,build-output,原生源码对应的构建产物,非维护真源,build/ramulator2/src,inherited-from-ancestor
build/ramulator2/src/ramulator/memory_system,directory,,1,5,build-output,原生源码对应的构建产物,非维护真源,build/ramulator2/src,inherited-from-ancestor
build/ramulator2/src/ramulator/memory_system/CMakeFiles,directory,,0,4,build-output,原生源码对应的构建产物,非维护真源,build/ramulator2/src,inherited-from-ancestor
build/ramulator2/src/ramulator/memory_system/CMakeFiles/ramulator-memorysystem.dir,directory,,0,4,build-output,原生源码对应的构建产物,非维护真源,build/ramulator2/src,inherited-from-ancestor
build/ramulator2/src/ramulator/memory_system/CMakeFiles/ramulator-memorysystem.dir/channel_mapper,directory,,0,3,build-output,原生源码对应的构建产物,非维护真源,build/ramulator2/src,inherited-from-ancestor
build/ramulator2/src/ramulator/memory_system/CMakeFiles/ramulator-memorysystem.dir/channel_mapper/impl,directory,,3,3,build-output,原生源码对应的构建产物,非维护真源,build/ramulator2/src,inherited-from-ancestor
build/ramulator2/src/ramulator/memory_system/CMakeFiles/ramulator-memorysystem.dir/impl,directory,,1,1,build-output,原生源码对应的构建产物,非维护真源,build/ramulator2/src,inherited-from-ancestor
build/ramulator2/src/ramulator/translation,directory,,1,2,build-output,原生源码对应的构建产物,非维护真源,build/ramulator2/src,inherited-from-ancestor
build/ramulator2/src/ramulator/translation/CMakeFiles,directory,,0,1,build-output,原生源码对应的构建产物,非维护真源,build/ramulator2/src,inherited-from-ancestor
build/ramulator2/src/ramulator/translation/CMakeFiles/ramulator-translation.dir,directory,,0,1,build-output,原生源码对应的构建产物,非维护真源,build/ramulator2/src,inherited-from-ancestor
build/ramulator2/src/ramulator/translation/CMakeFiles/ramulator-translation.dir/impl,directory,,1,1,build-output,原生源码对应的构建产物,非维护真源,build/ramulator2/src,inherited-from-ancestor
build/xpu,directory,,1,1,build-output,为整机运行暂存NPU kernel,当前ddr_touch.elf,build/xpu,manual
coralnpu,directory,,19,1087,main-source-tree,NPU 硬件设计与 RTL 仿真工具,普通主仓库源码,coralnpu,manual
coralnpu/.githooks,directory,,1,1,main-source-tree,开发Git hooks,开发基础设施,coralnpu/.githooks,manual
coralnpu/.github,directory,,0,3,main-source-tree,上游CI,开发基础设施,coralnpu/.github,manual
coralnpu/.github/workflows,directory,,3,3,main-source-tree,上游CI,开发基础设施,coralnpu/.github,inherited-from-ancestor
coralnpu/bazel-bin,directory-symlink,/home/vscode/.local/share/storagestacked-unified/bazel/3baf0b0aa115c9eb5c34e41123b6c6ce/execroot/coralnpu_hw/bazel-out/k8-fastbuild/bin,,,external-build-symlink,指向Bazel生成binary的符号链接,当前C ABI库和kernel输出位置,coralnpu/bazel-bin,manual
coralnpu/bazel-coralnpu,directory-symlink,/home/vscode/.local/share/storagestacked-unified/bazel/3baf0b0aa115c9eb5c34e41123b6c6ce/execroot/coralnpu_hw,,,external-build-symlink,指向Bazel execroot的符号链接,执行根/外部依赖树，不递归扫描,coralnpu/bazel-coralnpu,manual
coralnpu/bazel-out,directory-symlink,/home/vscode/.local/share/storagestacked-unified/bazel/3baf0b0aa115c9eb5c34e41123b6c6ce/execroot/coralnpu_hw/bazel-out,,,external-build-symlink,指向Bazel全部构建输出的符号链接,外部缓存，不递归扫描,coralnpu/bazel-out,manual
coralnpu/bazel-testlogs,directory-symlink,/home/vscode/.local/share/storagestacked-unified/bazel/3baf0b0aa115c9eb5c34e41123b6c6ce/execroot/coralnpu_hw/bazel-out/k8-fastbuild/testlogs,,,external-build-symlink,指向Bazel测试日志的符号链接,外部缓存，不递归扫描,coralnpu/bazel-testlogs,manual
coralnpu/coralnpu_test_utils,directory,,17,17,main-source-tree,测试公共设施,测试,coralnpu/coralnpu_test_utils,manual
coralnpu/doc,directory,,3,26,main-source-tree,微架构、软件、外设、教程和图片,文档,coralnpu/doc,manual
coralnpu/doc/images,directory,,12,12,main-source-tree,微架构、软件、外设、教程和图片,文档,coralnpu/doc,inherited-from-ancestor
coralnpu/doc/microarch,directory,,7,7,main-source-tree,微架构、软件、外设、教程和图片,文档,coralnpu/doc,inherited-from-ancestor
coralnpu/doc/peripherals,directory,,1,1,main-source-tree,微架构、软件、外设、教程和图片,文档,coralnpu/doc,inherited-from-ancestor
coralnpu/doc/sw,directory,,1,1,main-source-tree,微架构、软件、外设、教程和图片,文档,coralnpu/doc,inherited-from-ancestor
coralnpu/doc/tutorials,directory,,2,2,main-source-tree,微架构、软件、外设、教程和图片,文档,coralnpu/doc,inherited-from-ancestor
coralnpu/examples,directory,,3,3,main-source-tree,bare-metal示例工作负载,示例,coralnpu/examples,manual
coralnpu/fpga,directory,,23,133,main-source-tree,独立FPGA演示和平台工程,当前gem5联合仿真未走此路径,coralnpu/fpga,manual
coralnpu/fpga/ip,directory,,0,57,main-source-tree,FPGA IP集成资源,独立平台,coralnpu/fpga/ip,manual
coralnpu/fpga/ip/coralnpu_chisel_subsystem_default,directory,,2,2,main-source-tree,FPGA IP集成资源,独立平台,coralnpu/fpga/ip,inherited-from-ancestor
coralnpu/fpga/ip/coralnpu_chisel_subsystem_highmem,directory,,2,2,main-source-tree,FPGA IP集成资源,独立平台,coralnpu/fpga/ip,inherited-from-ancestor
coralnpu/fpga/ip/coralnpu_tlul,directory,,4,4,main-source-tree,FPGA IP集成资源,独立平台,coralnpu/fpga/ip,inherited-from-ancestor
coralnpu/fpga/ip/ddr4_stub,directory,,3,4,main-source-tree,FPGA IP集成资源,独立平台,coralnpu/fpga/ip,inherited-from-ancestor
coralnpu/fpga/ip/ddr4_stub/rtl,directory,,1,1,main-source-tree,FPGA IP集成资源,独立平台,coralnpu/fpga/ip,inherited-from-ancestor
coralnpu/fpga/ip/display_dpi,directory,,4,4,main-source-tree,FPGA IP集成资源,独立平台,coralnpu/fpga/ip,inherited-from-ancestor
coralnpu/fpga/ip/gpio_dpi,directory,,4,4,main-source-tree,FPGA IP集成资源,独立平台,coralnpu/fpga/ip,inherited-from-ancestor
coralnpu/fpga/ip/hm01b0_model,directory,,2,2,main-source-tree,FPGA IP集成资源,独立平台,coralnpu/fpga/ip,inherited-from-ancestor
coralnpu/fpga/ip/i2c_master,directory,,9,9,main-source-tree,FPGA IP集成资源,独立平台,coralnpu/fpga/ip,inherited-from-ancestor
coralnpu/fpga/ip/ispyocto,directory,,4,18,main-source-tree,FPGA IP集成资源,独立平台,coralnpu/fpga/ip,inherited-from-ancestor
coralnpu/fpga/ip/ispyocto/dv,directory,,0,1,main-source-tree,FPGA IP集成资源,独立平台,coralnpu/fpga/ip,inherited-from-ancestor
coralnpu/fpga/ip/ispyocto/dv/camera_model,directory,,1,1,main-source-tree,FPGA IP集成资源,独立平台,coralnpu/fpga/ip,inherited-from-ancestor
coralnpu/fpga/ip/ispyocto/lint,directory,,1,1,main-source-tree,FPGA IP集成资源,独立平台,coralnpu/fpga/ip,inherited-from-ancestor
coralnpu/fpga/ip/ispyocto/rtl,directory,,12,12,main-source-tree,FPGA IP集成资源,独立平台,coralnpu/fpga/ip,inherited-from-ancestor
coralnpu/fpga/ip/s25fl512s_dpi,directory,,4,4,main-source-tree,FPGA IP集成资源,独立平台,coralnpu/fpga/ip,inherited-from-ancestor
coralnpu/fpga/ip/spi_dpi_master,directory,,4,4,main-source-tree,FPGA IP集成资源,独立平台,coralnpu/fpga/ip,inherited-from-ancestor
coralnpu/fpga/nexus,directory,,1,1,main-source-tree,Nexus FPGA平台工程,独立平台,coralnpu/fpga/nexus,manual
coralnpu/fpga/rtl,directory,,10,10,main-source-tree,FPGA平台RTL,独立平台,coralnpu/fpga/rtl,manual
coralnpu/fpga/sw,directory,,36,42,main-source-tree,FPGA软件,独立平台,coralnpu/fpga/sw,manual
coralnpu/fpga/sw/rom_boot,directory,,6,6,main-source-tree,FPGA软件,独立平台,coralnpu/fpga/sw,inherited-from-ancestor
coralnpu/gem5int,directory,,6,9,main-source-tree,Bazel的C ABI package及验收kernel规则,ABI副本由gem5_new/coralnpuint刷新,coralnpu/gem5int,manual
coralnpu/gem5int/hettrace,directory,,3,3,main-source-tree,安装的共享trace头副本,构建副本,coralnpu/gem5int/hettrace,manual
coralnpu/hdl,directory,,0,343,main-source-tree,NPU硬件设计,硬件源码,coralnpu/hdl,manual
coralnpu/hdl/chisel,directory,,1,143,main-source-tree,Chisel/Scala硬件设计入口,经Bazel/firtool生成RTL,coralnpu/hdl/chisel,manual
coralnpu/hdl/chisel/src,directory,,1,142,main-source-tree,Chisel/Scala硬件设计入口,经Bazel/firtool生成RTL,coralnpu/hdl/chisel,inherited-from-ancestor
coralnpu/hdl/chisel/src/bus,directory,,34,34,main-source-tree,AXI等总线结构和公共逻辑,硬件互连,coralnpu/hdl/chisel/src/bus,manual
coralnpu/hdl/chisel/src/common,directory,,36,36,main-source-tree,通用硬件模块,公共硬件层,coralnpu/hdl/chisel/src/common,manual
coralnpu/hdl/chisel/src/coralnpu,directory,,30,60,main-source-tree,NPU core、AXI桥、TCM和计算集成,CoreMiniAxi等顶层来源,coralnpu/hdl/chisel/src/coralnpu,manual
coralnpu/hdl/chisel/src/coralnpu/float,directory,,2,2,main-source-tree,浮点运算相关模块,核内计算,coralnpu/hdl/chisel/src/coralnpu/float,manual
coralnpu/hdl/chisel/src/coralnpu/prod,directory,,1,1,main-source-tree,产品/生产配置相关硬件设计,顶层配置决定参与范围,coralnpu/hdl/chisel/src/coralnpu/prod,manual
coralnpu/hdl/chisel/src/coralnpu/rvv,directory,,5,5,main-source-tree,RISC-V向量扩展相关设计,是否启用由所选顶层参数确定,coralnpu/hdl/chisel/src/coralnpu/rvv,manual
coralnpu/hdl/chisel/src/coralnpu/scalar,directory,,22,22,main-source-tree,标量指令和执行模块,核内计算,coralnpu/hdl/chisel/src/coralnpu/scalar,manual
coralnpu/hdl/chisel/src/peripherals,directory,,3,3,main-source-tree,外围设备硬件,SoC/平台相关,coralnpu/hdl/chisel/src/peripherals,manual
coralnpu/hdl/chisel/src/soc,directory,,8,8,main-source-tree,SoC顶层集成,当前设备库不等于完整独立SoC执行,coralnpu/hdl/chisel/src/soc,manual
coralnpu/hdl/verilog,directory,,10,200,main-source-tree,手写/引入Verilog设计,RTL源码,coralnpu/hdl/verilog,manual
coralnpu/hdl/verilog/rvv,directory,,2,190,main-source-tree,向量RTL实现,按构建选择,coralnpu/hdl/verilog/rvv,manual
coralnpu/hdl/verilog/rvv/com,directory,,2,2,main-source-tree,向量RTL实现,按构建选择,coralnpu/hdl/verilog/rvv,inherited-from-ancestor
coralnpu/hdl/verilog/rvv/common,directory,,21,21,main-source-tree,向量RTL实现,按构建选择,coralnpu/hdl/verilog/rvv,inherited-from-ancestor
coralnpu/hdl/verilog/rvv/design,directory,,58,76,main-source-tree,向量RTL实现,按构建选择,coralnpu/hdl/verilog/rvv,inherited-from-ancestor
coralnpu/hdl/verilog/rvv/design/Zvt,directory,,18,18,main-source-tree,向量RTL实现,按构建选择,coralnpu/hdl/verilog/rvv,inherited-from-ancestor
coralnpu/hdl/verilog/rvv/inc,directory,,10,10,main-source-tree,向量RTL实现,按构建选择,coralnpu/hdl/verilog/rvv,inherited-from-ancestor
coralnpu/hdl/verilog/rvv/sve,directory,,0,79,main-source-tree,向量RTL实现,按构建选择,coralnpu/hdl/verilog/rvv,inherited-from-ancestor
coralnpu/hdl/verilog/rvv/sve/rvv_backend_tb,directory,,5,51,main-source-tree,向量RTL实现,按构建选择,coralnpu/hdl/verilog/rvv,inherited-from-ancestor
coralnpu/hdl/verilog/rvv/sve/rvv_backend_tb/coverage,directory,,0,8,main-source-tree,向量RTL实现,按构建选择,coralnpu/hdl/verilog/rvv,inherited-from-ancestor
coralnpu/hdl/verilog/rvv/sve/rvv_backend_tb/coverage/rvv_backend_i3rp6,directory,,8,8,main-source-tree,向量RTL实现,按构建选择,coralnpu/hdl/verilog/rvv,inherited-from-ancestor
coralnpu/hdl/verilog/rvv/sve/rvv_backend_tb/env,directory,,3,3,main-source-tree,向量RTL实现,按构建选择,coralnpu/hdl/verilog/rvv,inherited-from-ancestor
coralnpu/hdl/verilog/rvv/sve/rvv_backend_tb/hdl,directory,,2,2,main-source-tree,向量RTL实现,按构建选择,coralnpu/hdl/verilog/rvv,inherited-from-ancestor
coralnpu/hdl/verilog/rvv/sve/rvv_backend_tb/include,directory,,7,7,main-source-tree,向量RTL实现,按构建选择,coralnpu/hdl/verilog/rvv,inherited-from-ancestor
coralnpu/hdl/verilog/rvv/sve/rvv_backend_tb/src,directory,,22,22,main-source-tree,向量RTL实现,按构建选择,coralnpu/hdl/verilog/rvv,inherited-from-ancestor
coralnpu/hdl/verilog/rvv/sve/rvv_backend_tb/tests,directory,,4,4,main-source-tree,向量RTL实现,按构建选择,coralnpu/hdl/verilog/rvv,inherited-from-ancestor
coralnpu/hdl/verilog/rvv/sve/rvv_fifo_tb,directory,,1,28,main-source-tree,向量RTL实现,按构建选择,coralnpu/hdl/verilog/rvv,inherited-from-ancestor
coralnpu/hdl/verilog/rvv/sve/rvv_fifo_tb/env,directory,,3,3,main-source-tree,向量RTL实现,按构建选择,coralnpu/hdl/verilog/rvv,inherited-from-ancestor
coralnpu/hdl/verilog/rvv/sve/rvv_fifo_tb/hdl,directory,,1,1,main-source-tree,向量RTL实现,按构建选择,coralnpu/hdl/verilog/rvv,inherited-from-ancestor
coralnpu/hdl/verilog/rvv/sve/rvv_fifo_tb/include,directory,,4,4,main-source-tree,向量RTL实现,按构建选择,coralnpu/hdl/verilog/rvv,inherited-from-ancestor
coralnpu/hdl/verilog/rvv/sve/rvv_fifo_tb/src,directory,,17,17,main-source-tree,向量RTL实现,按构建选择,coralnpu/hdl/verilog/rvv,inherited-from-ancestor
coralnpu/hdl/verilog/rvv/sve/rvv_fifo_tb/tests,directory,,2,2,main-source-tree,向量RTL实现,按构建选择,coralnpu/hdl/verilog/rvv,inherited-from-ancestor
coralnpu/hw_sim,directory,,10,10,main-source-tree,CoreMiniAxi wrapper、AXI/clock primitives、ELF与硬件仿真辅助,延迟gem5完成后才向RTL注入R/B,coralnpu/hw_sim,manual
coralnpu/lib,directory,,1,1,main-source-tree,Chisel Scala依赖聚合及外部RTL资源打包规则,当前目录是BUILD规则，不是NPU动态库输出目录,coralnpu/lib,manual
coralnpu/platforms,directory,,1,3,main-source-tree,Bazel目标平台约束,编译平台选择,coralnpu/platforms,manual
coralnpu/platforms/cpu,directory,,1,1,main-source-tree,CPU平台约束,构建期,coralnpu/platforms/cpu,manual
coralnpu/platforms/os,directory,,1,1,main-source-tree,OS平台约束,构建期,coralnpu/platforms/os,manual
coralnpu/rules,directory,,24,26,main-source-tree,Chisel、Verilator、Cocotb、VCS、链接、依赖等Bazel规则,构建工具，不是设备周期逻辑,coralnpu/rules,manual
coralnpu/rules/lint,directory,,2,2,main-source-tree,lint规则和资源,静态检查,coralnpu/rules/lint,manual
coralnpu/sw,directory,,0,32,main-source-tree,模型软件接口、优化算子与加载辅助,软件层,coralnpu/sw,manual
coralnpu/sw/coralnpu_sim,directory,,4,4,main-source-tree,Python模拟器binding及工具,独立开发能力，当前gem5加载C ABI设备库,coralnpu/sw/coralnpu_sim,manual
coralnpu/sw/opt,directory,,2,20,main-source-tree,RVV/ML算子优化,算子软件源码,coralnpu/sw/opt,manual
coralnpu/sw/opt/litert-micro,directory,,13,18,main-source-tree,卷积、全连接、池化等LiteRT Micro优化实现,独立算子能力，当前ddr_touch不是完整模型推理,coralnpu/sw/opt/litert-micro,manual
coralnpu/sw/opt/litert-micro/test,directory,,5,5,main-source-tree,卷积、全连接、池化等LiteRT Micro优化实现,独立算子能力，当前ddr_touch不是完整模型推理,coralnpu/sw/opt/litert-micro,inherited-from-ancestor
coralnpu/sw/utils,directory,,3,8,main-source-tree,软件加载辅助,开发工具,coralnpu/sw/utils,manual
coralnpu/sw/utils/nexus_loader,directory,,5,5,main-source-tree,软件加载辅助,开发工具,coralnpu/sw/utils,inherited-from-ancestor
coralnpu/tests,directory,,0,318,main-source-tree,多种NPU验证框架,组件验证,coralnpu/tests,manual
coralnpu/tests/cocotb,directory,,51,243,main-source-tree,Python驱动RTL验证,独立测试,coralnpu/tests/cocotb,manual
coralnpu/tests/cocotb/coralnpu_isa,directory,,3,3,main-source-tree,Python驱动RTL验证,独立测试,coralnpu/tests/cocotb,inherited-from-ancestor
coralnpu/tests/cocotb/csr_test,directory,,3,3,main-source-tree,Python驱动RTL验证,独立测试,coralnpu/tests/cocotb,inherited-from-ancestor
coralnpu/tests/cocotb/exceptions,directory,,10,10,main-source-tree,Python驱动RTL验证,独立测试,coralnpu/tests/cocotb,inherited-from-ancestor
coralnpu/tests/cocotb/freertos_app,directory,,2,2,main-source-tree,Python驱动RTL验证,独立测试,coralnpu/tests/cocotb,inherited-from-ancestor
coralnpu/tests/cocotb/riscv-dv,directory,,8,8,main-source-tree,Python驱动RTL验证,独立测试,coralnpu/tests/cocotb,inherited-from-ancestor
coralnpu/tests/cocotb/rvv,directory,,17,118,main-source-tree,Python驱动RTL验证,独立测试,coralnpu/tests/cocotb,inherited-from-ancestor
coralnpu/tests/cocotb/rvv/arithmetics,directory,,11,11,main-source-tree,Python驱动RTL验证,独立测试,coralnpu/tests/cocotb,inherited-from-ancestor
coralnpu/tests/cocotb/rvv/load_store,directory,,56,56,main-source-tree,Python驱动RTL验证,独立测试,coralnpu/tests/cocotb,inherited-from-ancestor
coralnpu/tests/cocotb/rvv/ml_ops,directory,,8,30,main-source-tree,Python驱动RTL验证,独立测试,coralnpu/tests/cocotb,inherited-from-ancestor
coralnpu/tests/cocotb/rvv/ml_ops/gemma_kernels,directory,,11,15,main-source-tree,Python驱动RTL验证,独立测试,coralnpu/tests/cocotb,inherited-from-ancestor
coralnpu/tests/cocotb/rvv/ml_ops/gemma_kernels/cocotb_tests,directory,,4,4,main-source-tree,Python驱动RTL验证,独立测试,coralnpu/tests/cocotb,inherited-from-ancestor
coralnpu/tests/cocotb/rvv/ml_ops/static_reference_tests,directory,,7,7,main-source-tree,Python驱动RTL验证,独立测试,coralnpu/tests/cocotb,inherited-from-ancestor
coralnpu/tests/cocotb/rvv/rvv_opt,directory,,4,4,main-source-tree,Python驱动RTL验证,独立测试,coralnpu/tests/cocotb,inherited-from-ancestor
coralnpu/tests/cocotb/tlul,directory,,18,18,main-source-tree,Python驱动RTL验证,独立测试,coralnpu/tests/cocotb,inherited-from-ancestor
coralnpu/tests/cocotb/tutorial,directory,,6,27,main-source-tree,Python驱动RTL验证,独立测试,coralnpu/tests/cocotb,inherited-from-ancestor
coralnpu/tests/cocotb/tutorial/counters,directory,,4,4,main-source-tree,Python驱动RTL验证,独立测试,coralnpu/tests/cocotb,inherited-from-ancestor
coralnpu/tests/cocotb/tutorial/tfmicro,directory,,15,17,main-source-tree,Python驱动RTL验证,独立测试,coralnpu/tests/cocotb,inherited-from-ancestor
coralnpu/tests/cocotb/tutorial/tfmicro/models,directory,,2,2,main-source-tree,Python驱动RTL验证,独立测试,coralnpu/tests/cocotb,inherited-from-ancestor
coralnpu/tests/cocotb/vme_test,directory,,3,3,main-source-tree,Python驱动RTL验证,独立测试,coralnpu/tests/cocotb,inherited-from-ancestor
coralnpu/tests/npusim_examples,directory,,3,3,main-source-tree,NPU模拟器示例测试,独立测试,coralnpu/tests/npusim_examples,manual
coralnpu/tests/systemc,directory,,4,4,main-source-tree,上游独立SystemC测试,不向整机引入第二套SystemC,coralnpu/tests/systemc,manual
coralnpu/tests/uvm,directory,,4,42,main-source-tree,UVM环境,独立验证,coralnpu/tests/uvm,manual
coralnpu/tests/uvm/common,directory,,1,35,main-source-tree,UVM环境,独立验证,coralnpu/tests/uvm,inherited-from-ancestor
coralnpu/tests/uvm/common/coralnpu_axi_master,directory,,2,2,main-source-tree,UVM环境,独立验证,coralnpu/tests/uvm,inherited-from-ancestor
coralnpu/tests/uvm/common/coralnpu_axi_slave,directory,,2,2,main-source-tree,UVM环境,独立验证,coralnpu/tests/uvm,inherited-from-ancestor
coralnpu/tests/uvm/common/coralnpu_irq,directory,,2,2,main-source-tree,UVM环境,独立验证,coralnpu/tests/uvm,inherited-from-ancestor
coralnpu/tests/uvm/common/cosim,directory,,5,5,main-source-tree,UVM环境,独立验证,coralnpu/tests/uvm,inherited-from-ancestor
coralnpu/tests/uvm/common/rvvi_agent,directory,,22,22,main-source-tree,UVM环境,独立验证,coralnpu/tests/uvm,inherited-from-ancestor
coralnpu/tests/uvm/common/transaction_item,directory,,1,1,main-source-tree,UVM环境,独立验证,coralnpu/tests/uvm,inherited-from-ancestor
coralnpu/tests/uvm/env,directory,,1,1,main-source-tree,UVM环境,独立验证,coralnpu/tests/uvm,inherited-from-ancestor
coralnpu/tests/uvm/tb,directory,,1,1,main-source-tree,UVM环境,独立验证,coralnpu/tests/uvm,inherited-from-ancestor
coralnpu/tests/uvm/tests,directory,,1,1,main-source-tree,UVM环境,独立验证,coralnpu/tests/uvm,inherited-from-ancestor
coralnpu/tests/vcs_sim,directory,,3,3,main-source-tree,VCS仿真环境,独立验证,coralnpu/tests/vcs_sim,manual
coralnpu/tests/verilator_sim,directory,,8,23,main-source-tree,Verilator独立仿真与测试,当前设备库也使用Verilator生成模型,coralnpu/tests/verilator_sim,manual
coralnpu/tests/verilator_sim/coralnpu,directory,,15,15,main-source-tree,Verilator独立仿真与测试,当前设备库也使用Verilator生成模型,coralnpu/tests/verilator_sim,inherited-from-ancestor
coralnpu/third_party,directory,,6,87,main-source-tree,RTL、RISC-V、仿真、编译、OS和ML依赖的Bazel规则/资源/补丁,许多目录是声明/资源，不等于依赖全源码或整机已启用,coralnpu/third_party,manual
coralnpu/third_party/RVVI,directory,,2,2,main-source-tree,RTL、RISC-V、仿真、编译、OS和ML依赖的Bazel规则/资源/补丁,许多目录是声明/资源，不等于依赖全源码或整机已启用,coralnpu/third_party,inherited-from-ancestor
coralnpu/third_party/common_cells,directory,,1,1,main-source-tree,RTL、RISC-V、仿真、编译、OS和ML依赖的Bazel规则/资源/补丁,许多目录是声明/资源，不等于依赖全源码或整机已启用,coralnpu/third_party,inherited-from-ancestor
coralnpu/third_party/coralnpu_mpact,directory,,4,4,main-source-tree,RTL、RISC-V、仿真、编译、OS和ML依赖的Bazel规则/资源/补丁,许多目录是声明/资源，不等于依赖全源码或整机已启用,coralnpu/third_party,inherited-from-ancestor
coralnpu/third_party/cvfpu,directory,,7,7,main-source-tree,RTL、RISC-V、仿真、编译、OS和ML依赖的Bazel规则/资源/补丁,许多目录是声明/资源，不等于依赖全源码或整机已启用,coralnpu/third_party,inherited-from-ancestor
coralnpu/third_party/fpu_div_sqrt_mvp,directory,,1,1,main-source-tree,RTL、RISC-V、仿真、编译、OS和ML依赖的Bazel规则/资源/补丁,许多目录是声明/资源，不等于依赖全源码或整机已启用,coralnpu/third_party,inherited-from-ancestor
coralnpu/third_party/freertos,directory,,2,4,main-source-tree,RTL、RISC-V、仿真、编译、OS和ML依赖的Bazel规则/资源/补丁,许多目录是声明/资源，不等于依赖全源码或整机已启用,coralnpu/third_party,inherited-from-ancestor
coralnpu/third_party/freertos/config,directory,,2,2,main-source-tree,RTL、RISC-V、仿真、编译、OS和ML依赖的Bazel规则/资源/补丁,许多目录是声明/资源，不等于依赖全源码或整机已启用,coralnpu/third_party,inherited-from-ancestor
coralnpu/third_party/libsystemctlm-soc,directory,,2,2,main-source-tree,RTL、RISC-V、仿真、编译、OS和ML依赖的Bazel规则/资源/补丁,许多目录是声明/资源，不等于依赖全源码或整机已启用,coralnpu/third_party,inherited-from-ancestor
coralnpu/third_party/llvm-firtool,directory,,3,3,main-source-tree,RTL、RISC-V、仿真、编译、OS和ML依赖的Bazel规则/资源/补丁,许多目录是声明/资源，不等于依赖全源码或整机已启用,coralnpu/third_party,inherited-from-ancestor
coralnpu/third_party/patches,directory,,2,2,main-source-tree,上游第三方依赖补丁,与内部CoralNPU基础适配区分,coralnpu/third_party/patches,manual
coralnpu/third_party/python,directory,,2,2,main-source-tree,Python依赖声明与规则,构建/测试辅助,coralnpu/third_party/python,manual
coralnpu/third_party/riscv-tests,directory,,3,7,main-source-tree,RTL、RISC-V、仿真、编译、OS和ML依赖的Bazel规则/资源/补丁,许多目录是声明/资源，不等于依赖全源码或整机已启用,coralnpu/third_party,inherited-from-ancestor
coralnpu/third_party/riscv-tests/env,directory,,0,4,main-source-tree,RTL、RISC-V、仿真、编译、OS和ML依赖的Bazel规则/资源/补丁,许多目录是声明/资源，不等于依赖全源码或整机已启用,coralnpu/third_party,inherited-from-ancestor
coralnpu/third_party/riscv-tests/env/p,directory,,1,1,main-source-tree,RTL、RISC-V、仿真、编译、OS和ML依赖的Bazel规则/资源/补丁,许多目录是声明/资源，不等于依赖全源码或整机已启用,coralnpu/third_party,inherited-from-ancestor
coralnpu/third_party/riscv-tests/env/v,directory,,3,3,main-source-tree,RTL、RISC-V、仿真、编译、OS和ML依赖的Bazel规则/资源/补丁,许多目录是声明/资源，不等于依赖全源码或整机已启用,coralnpu/third_party,inherited-from-ancestor
coralnpu/third_party/rocket_chip,directory,,1,1,main-source-tree,RTL、RISC-V、仿真、编译、OS和ML依赖的Bazel规则/资源/补丁,许多目录是声明/资源，不等于依赖全源码或整机已启用,coralnpu/third_party,inherited-from-ancestor
coralnpu/third_party/rules_foreign_cc,directory,,2,2,main-source-tree,RTL、RISC-V、仿真、编译、OS和ML依赖的Bazel规则/资源/补丁,许多目录是声明/资源，不等于依赖全源码或整机已启用,coralnpu/third_party,inherited-from-ancestor
coralnpu/third_party/rules_hdl,directory,,19,19,main-source-tree,RTL、RISC-V、仿真、编译、OS和ML依赖的Bazel规则/资源/补丁,许多目录是声明/资源，不等于依赖全源码或整机已启用,coralnpu/third_party,inherited-from-ancestor
coralnpu/third_party/spike,directory,,6,6,main-source-tree,RTL、RISC-V、仿真、编译、OS和ML依赖的Bazel规则/资源/补丁,许多目录是声明/资源，不等于依赖全源码或整机已启用,coralnpu/third_party,inherited-from-ancestor
coralnpu/third_party/srecord,directory,,3,3,main-source-tree,RTL、RISC-V、仿真、编译、OS和ML依赖的Bazel规则/资源/补丁,许多目录是声明/资源，不等于依赖全源码或整机已启用,coralnpu/third_party,inherited-from-ancestor
coralnpu/third_party/systemc,directory,,2,2,main-source-tree,上游可选SystemC依赖规则,当前native_cpp设备库不链接另一套SystemC,coralnpu/third_party/systemc,manual
coralnpu/third_party/tflite-micro,directory,,3,3,main-source-tree,RTL、RISC-V、仿真、编译、OS和ML依赖的Bazel规则/资源/补丁,许多目录是声明/资源，不等于依赖全源码或整机已启用,coralnpu/third_party,inherited-from-ancestor
coralnpu/third_party/waveshare_display,directory,,10,10,main-source-tree,RTL、RISC-V、仿真、编译、OS和ML依赖的Bazel规则/资源/补丁,许多目录是声明/资源，不等于依赖全源码或整机已启用,coralnpu/third_party,inherited-from-ancestor
coralnpu/toolchain,directory,,3,37,main-source-tree,目标工具链规则、启动代码和包装工具,NPU工作负载构建,coralnpu/toolchain,manual
coralnpu/toolchain/build_scripts,directory,,3,3,main-source-tree,工具链构建脚本,构建辅助,coralnpu/toolchain/build_scripts,manual
coralnpu/toolchain/crt,directory,,7,7,main-source-tree,bare-metal启动/运行时基础,kernel入口支持,coralnpu/toolchain/crt,manual
coralnpu/toolchain/host_clang,directory,,1,10,main-source-tree,host clang选择/规则,构建辅助,coralnpu/toolchain/host_clang,manual
coralnpu/toolchain/host_clang/wrappers,directory,,9,9,main-source-tree,host clang选择/规则,构建辅助,coralnpu/toolchain/host_clang,inherited-from-ancestor
coralnpu/toolchain/wrappers,directory,,14,14,main-source-tree,编译工具包装,构建辅助,coralnpu/toolchain/wrappers,manual
coralnpu/utils,directory,,14,19,main-source-tree,SoC loader等开发辅助,工具,coralnpu/utils,manual
coralnpu/utils/coralnpu_soc_loader,directory,,5,5,main-source-tree,SoC加载工具,独立平台工具,coralnpu/utils/coralnpu_soc_loader,manual
docs,directory,,6,38,documentation,系统安装、维护、源码归属、后端契约和验收说明,文档,docs,manual
docs/code-reading,directory,,19,32,documentation,架构、接口、源码职责、文件与目录索引,09为当前系统，10为当前目录解读，01—08保留此前分析,docs/code-reading,manual
docs/code-reading/inventory,directory,,13,13,documentation,初始静态扫描的symbols/includes等索引,静态材料，不是完整运行调用图,docs/code-reading/inventory,manual
env,directory,,35,53,main-source-tree,统一依赖、构建、执行与验收入口,基础设施,env,manual
env/__pycache__,directory,,16,16,generated-cache,Python自动生成的bytecode缓存,本地产物，不维护源码、不提交,__pycache__,directory-type-rule
env/tests,directory,,1,2,main-source-tree,源码归属、锁和布局规则测试,开发验证,env/tests,manual
env/tests/__pycache__,directory,,1,1,generated-cache,Python自动生成的bytecode缓存,本地产物，不维护源码、不提交,__pycache__,directory-type-rule
gem5,directory,,18,15467,main-source-tree,CPU/内存/设备/事件/SystemC 仿真框架,普通主仓库源码,gem5,manual
gem5/.devcontainer,directory,,2,2,main-source-tree,上游开发容器,开发环境,gem5/.devcontainer,manual
gem5/.github,directory,,1,9,main-source-tree,上游CI与issue模板,开发基础设施,gem5/.github,manual
gem5/.github/ISSUE_TEMPLATE,directory,,1,1,main-source-tree,上游CI与issue模板,开发基础设施,gem5/.github,inherited-from-ancestor
gem5/.github/workflows,directory,,7,7,main-source-tree,上游CI与issue模板,开发基础设施,gem5/.github,inherited-from-ancestor
gem5/.vscode,directory,,1,1,main-source-tree,上游编辑器设置,编辑器辅助,gem5/.vscode,manual
gem5/build,directory,,0,4270,build-output,gem5.opt、对象、自动生成参数/调试信息,构建产物,gem5/build,manual
gem5/build/AXI,directory,,3,4270,build-output,当前单进程gem5.opt的具体构建variant,运行binary；不能在生成参数副本修功能源码,gem5/build/AXI,manual
gem5/build/AXI/arch,directory,,0,109,build-output,当前单进程gem5.opt的具体构建variant,运行binary；不能在生成参数副本修功能源码,gem5/build/AXI,inherited-from-ancestor
gem5/build/AXI/arch/arm,directory,,0,1,build-output,当前单进程gem5.opt的具体构建variant,运行binary；不能在生成参数副本修功能源码,gem5/build/AXI,inherited-from-ancestor
gem5/build/AXI/arch/arm/insts,directory,,1,1,build-output,当前单进程gem5.opt的具体构建variant,运行binary；不能在生成参数副本修功能源码,gem5/build/AXI,inherited-from-ancestor
gem5/build/AXI/arch/generic,directory,,18,18,build-output,当前单进程gem5.opt的具体构建variant,运行binary；不能在生成参数副本修功能源码,gem5/build/AXI,inherited-from-ancestor
gem5/build/AXI/arch/x86,directory,,43,90,build-output,当前单进程gem5.opt的具体构建variant,运行binary；不能在生成参数副本修功能源码,gem5/build/AXI,inherited-from-ancestor
gem5/build/AXI/arch/x86/bare_metal,directory,,1,1,build-output,当前单进程gem5.opt的具体构建variant,运行binary；不能在生成参数副本修功能源码,gem5/build/AXI,inherited-from-ancestor
gem5/build/AXI/arch/x86/bios,directory,,16,16,build-output,当前单进程gem5.opt的具体构建variant,运行binary；不能在生成参数副本修功能源码,gem5/build/AXI,inherited-from-ancestor
gem5/build/AXI/arch/x86/generated,directory,,14,14,build-output,当前单进程gem5.opt的具体构建variant,运行binary；不能在生成参数副本修功能源码,gem5/build/AXI,inherited-from-ancestor
gem5/build/AXI/arch/x86/insts,directory,,4,4,build-output,当前单进程gem5.opt的具体构建variant,运行binary；不能在生成参数副本修功能源码,gem5/build/AXI,inherited-from-ancestor
gem5/build/AXI/arch/x86/kvm,directory,,4,4,build-output,当前单进程gem5.opt的具体构建variant,运行binary；不能在生成参数副本修功能源码,gem5/build/AXI,inherited-from-ancestor
gem5/build/AXI/arch/x86/linux,directory,,5,5,build-output,当前单进程gem5.opt的具体构建variant,运行binary；不能在生成参数副本修功能源码,gem5/build/AXI,inherited-from-ancestor
gem5/build/AXI/arch/x86/regs,directory,,3,3,build-output,当前单进程gem5.opt的具体构建variant,运行binary；不能在生成参数副本修功能源码,gem5/build/AXI,inherited-from-ancestor
gem5/build/AXI/base,directory,,33,57,build-output,当前单进程gem5.opt的具体构建variant,运行binary；不能在生成参数副本修功能源码,gem5/build/AXI,inherited-from-ancestor
gem5/build/AXI/base/filters,directory,,9,9,build-output,当前单进程gem5.opt的具体构建variant,运行binary；不能在生成参数副本修功能源码,gem5/build/AXI,inherited-from-ancestor
gem5/build/AXI/base/loader,directory,,6,6,build-output,当前单进程gem5.opt的具体构建variant,运行binary；不能在生成参数副本修功能源码,gem5/build/AXI,inherited-from-ancestor
gem5/build/AXI/base/stats,directory,,4,4,build-output,当前单进程gem5.opt的具体构建variant,运行binary；不能在生成参数副本修功能源码,gem5/build/AXI,inherited-from-ancestor
gem5/build/AXI/base/vnc,directory,,5,5,build-output,当前单进程gem5.opt的具体构建variant,运行binary；不能在生成参数副本修功能源码,gem5/build/AXI,inherited-from-ancestor
gem5/build/AXI/config,directory,,9,9,build-output,当前单进程gem5.opt的具体构建variant,运行binary；不能在生成参数副本修功能源码,gem5/build/AXI,inherited-from-ancestor
gem5/build/AXI/cpu,directory,,37,223,build-output,当前单进程gem5.opt的具体构建variant,运行binary；不能在生成参数副本修功能源码,gem5/build/AXI,inherited-from-ancestor
gem5/build/AXI/cpu/checker,directory,,4,4,build-output,当前单进程gem5.opt的具体构建variant,运行binary；不能在生成参数副本修功能源码,gem5/build/AXI,inherited-from-ancestor
gem5/build/AXI/cpu/kvm,directory,,11,11,build-output,当前单进程gem5.opt的具体构建variant,运行binary；不能在生成参数副本修功能源码,gem5/build/AXI,inherited-from-ancestor
gem5/build/AXI/cpu/minor,directory,,19,19,build-output,当前单进程gem5.opt的具体构建variant,运行binary；不能在生成参数副本修功能源码,gem5/build/AXI,inherited-from-ancestor
gem5/build/AXI/cpu/o3,directory,,47,51,build-output,当前单进程gem5.opt的具体构建variant,运行binary；不能在生成参数副本修功能源码,gem5/build/AXI,inherited-from-ancestor
gem5/build/AXI/cpu/o3/probe,directory,,4,4,build-output,当前单进程gem5.opt的具体构建variant,运行binary；不能在生成参数副本修功能源码,gem5/build/AXI,inherited-from-ancestor
gem5/build/AXI/cpu/pred,directory,,28,28,build-output,当前单进程gem5.opt的具体构建variant,运行binary；不能在生成参数副本修功能源码,gem5/build/AXI,inherited-from-ancestor
gem5/build/AXI/cpu/probes,directory,,9,9,build-output,当前单进程gem5.opt的具体构建variant,运行binary；不能在生成参数副本修功能源码,gem5/build/AXI,inherited-from-ancestor
gem5/build/AXI/cpu/simple,directory,,25,33,build-output,当前单进程gem5.opt的具体构建variant,运行binary；不能在生成参数副本修功能源码,gem5/build/AXI,inherited-from-ancestor
gem5/build/AXI/cpu/simple/probes,directory,,8,8,build-output,当前单进程gem5.opt的具体构建variant,运行binary；不能在生成参数副本修功能源码,gem5/build/AXI,inherited-from-ancestor
gem5/build/AXI/cpu/testers,directory,,0,31,build-output,当前单进程gem5.opt的具体构建variant,运行binary；不能在生成参数副本修功能源码,gem5/build/AXI,inherited-from-ancestor
gem5/build/AXI/cpu/testers/memtest,directory,,4,4,build-output,当前单进程gem5.opt的具体构建variant,运行binary；不能在生成参数副本修功能源码,gem5/build/AXI,inherited-from-ancestor
gem5/build/AXI/cpu/testers/spatter_gen,directory,,4,4,build-output,当前单进程gem5.opt的具体构建variant,运行binary；不能在生成参数副本修功能源码,gem5/build/AXI,inherited-from-ancestor
gem5/build/AXI/cpu/testers/traffic_gen,directory,,23,23,build-output,当前单进程gem5.opt的具体构建variant,运行binary；不能在生成参数副本修功能源码,gem5/build/AXI,inherited-from-ancestor
gem5/build/AXI/debug,directory,,738,738,build-output,当前单进程gem5.opt的具体构建variant,运行binary；不能在生成参数副本修功能源码,gem5/build/AXI,inherited-from-ancestor
gem5/build/AXI/dev,directory,,18,170,build-output,当前单进程gem5.opt的具体构建variant,运行binary；不能在生成参数副本修功能源码,gem5/build/AXI,inherited-from-ancestor
gem5/build/AXI/dev/coralnpu,directory,,4,4,build-output,当前单进程gem5.opt的具体构建variant,运行binary；不能在生成参数副本修功能源码,gem5/build/AXI,inherited-from-ancestor
gem5/build/AXI/dev/i2c,directory,,4,4,build-output,当前单进程gem5.opt的具体构建variant,运行binary；不能在生成参数副本修功能源码,gem5/build/AXI,inherited-from-ancestor
gem5/build/AXI/dev/net,directory,,18,18,build-output,当前单进程gem5.opt的具体构建variant,运行binary；不能在生成参数副本修功能源码,gem5/build/AXI,inherited-from-ancestor
gem5/build/AXI/dev/pci,directory,,18,18,build-output,当前单进程gem5.opt的具体构建variant,运行binary；不能在生成参数副本修功能源码,gem5/build/AXI,inherited-from-ancestor
gem5/build/AXI/dev/ps2,directory,,8,8,build-output,当前单进程gem5.opt的具体构建variant,运行binary；不能在生成参数副本修功能源码,gem5/build/AXI,inherited-from-ancestor
gem5/build/AXI/dev/qemu,directory,,4,4,build-output,当前单进程gem5.opt的具体构建variant,运行binary；不能在生成参数副本修功能源码,gem5/build/AXI,inherited-from-ancestor
gem5/build/AXI/dev/serial,directory,,14,14,build-output,当前单进程gem5.opt的具体构建variant,运行binary；不能在生成参数副本修功能源码,gem5/build/AXI,inherited-from-ancestor
gem5/build/AXI/dev/storage,directory,,13,13,build-output,当前单进程gem5.opt的具体构建variant,运行binary；不能在生成参数副本修功能源码,gem5/build/AXI,inherited-from-ancestor
gem5/build/AXI/dev/virtio,directory,,21,21,build-output,当前单进程gem5.opt的具体构建variant,运行binary；不能在生成参数副本修功能源码,gem5/build/AXI,inherited-from-ancestor
gem5/build/AXI/dev/vortex,directory,,4,4,build-output,当前单进程gem5.opt的具体构建variant,运行binary；不能在生成参数副本修功能源码,gem5/build/AXI,inherited-from-ancestor
gem5/build/AXI/dev/x86,directory,,44,44,build-output,当前单进程gem5.opt的具体构建variant,运行binary；不能在生成参数副本修功能源码,gem5/build/AXI,inherited-from-ancestor
gem5/build/AXI/enums,directory,,102,102,build-output,当前单进程gem5.opt的具体构建variant,运行binary；不能在生成参数副本修功能源码,gem5/build/AXI,inherited-from-ancestor
gem5/build/AXI/ext,directory,,0,363,build-output,当前单进程gem5.opt的具体构建variant,运行binary；不能在生成参数副本修功能源码,gem5/build/AXI,inherited-from-ancestor
gem5/build/AXI/ext/drampower,directory,,1,14,build-output,当前单进程gem5.opt的具体构建variant,运行binary；不能在生成参数副本修功能源码,gem5/build/AXI,inherited-from-ancestor
gem5/build/AXI/ext/drampower/src,directory,,12,13,build-output,当前单进程gem5.opt的具体构建variant,运行binary；不能在生成参数副本修功能源码,gem5/build/AXI,inherited-from-ancestor
gem5/build/AXI/ext/drampower/src/libdrampower,directory,,1,1,build-output,当前单进程gem5.opt的具体构建variant,运行binary；不能在生成参数副本修功能源码,gem5/build/AXI,inherited-from-ancestor
gem5/build/AXI/ext/fputils,directory,,3,3,build-output,当前单进程gem5.opt的具体构建variant,运行binary；不能在生成参数副本修功能源码,gem5/build/AXI,inherited-from-ancestor
gem5/build/AXI/ext/iostream3,directory,,2,2,build-output,当前单进程gem5.opt的具体构建variant,运行binary；不能在生成参数副本修功能源码,gem5/build/AXI,inherited-from-ancestor
gem5/build/AXI/ext/libelf,directory,,64,64,build-output,当前单进程gem5.opt的具体构建variant,运行binary；不能在生成参数副本修功能源码,gem5/build/AXI,inherited-from-ancestor
gem5/build/AXI/ext/libfdt,directory,,8,8,build-output,当前单进程gem5.opt的具体构建variant,运行binary；不能在生成参数副本修功能源码,gem5/build/AXI,inherited-from-ancestor
gem5/build/AXI/ext/nomali,directory,,1,12,build-output,当前单进程gem5.opt的具体构建variant,运行binary；不能在生成参数副本修功能源码,gem5/build/AXI,inherited-from-ancestor
gem5/build/AXI/ext/nomali/lib,directory,,11,11,build-output,当前单进程gem5.opt的具体构建variant,运行binary；不能在生成参数副本修功能源码,gem5/build/AXI,inherited-from-ancestor
gem5/build/AXI/ext/softfloat,directory,,260,260,build-output,当前单进程gem5.opt的具体构建variant,运行binary；不能在生成参数副本修功能源码,gem5/build/AXI,inherited-from-ancestor
gem5/build/AXI/ext/systemc,directory,,0,0,build-output,当前单进程gem5.opt的具体构建variant,运行binary；不能在生成参数副本修功能源码,gem5/build/AXI,inherited-from-ancestor
gem5/build/AXI/gem5.build,directory,,5,70,build-output,当前单进程gem5.opt的具体构建variant,运行binary；不能在生成参数副本修功能源码,gem5/build/AXI,inherited-from-ancestor
gem5/build/AXI/gem5.build/scons_config,directory,,65,65,build-output,当前单进程gem5.opt的具体构建variant,运行binary；不能在生成参数副本修功能源码,gem5/build/AXI,inherited-from-ancestor
gem5/build/AXI/gem5_axi,directory,,13,13,build-output,当前单进程gem5.opt的具体构建variant,运行binary；不能在生成参数副本修功能源码,gem5/build/AXI,inherited-from-ancestor
gem5/build/AXI/hettrace,directory,,4,4,build-output,当前单进程gem5.opt的具体构建variant,运行binary；不能在生成参数副本修功能源码,gem5/build/AXI,inherited-from-ancestor
gem5/build/AXI/kern,directory,,2,7,build-output,当前单进程gem5.opt的具体构建variant,运行binary；不能在生成参数副本修功能源码,gem5/build/AXI,inherited-from-ancestor
gem5/build/AXI/kern/freebsd,directory,,1,1,build-output,当前单进程gem5.opt的具体构建variant,运行binary；不能在生成参数副本修功能源码,gem5/build/AXI,inherited-from-ancestor
gem5/build/AXI/kern/linux,directory,,4,4,build-output,当前单进程gem5.opt的具体构建variant,运行binary；不能在生成参数副本修功能源码,gem5/build/AXI,inherited-from-ancestor
gem5/build/AXI/learning_gem5,directory,,0,17,build-output,当前单进程gem5.opt的具体构建variant,运行binary；不能在生成参数副本修功能源码,gem5/build/AXI,inherited-from-ancestor
gem5/build/AXI/learning_gem5/part2,directory,,17,17,build-output,当前单进程gem5.opt的具体构建variant,运行binary；不能在生成参数副本修功能源码,gem5/build/AXI,inherited-from-ancestor
gem5/build/AXI/mem,directory,,111,238,build-output,当前单进程gem5.opt的具体构建variant,运行binary；不能在生成参数副本修功能源码,gem5/build/AXI,inherited-from-ancestor
gem5/build/AXI/mem/cache,directory,,11,86,build-output,当前单进程gem5.opt的具体构建variant,运行binary；不能在生成参数副本修功能源码,gem5/build/AXI,inherited-from-ancestor
gem5/build/AXI/mem/cache/compressors,directory,,14,15,build-output,当前单进程gem5.opt的具体构建variant,运行binary；不能在生成参数副本修功能源码,gem5/build/AXI,inherited-from-ancestor
gem5/build/AXI/mem/cache/compressors/encoders,directory,,1,1,build-output,当前单进程gem5.opt的具体构建variant,运行binary；不能在生成参数副本修功能源码,gem5/build/AXI,inherited-from-ancestor
gem5/build/AXI/mem/cache/prefetch,directory,,21,21,build-output,当前单进程gem5.opt的具体构建variant,运行binary；不能在生成参数副本修功能源码,gem5/build/AXI,inherited-from-ancestor
gem5/build/AXI/mem/cache/replacement_policies,directory,,15,15,build-output,当前单进程gem5.opt的具体构建variant,运行binary；不能在生成参数副本修功能源码,gem5/build/AXI,inherited-from-ancestor
gem5/build/AXI/mem/cache/tags,directory,,11,24,build-output,当前单进程gem5.opt的具体构建variant,运行binary；不能在生成参数副本修功能源码,gem5/build/AXI,inherited-from-ancestor
gem5/build/AXI/mem/cache/tags/indexing_policies,directory,,5,5,build-output,当前单进程gem5.opt的具体构建variant,运行binary；不能在生成参数副本修功能源码,gem5/build/AXI,inherited-from-ancestor
gem5/build/AXI/mem/cache/tags/partitioning_policies,directory,,8,8,build-output,当前单进程gem5.opt的具体构建variant,运行binary；不能在生成参数副本修功能源码,gem5/build/AXI,inherited-from-ancestor
gem5/build/AXI/mem/probes,directory,,12,12,build-output,当前单进程gem5.opt的具体构建variant,运行binary；不能在生成参数副本修功能源码,gem5/build/AXI,inherited-from-ancestor
gem5/build/AXI/mem/protocol,directory,,3,3,build-output,当前单进程gem5.opt的具体构建variant,运行binary；不能在生成参数副本修功能源码,gem5/build/AXI,inherited-from-ancestor
gem5/build/AXI/mem/qos,directory,,22,22,build-output,当前单进程gem5.opt的具体构建variant,运行binary；不能在生成参数副本修功能源码,gem5/build/AXI,inherited-from-ancestor
gem5/build/AXI/mem/unified_timing,directory,,4,4,build-output,当前单进程gem5.opt的具体构建variant,运行binary；不能在生成参数副本修功能源码,gem5/build/AXI,inherited-from-ancestor
gem5/build/AXI/params,directory,,394,394,build-output,当前单进程gem5.opt的具体构建variant,运行binary；不能在生成参数副本修功能源码,gem5/build/AXI,inherited-from-ancestor
gem5/build/AXI/python,directory,,13,1517,build-output,当前单进程gem5.opt的具体构建variant,运行binary；不能在生成参数副本修功能源码,gem5/build/AXI,inherited-from-ancestor
gem5/build/AXI/python/_m5,directory,,788,788,build-output,当前单进程gem5.opt的具体构建variant,运行binary；不能在生成参数副本修功能源码,gem5/build/AXI,inherited-from-ancestor
gem5/build/AXI/python/gem5,directory,,15,555,build-output,当前单进程gem5.opt的具体构建variant,运行binary；不能在生成参数副本修功能源码,gem5/build/AXI,inherited-from-ancestor
gem5/build/AXI/python/gem5/components,directory,,3,399,build-output,当前单进程gem5.opt的具体构建variant,运行binary；不能在生成参数副本修功能源码,gem5/build/AXI,inherited-from-ancestor
gem5/build/AXI/python/gem5/components/boards,directory,,33,39,build-output,当前单进程gem5.opt的具体构建variant,运行binary；不能在生成参数副本修功能源码,gem5/build/AXI,inherited-from-ancestor
gem5/build/AXI/python/gem5/components/boards/experimental,directory,,6,6,build-output,当前单进程gem5.opt的具体构建variant,运行binary；不能在生成参数副本修功能源码,gem5/build/AXI,inherited-from-ancestor
gem5/build/AXI/python/gem5/components/cachehierarchies,directory,,12,195,build-output,当前单进程gem5.opt的具体构建variant,运行binary；不能在生成参数副本修功能源码,gem5/build/AXI,inherited-from-ancestor
gem5/build/AXI/python/gem5/components/cachehierarchies/chi,directory,,9,30,build-output,当前单进程gem5.opt的具体构建variant,运行binary；不能在生成参数副本修功能源码,gem5/build/AXI,inherited-from-ancestor
gem5/build/AXI/python/gem5/components/cachehierarchies/chi/nodes,directory,,21,21,build-output,当前单进程gem5.opt的具体构建variant,运行binary；不能在生成参数副本修功能源码,gem5/build/AXI,inherited-from-ancestor
gem5/build/AXI/python/gem5/components/cachehierarchies/classic,directory,,30,45,build-output,当前单进程gem5.opt的具体构建variant,运行binary；不能在生成参数副本修功能源码,gem5/build/AXI,inherited-from-ancestor
gem5/build/AXI/python/gem5/components/cachehierarchies/classic/caches,directory,,15,15,build-output,当前单进程gem5.opt的具体构建variant,运行binary；不能在生成参数副本修功能源码,gem5/build/AXI,inherited-from-ancestor
gem5/build/AXI/python/gem5/components/cachehierarchies/ruby,directory,,15,108,build-output,当前单进程gem5.opt的具体构建variant,运行binary；不能在生成参数副本修功能源码,gem5/build/AXI,inherited-from-ancestor
gem5/build/AXI/python/gem5/components/cachehierarchies/ruby/caches,directory,,3,87,build-output,当前单进程gem5.opt的具体构建variant,运行binary；不能在生成参数副本修功能源码,gem5/build/AXI,inherited-from-ancestor
gem5/build/AXI/python/gem5/components/cachehierarchies/ruby/caches/mesi_three_level,directory,,18,18,build-output,当前单进程gem5.opt的具体构建variant,运行binary；不能在生成参数副本修功能源码,gem5/build/AXI,inherited-from-ancestor
gem5/build/AXI/python/gem5/components/cachehierarchies/ruby/caches/mesi_two_level,directory,,15,15,build-output,当前单进程gem5.opt的具体构建variant,运行binary；不能在生成参数副本修功能源码,gem5/build/AXI,inherited-from-ancestor
gem5/build/AXI/python/gem5/components/cachehierarchies/ruby/caches/mi_example,directory,,12,12,build-output,当前单进程gem5.opt的具体构建variant,运行binary；不能在生成参数副本修功能源码,gem5/build/AXI,inherited-from-ancestor
gem5/build/AXI/python/gem5/components/cachehierarchies/ruby/caches/prebuilt,directory,,3,18,build-output,当前单进程gem5.opt的具体构建variant,运行binary；不能在生成参数副本修功能源码,gem5/build/AXI,inherited-from-ancestor
gem5/build/AXI/python/gem5/components/cachehierarchies/ruby/caches/prebuilt/octopi_cache,directory,,15,15,build-output,当前单进程gem5.opt的具体构建variant,运行binary；不能在生成参数副本修功能源码,gem5/build/AXI,inherited-from-ancestor
gem5/build/AXI/python/gem5/components/cachehierarchies/ruby/caches/viper,directory,,21,21,build-output,当前单进程gem5.opt的具体构建variant,运行binary；不能在生成参数副本修功能源码,gem5/build/AXI,inherited-from-ancestor
gem5/build/AXI/python/gem5/components/cachehierarchies/ruby/topologies,directory,,6,6,build-output,当前单进程gem5.opt的具体构建variant,运行binary；不能在生成参数副本修功能源码,gem5/build/AXI,inherited-from-ancestor
gem5/build/AXI/python/gem5/components/devices,directory,,3,12,build-output,当前单进程gem5.opt的具体构建variant,运行binary；不能在生成参数副本修功能源码,gem5/build/AXI,inherited-from-ancestor
gem5/build/AXI/python/gem5/components/devices/gpus,directory,,9,9,build-output,当前单进程gem5.opt的具体构建variant,运行binary；不能在生成参数副本修功能源码,gem5/build/AXI,inherited-from-ancestor
gem5/build/AXI/python/gem5/components/memory,directory,,24,57,build-output,当前单进程gem5.opt的具体构建variant,运行binary；不能在生成参数副本修功能源码,gem5/build/AXI,inherited-from-ancestor
gem5/build/AXI/python/gem5/components/memory/dram_interfaces,directory,,33,33,build-output,当前单进程gem5.opt的具体构建variant,运行binary；不能在生成参数副本修功能源码,gem5/build/AXI,inherited-from-ancestor
gem5/build/AXI/python/gem5/components/processors,directory,,81,93,build-output,当前单进程gem5.opt的具体构建variant,运行binary；不能在生成参数副本修功能源码,gem5/build/AXI,inherited-from-ancestor
gem5/build/AXI/python/gem5/components/processors/spatter_gen,directory,,12,12,build-output,当前单进程gem5.opt的具体构建variant,运行binary；不能在生成参数副本修功能源码,gem5/build/AXI,inherited-from-ancestor
gem5/build/AXI/python/gem5/prebuilt,directory,,3,45,build-output,当前单进程gem5.opt的具体构建variant,运行binary；不能在生成参数副本修功能源码,gem5/build/AXI,inherited-from-ancestor
gem5/build/AXI/python/gem5/prebuilt/demo,directory,,12,12,build-output,当前单进程gem5.opt的具体构建variant,运行binary；不能在生成参数副本修功能源码,gem5/build/AXI,inherited-from-ancestor
gem5/build/AXI/python/gem5/prebuilt/riscvmatched,directory,,15,15,build-output,当前单进程gem5.opt的具体构建variant,运行binary；不能在生成参数副本修功能源码,gem5/build/AXI,inherited-from-ancestor
gem5/build/AXI/python/gem5/prebuilt/viper,directory,,15,15,build-output,当前单进程gem5.opt的具体构建variant,运行binary；不能在生成参数副本修功能源码,gem5/build/AXI,inherited-from-ancestor
gem5/build/AXI/python/gem5/resources,directory,,24,39,build-output,当前单进程gem5.opt的具体构建variant,运行binary；不能在生成参数副本修功能源码,gem5/build/AXI,inherited-from-ancestor
gem5/build/AXI/python/gem5/resources/client_api,directory,,15,15,build-output,当前单进程gem5.opt的具体构建variant,运行binary；不能在生成参数副本修功能源码,gem5/build/AXI,inherited-from-ancestor
gem5/build/AXI/python/gem5/simulate,directory,,15,15,build-output,当前单进程gem5.opt的具体构建variant,运行binary；不能在生成参数副本修功能源码,gem5/build/AXI,inherited-from-ancestor
gem5/build/AXI/python/gem5/utils,directory,,21,42,build-output,当前单进程gem5.opt的具体构建variant,运行binary；不能在生成参数副本修功能源码,gem5/build/AXI,inherited-from-ancestor
gem5/build/AXI/python/gem5/utils/multiprocessing,directory,,12,12,build-output,当前单进程gem5.opt的具体构建variant,运行binary；不能在生成参数副本修功能源码,gem5/build/AXI,inherited-from-ancestor
gem5/build/AXI/python/gem5/utils/multisim,directory,,9,9,build-output,当前单进程gem5.opt的具体构建variant,运行binary；不能在生成参数副本修功能源码,gem5/build/AXI,inherited-from-ancestor
gem5/build/AXI/python/m5,directory,,44,155,build-output,当前单进程gem5.opt的具体构建variant,运行binary；不能在生成参数副本修功能源码,gem5/build/AXI,inherited-from-ancestor
gem5/build/AXI/python/m5/ext,directory,,3,36,build-output,当前单进程gem5.opt的具体构建variant,运行binary；不能在生成参数副本修功能源码,gem5/build/AXI,inherited-from-ancestor
gem5/build/AXI/python/m5/ext/pyfdt,directory,,6,6,build-output,当前单进程gem5.opt的具体构建variant,运行binary；不能在生成参数副本修功能源码,gem5/build/AXI,inherited-from-ancestor
gem5/build/AXI/python/m5/ext/pystats,directory,,27,27,build-output,当前单进程gem5.opt的具体构建variant,运行binary；不能在生成参数副本修功能源码,gem5/build/AXI,inherited-from-ancestor
gem5/build/AXI/python/m5/objects,directory,,6,6,build-output,当前单进程gem5.opt的具体构建variant,运行binary；不能在生成参数副本修功能源码,gem5/build/AXI,inherited-from-ancestor
gem5/build/AXI/python/m5/params,directory,,33,33,build-output,当前单进程gem5.opt的具体构建variant,运行binary；不能在生成参数副本修功能源码,gem5/build/AXI,inherited-from-ancestor
gem5/build/AXI/python/m5/stats,directory,,6,6,build-output,当前单进程gem5.opt的具体构建variant,运行binary；不能在生成参数副本修功能源码,gem5/build/AXI,inherited-from-ancestor
gem5/build/AXI/python/m5/util,directory,,30,30,build-output,当前单进程gem5.opt的具体构建variant,运行binary；不能在生成参数副本修功能源码,gem5/build/AXI,inherited-from-ancestor
gem5/build/AXI/python/pybind11,directory,,6,6,build-output,当前单进程gem5.opt的具体构建variant,运行binary；不能在生成参数副本修功能源码,gem5/build/AXI,inherited-from-ancestor
gem5/build/AXI/sim,directory,,101,126,build-output,当前单进程gem5.opt的具体构建variant,运行binary；不能在生成参数副本修功能源码,gem5/build/AXI,inherited-from-ancestor
gem5/build/AXI/sim/power,directory,,20,20,build-output,当前单进程gem5.opt的具体构建variant,运行binary；不能在生成参数副本修功能源码,gem5/build/AXI,inherited-from-ancestor
gem5/build/AXI/sim/probe,directory,,5,5,build-output,当前单进程gem5.opt的具体构建variant,运行binary；不能在生成参数副本修功能源码,gem5/build/AXI,inherited-from-ancestor
gem5/build/AXI/sst,directory,,5,5,build-output,当前单进程gem5.opt的具体构建variant,运行binary；不能在生成参数副本修功能源码,gem5/build/AXI,inherited-from-ancestor
gem5/build/AXI/systemc,directory,,3,105,build-output,当前单进程gem5.opt的具体构建variant,运行binary；不能在生成参数副本修功能源码,gem5/build/AXI,inherited-from-ancestor
gem5/build/AXI/systemc/channel,directory,,10,10,build-output,当前单进程gem5.opt的具体构建variant,运行binary；不能在生成参数副本修功能源码,gem5/build/AXI,inherited-from-ancestor
gem5/build/AXI/systemc/core,directory,,35,35,build-output,当前单进程gem5.opt的具体构建variant,运行binary；不能在生成参数副本修功能源码,gem5/build/AXI,inherited-from-ancestor
gem5/build/AXI/systemc/dt,directory,,1,29,build-output,当前单进程gem5.opt的具体构建variant,运行binary；不能在生成参数副本修功能源码,gem5/build/AXI,inherited-from-ancestor
gem5/build/AXI/systemc/dt/bit,directory,,5,5,build-output,当前单进程gem5.opt的具体构建variant,运行binary；不能在生成参数副本修功能源码,gem5/build/AXI,inherited-from-ancestor
gem5/build/AXI/systemc/dt/fx,directory,,12,12,build-output,当前单进程gem5.opt的具体构建variant,运行binary；不能在生成参数副本修功能源码,gem5/build/AXI,inherited-from-ancestor
gem5/build/AXI/systemc/dt/int,directory,,9,9,build-output,当前单进程gem5.opt的具体构建variant,运行binary；不能在生成参数副本修功能源码,gem5/build/AXI,inherited-from-ancestor
gem5/build/AXI/systemc/dt/misc,directory,,2,2,build-output,当前单进程gem5.opt的具体构建variant,运行binary；不能在生成参数副本修功能源码,gem5/build/AXI,inherited-from-ancestor
gem5/build/AXI/systemc/python,directory,,6,6,build-output,当前单进程gem5.opt的具体构建variant,运行binary；不能在生成参数副本修功能源码,gem5/build/AXI,inherited-from-ancestor
gem5/build/AXI/systemc/tlm_bridge,directory,,7,7,build-output,当前单进程gem5.opt的具体构建variant,运行binary；不能在生成参数副本修功能源码,gem5/build/AXI,inherited-from-ancestor
gem5/build/AXI/systemc/tlm_core,directory,,0,4,build-output,当前单进程gem5.opt的具体构建variant,运行binary；不能在生成参数副本修功能源码,gem5/build/AXI,inherited-from-ancestor
gem5/build/AXI/systemc/tlm_core/2,directory,,0,4,build-output,当前单进程gem5.opt的具体构建variant,运行binary；不能在生成参数副本修功能源码,gem5/build/AXI,inherited-from-ancestor
gem5/build/AXI/systemc/tlm_core/2/generic_payload,directory,,2,2,build-output,当前单进程gem5.opt的具体构建variant,运行binary；不能在生成参数副本修功能源码,gem5/build/AXI,inherited-from-ancestor
gem5/build/AXI/systemc/tlm_core/2/quantum,directory,,2,2,build-output,当前单进程gem5.opt的具体构建variant,运行binary；不能在生成参数副本修功能源码,gem5/build/AXI,inherited-from-ancestor
gem5/build/AXI/systemc/tlm_utils,directory,,2,2,build-output,当前单进程gem5.opt的具体构建variant,运行binary；不能在生成参数副本修功能源码,gem5/build/AXI,inherited-from-ancestor
gem5/build/AXI/systemc/utils,directory,,9,9,build-output,当前单进程gem5.opt的具体构建variant,运行binary；不能在生成参数副本修功能源码,gem5/build/AXI,inherited-from-ancestor
gem5/build_opts,directory,,22,22,main-source-tree,各ISA/构建variant默认选项,当前AXI构建基于X86,gem5/build_opts,manual
gem5/build_tools,directory,,14,17,main-source-tree,代码/参数等构建生成工具,构建期,gem5/build_tools,manual
gem5/build_tools/__pycache__,directory,,3,3,generated-cache,Python自动生成的bytecode缓存,本地产物，不维护源码、不提交,__pycache__,directory-type-rule
gem5/configs,directory,,0,167,main-source-tree,上游SE/FS、Ruby、网络等配置示例,当前整机入口在gem5_axi/configs,gem5/configs,manual
gem5/configs/boot,directory,,4,4,main-source-tree,上游SE/FS、Ruby、网络等配置示例,当前整机入口在gem5_axi/configs,gem5/configs,inherited-from-ancestor
gem5/configs/common,directory,,17,25,main-source-tree,上游SE/FS、Ruby、网络等配置示例,当前整机入口在gem5_axi/configs,gem5/configs,inherited-from-ancestor
gem5/configs/common/cores,directory,,1,8,main-source-tree,上游SE/FS、Ruby、网络等配置示例,当前整机入口在gem5_axi/configs,gem5/configs,inherited-from-ancestor
gem5/configs/common/cores/arm,directory,,7,7,main-source-tree,上游SE/FS、Ruby、网络等配置示例,当前整机入口在gem5_axi/configs,gem5/configs,inherited-from-ancestor
gem5/configs/deprecated,directory,,0,5,main-source-tree,上游SE/FS、Ruby、网络等配置示例,当前整机入口在gem5_axi/configs,gem5/configs,inherited-from-ancestor
gem5/configs/deprecated/example,directory,,2,5,main-source-tree,上游SE/FS、Ruby、网络等配置示例,当前整机入口在gem5_axi/configs,gem5/configs,inherited-from-ancestor
gem5/configs/deprecated/example/gem5_library,directory,,2,2,main-source-tree,上游SE/FS、Ruby、网络等配置示例,当前整机入口在gem5_axi/configs,gem5/configs,inherited-from-ancestor
gem5/configs/deprecated/example/riscv,directory,,1,1,main-source-tree,上游SE/FS、Ruby、网络等配置示例,当前整机入口在gem5_axi/configs,gem5/configs,inherited-from-ancestor
gem5/configs/dist,directory,,1,1,main-source-tree,上游SE/FS、Ruby、网络等配置示例,当前整机入口在gem5_axi/configs,gem5/configs,inherited-from-ancestor
gem5/configs/dram,directory,,3,3,main-source-tree,上游SE/FS、Ruby、网络等配置示例,当前整机入口在gem5_axi/configs,gem5/configs,inherited-from-ancestor
gem5/configs/example,directory,,19,81,main-source-tree,上游SE/FS、Ruby、网络等配置示例,当前整机入口在gem5_axi/configs,gem5/configs,inherited-from-ancestor
gem5/configs/example/arm,directory,,11,11,main-source-tree,上游SE/FS、Ruby、网络等配置示例,当前整机入口在gem5_axi/configs,gem5/configs,inherited-from-ancestor
gem5/configs/example/gem5_library,directory,,24,38,main-source-tree,上游SE/FS、Ruby、网络等配置示例,当前整机入口在gem5_axi/configs,gem5/configs,inherited-from-ancestor
gem5/configs/example/gem5_library/caches,directory,,1,1,main-source-tree,上游SE/FS、Ruby、网络等配置示例,当前整机入口在gem5_axi/configs,gem5/configs,inherited-from-ancestor
gem5/configs/example/gem5_library/checkpoints,directory,,4,4,main-source-tree,上游SE/FS、Ruby、网络等配置示例,当前整机入口在gem5_axi/configs,gem5/configs,inherited-from-ancestor
gem5/configs/example/gem5_library/dramsys,directory,,2,2,main-source-tree,上游SE/FS、Ruby、网络等配置示例,当前整机入口在gem5_axi/configs,gem5/configs,inherited-from-ancestor
gem5/configs/example/gem5_library/exit_handling,directory,,1,1,main-source-tree,上游SE/FS、Ruby、网络等配置示例,当前整机入口在gem5_axi/configs,gem5/configs,inherited-from-ancestor
gem5/configs/example/gem5_library/looppoints,directory,,2,2,main-source-tree,上游SE/FS、Ruby、网络等配置示例,当前整机入口在gem5_axi/configs,gem5/configs,inherited-from-ancestor
gem5/configs/example/gem5_library/multisim,directory,,2,2,main-source-tree,上游SE/FS、Ruby、网络等配置示例,当前整机入口在gem5_axi/configs,gem5/configs,inherited-from-ancestor
gem5/configs/example/gem5_library/spatter_gen,directory,,1,2,main-source-tree,上游SE/FS、Ruby、网络等配置示例,当前整机入口在gem5_axi/configs,gem5/configs,inherited-from-ancestor
gem5/configs/example/gem5_library/spatter_gen/traces,directory,,1,1,main-source-tree,上游SE/FS、Ruby、网络等配置示例,当前整机入口在gem5_axi/configs,gem5/configs,inherited-from-ancestor
gem5/configs/example/gpufs,directory,,5,8,main-source-tree,上游SE/FS、Ruby、网络等配置示例,当前整机入口在gem5_axi/configs,gem5/configs,inherited-from-ancestor
gem5/configs/example/gpufs/amd,directory,,1,1,main-source-tree,上游SE/FS、Ruby、网络等配置示例,当前整机入口在gem5_axi/configs,gem5/configs,inherited-from-ancestor
gem5/configs/example/gpufs/system,directory,,2,2,main-source-tree,上游SE/FS、Ruby、网络等配置示例,当前整机入口在gem5_axi/configs,gem5/configs,inherited-from-ancestor
gem5/configs/example/lupv,directory,,2,2,main-source-tree,上游SE/FS、Ruby、网络等配置示例,当前整机入口在gem5_axi/configs,gem5/configs,inherited-from-ancestor
gem5/configs/example/noc_config,directory,,1,1,main-source-tree,上游SE/FS、Ruby、网络等配置示例,当前整机入口在gem5_axi/configs,gem5/configs,inherited-from-ancestor
gem5/configs/example/sst,directory,,2,2,main-source-tree,上游SE/FS、Ruby、网络等配置示例,当前整机入口在gem5_axi/configs,gem5/configs,inherited-from-ancestor
gem5/configs/learning_gem5,directory,,1,15,main-source-tree,上游SE/FS、Ruby、网络等配置示例,当前整机入口在gem5_axi/configs,gem5/configs,inherited-from-ancestor
gem5/configs/learning_gem5/part1,directory,,5,5,main-source-tree,上游SE/FS、Ruby、网络等配置示例,当前整机入口在gem5_axi/configs,gem5/configs,inherited-from-ancestor
gem5/configs/learning_gem5/part2,directory,,4,4,main-source-tree,上游SE/FS、Ruby、网络等配置示例,当前整机入口在gem5_axi/configs,gem5/configs,inherited-from-ancestor
gem5/configs/learning_gem5/part3,directory,,5,5,main-source-tree,上游SE/FS、Ruby、网络等配置示例,当前整机入口在gem5_axi/configs,gem5/configs,inherited-from-ancestor
gem5/configs/network,directory,,2,2,main-source-tree,上游SE/FS、Ruby、网络等配置示例,当前整机入口在gem5_axi/configs,gem5/configs,inherited-from-ancestor
gem5/configs/nvm,directory,,2,2,main-source-tree,上游SE/FS、Ruby、网络等配置示例,当前整机入口在gem5_axi/configs,gem5/configs,inherited-from-ancestor
gem5/configs/ruby,directory,,17,17,main-source-tree,上游SE/FS、Ruby、网络等配置示例,当前整机入口在gem5_axi/configs,gem5/configs,inherited-from-ancestor
gem5/configs/splash2,directory,,2,2,main-source-tree,上游SE/FS、Ruby、网络等配置示例,当前整机入口在gem5_axi/configs,gem5/configs,inherited-from-ancestor
gem5/configs/topologies,directory,,10,10,main-source-tree,上游SE/FS、Ruby、网络等配置示例,当前整机入口在gem5_axi/configs,gem5/configs,inherited-from-ancestor
gem5/docs,directory,,5,5,main-source-tree,上游gem5文档,文档,gem5/docs,manual
gem5/ext,directory,,0,2160,main-source-tree,外部依赖、可选内存/功耗/平台库及头,是否使用取决于构建，不按目录存在判断,gem5/ext,manual
gem5/ext/Kconfiglib,directory,,22,104,main-source-tree,外部依赖、可选内存/功耗/平台库及头,是否使用取决于构建，不按目录存在判断,gem5/ext,inherited-from-ancestor
gem5/ext/Kconfiglib/examples,directory,,13,13,main-source-tree,外部依赖、可选内存/功耗/平台库及头,是否使用取决于构建，不按目录存在判断,gem5/ext,inherited-from-ancestor
gem5/ext/Kconfiglib/import,directory,,1,2,main-source-tree,外部依赖、可选内存/功耗/平台库及头,是否使用取决于构建，不按目录存在判断,gem5/ext,inherited-from-ancestor
gem5/ext/Kconfiglib/import/__pycache__,directory,,1,1,generated-cache,Python自动生成的bytecode缓存,本地产物，不维护源码、不提交,__pycache__,directory-type-rule
gem5/ext/Kconfiglib/tests,directory,,58,67,main-source-tree,外部依赖、可选内存/功耗/平台库及头,是否使用取决于构建，不按目录存在判断,gem5/ext,inherited-from-ancestor
gem5/ext/Kconfiglib/tests/sub,directory,,8,9,main-source-tree,外部依赖、可选内存/功耗/平台库及头,是否使用取决于构建，不按目录存在判断,gem5/ext,inherited-from-ancestor
gem5/ext/Kconfiglib/tests/sub/sub,directory,,1,1,main-source-tree,外部依赖、可选内存/功耗/平台库及头,是否使用取决于构建，不按目录存在判断,gem5/ext,inherited-from-ancestor
gem5/ext/dnet,directory,,15,15,main-source-tree,外部依赖、可选内存/功耗/平台库及头,是否使用取决于构建，不按目录存在判断,gem5/ext,inherited-from-ancestor
gem5/ext/drampower,directory,,3,36,main-source-tree,gem5上游功耗依赖,当前在线功耗接在ramulator2/DRAMPower，不自动走此目录,gem5/ext/drampower,manual
gem5/ext/drampower/src,directory,,28,30,main-source-tree,gem5上游功耗依赖,当前在线功耗接在ramulator2/DRAMPower，不自动走此目录,gem5/ext/drampower,inherited-from-ancestor
gem5/ext/drampower/src/libdrampower,directory,,2,2,main-source-tree,gem5上游功耗依赖,当前在线功耗接在ramulator2/DRAMPower，不自动走此目录,gem5/ext/drampower,inherited-from-ancestor
gem5/ext/drampower/test,directory,,0,3,main-source-tree,gem5上游功耗依赖,当前在线功耗接在ramulator2/DRAMPower，不自动走此目录,gem5/ext/drampower,inherited-from-ancestor
gem5/ext/drampower/test/libdrampowertest,directory,,3,3,main-source-tree,gem5上游功耗依赖,当前在线功耗接在ramulator2/DRAMPower，不自动走此目录,gem5/ext/drampower,inherited-from-ancestor
gem5/ext/dramsim2,directory,,2,2,main-source-tree,外部依赖、可选内存/功耗/平台库及头,是否使用取决于构建，不按目录存在判断,gem5/ext,inherited-from-ancestor
gem5/ext/dramsim3,directory,,2,2,main-source-tree,外部依赖、可选内存/功耗/平台库及头,是否使用取决于构建，不按目录存在判断,gem5/ext,inherited-from-ancestor
gem5/ext/dramsys,directory,,4,5,main-source-tree,外部依赖、可选内存/功耗/平台库及头,是否使用取决于构建，不按目录存在判断,gem5/ext,inherited-from-ancestor
gem5/ext/dramsys/cmake,directory,,1,1,main-source-tree,外部依赖、可选内存/功耗/平台库及头,是否使用取决于构建，不按目录存在判断,gem5/ext,inherited-from-ancestor
gem5/ext/dsent,directory,,6,178,main-source-tree,外部依赖、可选内存/功耗/平台库及头,是否使用取决于构建，不按目录存在判断,gem5/ext,inherited-from-ancestor
gem5/ext/dsent/configs,directory,,7,7,main-source-tree,外部依赖、可选内存/功耗/平台库及头,是否使用取决于构建，不按目录存在判断,gem5/ext,inherited-from-ancestor
gem5/ext/dsent/libutil,directory,,15,15,main-source-tree,外部依赖、可选内存/功耗/平台库及头,是否使用取决于构建，不按目录存在判断,gem5/ext,inherited-from-ancestor
gem5/ext/dsent/model,directory,,14,138,main-source-tree,外部依赖、可选内存/功耗/平台库及头,是否使用取决于构建，不按目录存在判断,gem5/ext,inherited-from-ancestor
gem5/ext/dsent/model/electrical,directory,,28,34,main-source-tree,外部依赖、可选内存/功耗/平台库及头,是否使用取决于构建，不按目录存在判断,gem5/ext,inherited-from-ancestor
gem5/ext/dsent/model/electrical/router,directory,,6,6,main-source-tree,外部依赖、可选内存/功耗/平台库及头,是否使用取决于构建，不按目录存在判断,gem5/ext,inherited-from-ancestor
gem5/ext/dsent/model/network,directory,,6,6,main-source-tree,外部依赖、可选内存/功耗/平台库及头,是否使用取决于构建，不按目录存在判断,gem5/ext,inherited-from-ancestor
gem5/ext/dsent/model/optical,directory,,22,22,main-source-tree,外部依赖、可选内存/功耗/平台库及头,是否使用取决于构建，不按目录存在判断,gem5/ext,inherited-from-ancestor
gem5/ext/dsent/model/optical_graph,directory,,18,18,main-source-tree,外部依赖、可选内存/功耗/平台库及头,是否使用取决于构建，不按目录存在判断,gem5/ext,inherited-from-ancestor
gem5/ext/dsent/model/std_cells,directory,,28,28,main-source-tree,外部依赖、可选内存/功耗/平台库及头,是否使用取决于构建，不按目录存在判断,gem5/ext,inherited-from-ancestor
gem5/ext/dsent/model/timing_graph,directory,,16,16,main-source-tree,外部依赖、可选内存/功耗/平台库及头,是否使用取决于构建，不按目录存在判断,gem5/ext,inherited-from-ancestor
gem5/ext/dsent/tech,directory,,2,7,main-source-tree,外部依赖、可选内存/功耗/平台库及头,是否使用取决于构建，不按目录存在判断,gem5/ext,inherited-from-ancestor
gem5/ext/dsent/tech/tech_models,directory,,5,5,main-source-tree,外部依赖、可选内存/功耗/平台库及头,是否使用取决于构建，不按目录存在判断,gem5/ext,inherited-from-ancestor
gem5/ext/dsent/util,directory,,5,5,main-source-tree,外部依赖、可选内存/功耗/平台库及头,是否使用取决于构建，不按目录存在判断,gem5/ext,inherited-from-ancestor
gem5/ext/fputils,directory,,5,11,main-source-tree,外部依赖、可选内存/功耗/平台库及头,是否使用取决于构建，不按目录存在判断,gem5/ext,inherited-from-ancestor
gem5/ext/fputils/include,directory,,0,3,main-source-tree,外部依赖、可选内存/功耗/平台库及头,是否使用取决于构建，不按目录存在判断,gem5/ext,inherited-from-ancestor
gem5/ext/fputils/include/fputils,directory,,3,3,main-source-tree,外部依赖、可选内存/功耗/平台库及头,是否使用取决于构建，不按目录存在判断,gem5/ext,inherited-from-ancestor
gem5/ext/fputils/tests,directory,,3,3,main-source-tree,外部依赖、可选内存/功耗/平台库及头,是否使用取决于构建，不按目录存在判断,gem5/ext,inherited-from-ancestor
gem5/ext/gdbremote,directory,,1,1,main-source-tree,外部依赖、可选内存/功耗/平台库及头,是否使用取决于构建，不按目录存在判断,gem5/ext,inherited-from-ancestor
gem5/ext/googletest,directory,,8,237,main-source-tree,外部依赖、可选内存/功耗/平台库及头,是否使用取决于构建，不按目录存在判断,gem5/ext,inherited-from-ancestor
gem5/ext/googletest/ci,directory,,2,2,main-source-tree,外部依赖、可选内存/功耗/平台库及头,是否使用取决于构建，不按目录存在判断,gem5/ext,inherited-from-ancestor
gem5/ext/googletest/docs,directory,,15,24,main-source-tree,外部依赖、可选内存/功耗/平台库及头,是否使用取决于构建，不按目录存在判断,gem5/ext,inherited-from-ancestor
gem5/ext/googletest/docs/_data,directory,,1,1,main-source-tree,外部依赖、可选内存/功耗/平台库及头,是否使用取决于构建，不按目录存在判断,gem5/ext,inherited-from-ancestor
gem5/ext/googletest/docs/_layouts,directory,,1,1,main-source-tree,外部依赖、可选内存/功耗/平台库及头,是否使用取决于构建，不按目录存在判断,gem5/ext,inherited-from-ancestor
gem5/ext/googletest/docs/_sass,directory,,1,1,main-source-tree,外部依赖、可选内存/功耗/平台库及头,是否使用取决于构建，不按目录存在判断,gem5/ext,inherited-from-ancestor
gem5/ext/googletest/docs/assets,directory,,0,1,main-source-tree,外部依赖、可选内存/功耗/平台库及头,是否使用取决于构建，不按目录存在判断,gem5/ext,inherited-from-ancestor
gem5/ext/googletest/docs/assets/css,directory,,1,1,main-source-tree,外部依赖、可选内存/功耗/平台库及头,是否使用取决于构建，不按目录存在判断,gem5/ext,inherited-from-ancestor
gem5/ext/googletest/docs/reference,directory,,5,5,main-source-tree,外部依赖、可选内存/功耗/平台库及头,是否使用取决于构建，不按目录存在判断,gem5/ext,inherited-from-ancestor
gem5/ext/googletest/googlemock,directory,,2,57,main-source-tree,外部依赖、可选内存/功耗/平台库及头,是否使用取决于构建，不按目录存在判断,gem5/ext,inherited-from-ancestor
gem5/ext/googletest/googlemock/cmake,directory,,2,2,main-source-tree,外部依赖、可选内存/功耗/平台库及头,是否使用取决于构建，不按目录存在判断,gem5/ext,inherited-from-ancestor
gem5/ext/googletest/googlemock/docs,directory,,1,1,main-source-tree,外部依赖、可选内存/功耗/平台库及头,是否使用取决于构建，不按目录存在判断,gem5/ext,inherited-from-ancestor
gem5/ext/googletest/googlemock/include,directory,,0,16,main-source-tree,外部依赖、可选内存/功耗/平台库及头,是否使用取决于构建，不按目录存在判断,gem5/ext,inherited-from-ancestor
gem5/ext/googletest/googlemock/include/gmock,directory,,9,16,main-source-tree,外部依赖、可选内存/功耗/平台库及头,是否使用取决于构建，不按目录存在判断,gem5/ext,inherited-from-ancestor
gem5/ext/googletest/googlemock/include/gmock/internal,directory,,3,7,main-source-tree,外部依赖、可选内存/功耗/平台库及头,是否使用取决于构建，不按目录存在判断,gem5/ext,inherited-from-ancestor
gem5/ext/googletest/googlemock/include/gmock/internal/custom,directory,,4,4,main-source-tree,外部依赖、可选内存/功耗/平台库及头,是否使用取决于构建，不按目录存在判断,gem5/ext,inherited-from-ancestor
gem5/ext/googletest/googlemock/src,directory,,7,7,main-source-tree,外部依赖、可选内存/功耗/平台库及头,是否使用取决于构建，不按目录存在判断,gem5/ext,inherited-from-ancestor
gem5/ext/googletest/googlemock/test,directory,,29,29,main-source-tree,外部依赖、可选内存/功耗/平台库及头,是否使用取决于构建，不按目录存在判断,gem5/ext,inherited-from-ancestor
gem5/ext/googletest/googletest,directory,,2,146,main-source-tree,外部依赖、可选内存/功耗/平台库及头,是否使用取决于构建，不按目录存在判断,gem5/ext,inherited-from-ancestor
gem5/ext/googletest/googletest/cmake,directory,,5,5,main-source-tree,外部依赖、可选内存/功耗/平台库及头,是否使用取决于构建，不按目录存在判断,gem5/ext,inherited-from-ancestor
gem5/ext/googletest/googletest/docs,directory,,1,1,main-source-tree,外部依赖、可选内存/功耗/平台库及头,是否使用取决于构建，不按目录存在判断,gem5/ext,inherited-from-ancestor
gem5/ext/googletest/googletest/include,directory,,0,24,main-source-tree,外部依赖、可选内存/功耗/平台库及头,是否使用取决于构建，不按目录存在判断,gem5/ext,inherited-from-ancestor
gem5/ext/googletest/googletest/include/gtest,directory,,12,24,main-source-tree,外部依赖、可选内存/功耗/平台库及头,是否使用取决于构建，不按目录存在判断,gem5/ext,inherited-from-ancestor
gem5/ext/googletest/googletest/include/gtest/internal,directory,,8,12,main-source-tree,外部依赖、可选内存/功耗/平台库及头,是否使用取决于构建，不按目录存在判断,gem5/ext,inherited-from-ancestor
gem5/ext/googletest/googletest/include/gtest/internal/custom,directory,,4,4,main-source-tree,外部依赖、可选内存/功耗/平台库及头,是否使用取决于构建，不按目录存在判断,gem5/ext,inherited-from-ancestor
gem5/ext/googletest/googletest/samples,directory,,18,18,main-source-tree,外部依赖、可选内存/功耗/平台库及头,是否使用取决于构建，不按目录存在判断,gem5/ext,inherited-from-ancestor
gem5/ext/googletest/googletest/src,directory,,12,12,main-source-tree,外部依赖、可选内存/功耗/平台库及头,是否使用取决于构建，不按目录存在判断,gem5/ext,inherited-from-ancestor
gem5/ext/googletest/googletest/test,directory,,84,84,main-source-tree,外部依赖、可选内存/功耗/平台库及头,是否使用取决于构建，不按目录存在判断,gem5/ext,inherited-from-ancestor
gem5/ext/iostream3,directory,,6,6,main-source-tree,外部依赖、可选内存/功耗/平台库及头,是否使用取决于构建，不按目录存在判断,gem5/ext,inherited-from-ancestor
gem5/ext/libelf,directory,,70,70,main-source-tree,外部依赖、可选内存/功耗/平台库及头,是否使用取决于构建，不按目录存在判断,gem5/ext,inherited-from-ancestor
gem5/ext/libfdt,directory,,13,13,main-source-tree,外部依赖、可选内存/功耗/平台库及头,是否使用取决于构建，不按目录存在判断,gem5/ext,inherited-from-ancestor
gem5/ext/magic_enum,directory,,2,2,main-source-tree,外部依赖、可选内存/功耗/平台库及头,是否使用取决于构建，不按目录存在判断,gem5/ext,inherited-from-ancestor
gem5/ext/mcpat,directory,,47,127,main-source-tree,外部依赖、可选内存/功耗/平台库及头,是否使用取决于构建，不按目录存在判断,gem5/ext,inherited-from-ancestor
gem5/ext/mcpat/cacti,directory,,46,46,main-source-tree,外部依赖、可选内存/功耗/平台库及头,是否使用取决于构建，不按目录存在判断,gem5/ext,inherited-from-ancestor
gem5/ext/mcpat/regression,directory,,3,21,main-source-tree,外部依赖、可选内存/功耗/平台库及头,是否使用取决于构建，不按目录存在判断,gem5/ext,inherited-from-ancestor
gem5/ext/mcpat/regression/test-0,directory,,2,2,main-source-tree,外部依赖、可选内存/功耗/平台库及头,是否使用取决于构建，不按目录存在判断,gem5/ext,inherited-from-ancestor
gem5/ext/mcpat/regression/test-1,directory,,2,2,main-source-tree,外部依赖、可选内存/功耗/平台库及头,是否使用取决于构建，不按目录存在判断,gem5/ext,inherited-from-ancestor
gem5/ext/mcpat/regression/test-2,directory,,2,2,main-source-tree,外部依赖、可选内存/功耗/平台库及头,是否使用取决于构建，不按目录存在判断,gem5/ext,inherited-from-ancestor
gem5/ext/mcpat/regression/test-3,directory,,2,2,main-source-tree,外部依赖、可选内存/功耗/平台库及头,是否使用取决于构建，不按目录存在判断,gem5/ext,inherited-from-ancestor
gem5/ext/mcpat/regression/test-4,directory,,2,2,main-source-tree,外部依赖、可选内存/功耗/平台库及头,是否使用取决于构建，不按目录存在判断,gem5/ext,inherited-from-ancestor
gem5/ext/mcpat/regression/test-5,directory,,2,2,main-source-tree,外部依赖、可选内存/功耗/平台库及头,是否使用取决于构建，不按目录存在判断,gem5/ext,inherited-from-ancestor
gem5/ext/mcpat/regression/test-6,directory,,2,2,main-source-tree,外部依赖、可选内存/功耗/平台库及头,是否使用取决于构建，不按目录存在判断,gem5/ext,inherited-from-ancestor
gem5/ext/mcpat/regression/test-7,directory,,2,2,main-source-tree,外部依赖、可选内存/功耗/平台库及头,是否使用取决于构建，不按目录存在判断,gem5/ext,inherited-from-ancestor
gem5/ext/mcpat/regression/test-8,directory,,2,2,main-source-tree,外部依赖、可选内存/功耗/平台库及头,是否使用取决于构建，不按目录存在判断,gem5/ext,inherited-from-ancestor
gem5/ext/mcpat/results,directory,,13,13,main-source-tree,外部依赖、可选内存/功耗/平台库及头,是否使用取决于构建，不按目录存在判断,gem5/ext,inherited-from-ancestor
gem5/ext/nomali,directory,,8,42,main-source-tree,外部依赖、可选内存/功耗/平台库及头,是否使用取决于构建，不按目录存在判断,gem5/ext,inherited-from-ancestor
gem5/ext/nomali/include,directory,,0,1,main-source-tree,外部依赖、可选内存/功耗/平台库及头,是否使用取决于构建，不按目录存在判断,gem5/ext,inherited-from-ancestor
gem5/ext/nomali/include/libnomali,directory,,1,1,main-source-tree,外部依赖、可选内存/功耗/平台库及头,是否使用取决于构建，不按目录存在判断,gem5/ext,inherited-from-ancestor
gem5/ext/nomali/lib,directory,,25,25,main-source-tree,外部依赖、可选内存/功耗/平台库及头,是否使用取决于构建，不按目录存在判断,gem5/ext,inherited-from-ancestor
gem5/ext/nomali/tests,directory,,8,8,main-source-tree,外部依赖、可选内存/功耗/平台库及头,是否使用取决于构建，不按目录存在判断,gem5/ext,inherited-from-ancestor
gem5/ext/ply,directory,,8,184,main-source-tree,外部依赖、可选内存/功耗/平台库及头,是否使用取决于构建，不按目录存在判断,gem5/ext,inherited-from-ancestor
gem5/ext/ply/doc,directory,,3,3,main-source-tree,外部依赖、可选内存/功耗/平台库及头,是否使用取决于构建，不按目录存在判断,gem5/ext,inherited-from-ancestor
gem5/ext/ply/example,directory,,2,40,main-source-tree,外部依赖、可选内存/功耗/平台库及头,是否使用取决于构建，不按目录存在判断,gem5/ext,inherited-from-ancestor
gem5/ext/ply/example/BASIC,directory,,19,19,main-source-tree,外部依赖、可选内存/功耗/平台库及头,是否使用取决于构建，不按目录存在判断,gem5/ext,inherited-from-ancestor
gem5/ext/ply/example/GardenSnake,directory,,2,2,main-source-tree,外部依赖、可选内存/功耗/平台库及头,是否使用取决于构建，不按目录存在判断,gem5/ext,inherited-from-ancestor
gem5/ext/ply/example/ansic,directory,,3,3,main-source-tree,外部依赖、可选内存/功耗/平台库及头,是否使用取决于构建，不按目录存在判断,gem5/ext,inherited-from-ancestor
gem5/ext/ply/example/calc,directory,,1,1,main-source-tree,外部依赖、可选内存/功耗/平台库及头,是否使用取决于构建，不按目录存在判断,gem5/ext,inherited-from-ancestor
gem5/ext/ply/example/calcdebug,directory,,1,1,main-source-tree,外部依赖、可选内存/功耗/平台库及头,是否使用取决于构建，不按目录存在判断,gem5/ext,inherited-from-ancestor
gem5/ext/ply/example/calceof,directory,,1,1,main-source-tree,外部依赖、可选内存/功耗/平台库及头,是否使用取决于构建，不按目录存在判断,gem5/ext,inherited-from-ancestor
gem5/ext/ply/example/classcalc,directory,,1,1,main-source-tree,外部依赖、可选内存/功耗/平台库及头,是否使用取决于构建，不按目录存在判断,gem5/ext,inherited-from-ancestor
gem5/ext/ply/example/closurecalc,directory,,1,1,main-source-tree,外部依赖、可选内存/功耗/平台库及头,是否使用取决于构建，不按目录存在判断,gem5/ext,inherited-from-ancestor
gem5/ext/ply/example/hedit,directory,,1,1,main-source-tree,外部依赖、可选内存/功耗/平台库及头,是否使用取决于构建，不按目录存在判断,gem5/ext,inherited-from-ancestor
gem5/ext/ply/example/newclasscalc,directory,,1,1,main-source-tree,外部依赖、可选内存/功耗/平台库及头,是否使用取决于构建，不按目录存在判断,gem5/ext,inherited-from-ancestor
gem5/ext/ply/example/optcalc,directory,,2,2,main-source-tree,外部依赖、可选内存/功耗/平台库及头,是否使用取决于构建，不按目录存在判断,gem5/ext,inherited-from-ancestor
gem5/ext/ply/example/unicalc,directory,,1,1,main-source-tree,外部依赖、可选内存/功耗/平台库及头,是否使用取决于构建，不按目录存在判断,gem5/ext,inherited-from-ancestor
gem5/ext/ply/example/yply,directory,,4,4,main-source-tree,外部依赖、可选内存/功耗/平台库及头,是否使用取决于构建，不按目录存在判断,gem5/ext,inherited-from-ancestor
gem5/ext/ply/ply,directory,,6,9,main-source-tree,外部依赖、可选内存/功耗/平台库及头,是否使用取决于构建，不按目录存在判断,gem5/ext,inherited-from-ancestor
gem5/ext/ply/ply.egg-info,directory,,4,4,main-source-tree,外部依赖、可选内存/功耗/平台库及头,是否使用取决于构建，不按目录存在判断,gem5/ext,inherited-from-ancestor
gem5/ext/ply/ply/__pycache__,directory,,3,3,generated-cache,Python自动生成的bytecode缓存,本地产物，不维护源码、不提交,__pycache__,directory-type-rule
gem5/ext/ply/test,directory,,87,120,main-source-tree,外部依赖、可选内存/功耗/平台库及头,是否使用取决于构建，不按目录存在判断,gem5/ext,inherited-from-ancestor
gem5/ext/ply/test/pkg_test1,directory,,1,5,main-source-tree,外部依赖、可选内存/功耗/平台库及头,是否使用取决于构建，不按目录存在判断,gem5/ext,inherited-from-ancestor
gem5/ext/ply/test/pkg_test1/parsing,directory,,4,4,main-source-tree,外部依赖、可选内存/功耗/平台库及头,是否使用取决于构建，不按目录存在判断,gem5/ext,inherited-from-ancestor
gem5/ext/ply/test/pkg_test2,directory,,1,6,main-source-tree,外部依赖、可选内存/功耗/平台库及头,是否使用取决于构建，不按目录存在判断,gem5/ext,inherited-from-ancestor
gem5/ext/ply/test/pkg_test2/parsing,directory,,5,5,main-source-tree,外部依赖、可选内存/功耗/平台库及头,是否使用取决于构建，不按目录存在判断,gem5/ext,inherited-from-ancestor
gem5/ext/ply/test/pkg_test3,directory,,1,6,main-source-tree,外部依赖、可选内存/功耗/平台库及头,是否使用取决于构建，不按目录存在判断,gem5/ext,inherited-from-ancestor
gem5/ext/ply/test/pkg_test3/generated,directory,,2,2,main-source-tree,外部依赖、可选内存/功耗/平台库及头,是否使用取决于构建，不按目录存在判断,gem5/ext,inherited-from-ancestor
gem5/ext/ply/test/pkg_test3/parsing,directory,,3,3,main-source-tree,外部依赖、可选内存/功耗/平台库及头,是否使用取决于构建，不按目录存在判断,gem5/ext,inherited-from-ancestor
gem5/ext/ply/test/pkg_test4,directory,,1,4,main-source-tree,外部依赖、可选内存/功耗/平台库及头,是否使用取决于构建，不按目录存在判断,gem5/ext,inherited-from-ancestor
gem5/ext/ply/test/pkg_test4/parsing,directory,,3,3,main-source-tree,外部依赖、可选内存/功耗/平台库及头,是否使用取决于构建，不按目录存在判断,gem5/ext,inherited-from-ancestor
gem5/ext/ply/test/pkg_test5,directory,,1,5,main-source-tree,外部依赖、可选内存/功耗/平台库及头,是否使用取决于构建，不按目录存在判断,gem5/ext,inherited-from-ancestor
gem5/ext/ply/test/pkg_test5/parsing,directory,,4,4,main-source-tree,外部依赖、可选内存/功耗/平台库及头,是否使用取决于构建，不按目录存在判断,gem5/ext,inherited-from-ancestor
gem5/ext/ply/test/pkg_test6,directory,,1,7,main-source-tree,外部依赖、可选内存/功耗/平台库及头,是否使用取决于构建，不按目录存在判断,gem5/ext,inherited-from-ancestor
gem5/ext/ply/test/pkg_test6/parsing,directory,,6,6,main-source-tree,外部依赖、可选内存/功耗/平台库及头,是否使用取决于构建，不按目录存在判断,gem5/ext,inherited-from-ancestor
gem5/ext/pybind11,directory,,16,357,main-source-tree,外部依赖、可选内存/功耗/平台库及头,是否使用取决于构建，不按目录存在判断,gem5/ext,inherited-from-ancestor
gem5/ext/pybind11/.github,directory,,6,19,main-source-tree,外部依赖、可选内存/功耗/平台库及头,是否使用取决于构建，不按目录存在判断,gem5/ext,inherited-from-ancestor
gem5/ext/pybind11/.github/ISSUE_TEMPLATE,directory,,2,2,main-source-tree,外部依赖、可选内存/功耗/平台库及头,是否使用取决于构建，不按目录存在判断,gem5/ext,inherited-from-ancestor
gem5/ext/pybind11/.github/matchers,directory,,1,1,main-source-tree,外部依赖、可选内存/功耗/平台库及头,是否使用取决于构建，不按目录存在判断,gem5/ext,inherited-from-ancestor
gem5/ext/pybind11/.github/workflows,directory,,10,10,main-source-tree,外部依赖、可选内存/功耗/平台库及头,是否使用取决于构建，不按目录存在判断,gem5/ext,inherited-from-ancestor
gem5/ext/pybind11/docs,directory,,22,44,main-source-tree,外部依赖、可选内存/功耗/平台库及头,是否使用取决于构建，不按目录存在判断,gem5/ext,inherited-from-ancestor
gem5/ext/pybind11/docs/_static,directory,,0,1,main-source-tree,外部依赖、可选内存/功耗/平台库及头,是否使用取决于构建，不按目录存在判断,gem5/ext,inherited-from-ancestor
gem5/ext/pybind11/docs/_static/css,directory,,1,1,main-source-tree,外部依赖、可选内存/功耗/平台库及头,是否使用取决于构建，不按目录存在判断,gem5/ext,inherited-from-ancestor
gem5/ext/pybind11/docs/advanced,directory,,8,20,main-source-tree,外部依赖、可选内存/功耗/平台库及头,是否使用取决于构建，不按目录存在判断,gem5/ext,inherited-from-ancestor
gem5/ext/pybind11/docs/advanced/cast,directory,,8,8,main-source-tree,外部依赖、可选内存/功耗/平台库及头,是否使用取决于构建，不按目录存在判断,gem5/ext,inherited-from-ancestor
gem5/ext/pybind11/docs/advanced/pycpp,directory,,4,4,main-source-tree,外部依赖、可选内存/功耗/平台库及头,是否使用取决于构建，不按目录存在判断,gem5/ext,inherited-from-ancestor
gem5/ext/pybind11/docs/cmake,directory,,1,1,main-source-tree,外部依赖、可选内存/功耗/平台库及头,是否使用取决于构建，不按目录存在判断,gem5/ext,inherited-from-ancestor
gem5/ext/pybind11/include,directory,,0,52,main-source-tree,外部依赖、可选内存/功耗/平台库及头,是否使用取决于构建，不按目录存在判断,gem5/ext,inherited-from-ancestor
gem5/ext/pybind11/include/pybind11,directory,,28,52,main-source-tree,外部依赖、可选内存/功耗/平台库及头,是否使用取决于构建，不按目录存在判断,gem5/ext,inherited-from-ancestor
gem5/ext/pybind11/include/pybind11/conduit,directory,,4,4,main-source-tree,外部依赖、可选内存/功耗/平台库及头,是否使用取决于构建，不按目录存在判断,gem5/ext,inherited-from-ancestor
gem5/ext/pybind11/include/pybind11/detail,directory,,16,16,main-source-tree,外部依赖、可选内存/功耗/平台库及头,是否使用取决于构建，不按目录存在判断,gem5/ext,inherited-from-ancestor
gem5/ext/pybind11/include/pybind11/eigen,directory,,3,3,main-source-tree,外部依赖、可选内存/功耗/平台库及头,是否使用取决于构建，不按目录存在判断,gem5/ext,inherited-from-ancestor
gem5/ext/pybind11/include/pybind11/stl,directory,,1,1,main-source-tree,外部依赖、可选内存/功耗/平台库及头,是否使用取决于构建，不按目录存在判断,gem5/ext,inherited-from-ancestor
gem5/ext/pybind11/pybind11,directory,,6,6,main-source-tree,外部依赖、可选内存/功耗/平台库及头,是否使用取决于构建，不按目录存在判断,gem5/ext,inherited-from-ancestor
gem5/ext/pybind11/tests,directory,,173,203,main-source-tree,外部依赖、可选内存/功耗/平台库及头,是否使用取决于构建，不按目录存在判断,gem5/ext,inherited-from-ancestor
gem5/ext/pybind11/tests/extra_python_package,directory,,2,2,main-source-tree,外部依赖、可选内存/功耗/平台库及头,是否使用取决于构建，不按目录存在判断,gem5/ext,inherited-from-ancestor
gem5/ext/pybind11/tests/extra_setuptools,directory,,2,2,main-source-tree,外部依赖、可选内存/功耗/平台库及头,是否使用取决于构建，不按目录存在判断,gem5/ext,inherited-from-ancestor
gem5/ext/pybind11/tests/pure_cpp,directory,,3,3,main-source-tree,外部依赖、可选内存/功耗/平台库及头,是否使用取决于构建，不按目录存在判断,gem5/ext,inherited-from-ancestor
gem5/ext/pybind11/tests/test_cmake_build,directory,,4,10,main-source-tree,外部依赖、可选内存/功耗/平台库及头,是否使用取决于构建，不按目录存在判断,gem5/ext,inherited-from-ancestor
gem5/ext/pybind11/tests/test_cmake_build/installed_embed,directory,,1,1,main-source-tree,外部依赖、可选内存/功耗/平台库及头,是否使用取决于构建，不按目录存在判断,gem5/ext,inherited-from-ancestor
gem5/ext/pybind11/tests/test_cmake_build/installed_function,directory,,1,1,main-source-tree,外部依赖、可选内存/功耗/平台库及头,是否使用取决于构建，不按目录存在判断,gem5/ext,inherited-from-ancestor
gem5/ext/pybind11/tests/test_cmake_build/installed_target,directory,,1,1,main-source-tree,外部依赖、可选内存/功耗/平台库及头,是否使用取决于构建，不按目录存在判断,gem5/ext,inherited-from-ancestor
gem5/ext/pybind11/tests/test_cmake_build/subdirectory_embed,directory,,1,1,main-source-tree,外部依赖、可选内存/功耗/平台库及头,是否使用取决于构建，不按目录存在判断,gem5/ext,inherited-from-ancestor
gem5/ext/pybind11/tests/test_cmake_build/subdirectory_function,directory,,1,1,main-source-tree,外部依赖、可选内存/功耗/平台库及头,是否使用取决于构建，不按目录存在判断,gem5/ext,inherited-from-ancestor
gem5/ext/pybind11/tests/test_cmake_build/subdirectory_target,directory,,1,1,main-source-tree,外部依赖、可选内存/功耗/平台库及头,是否使用取决于构建，不按目录存在判断,gem5/ext,inherited-from-ancestor
gem5/ext/pybind11/tests/test_cross_module_rtti,directory,,6,6,main-source-tree,外部依赖、可选内存/功耗/平台库及头,是否使用取决于构建，不按目录存在判断,gem5/ext,inherited-from-ancestor
gem5/ext/pybind11/tests/test_embed,directory,,7,7,main-source-tree,外部依赖、可选内存/功耗/平台库及头,是否使用取决于构建，不按目录存在判断,gem5/ext,inherited-from-ancestor
gem5/ext/pybind11/tools,directory,,17,17,main-source-tree,外部依赖、可选内存/功耗/平台库及头,是否使用取决于构建，不按目录存在判断,gem5/ext,inherited-from-ancestor
gem5/ext/softfloat,directory,,361,361,main-source-tree,外部依赖、可选内存/功耗/平台库及头,是否使用取决于构建，不按目录存在判断,gem5/ext,inherited-from-ancestor
gem5/ext/sst,directory,,14,17,main-source-tree,外部依赖、可选内存/功耗/平台库及头,是否使用取决于构建，不按目录存在判断,gem5/ext,inherited-from-ancestor
gem5/ext/sst/sst,directory,,3,3,main-source-tree,外部依赖、可选内存/功耗/平台库及头,是否使用取决于构建，不按目录存在判断,gem5/ext,inherited-from-ancestor
gem5/ext/systemc,directory,,11,371,main-source-tree,上游外部SystemC相关内容,当前系统使用src/systemc原生实现，不链接第二套SystemC,gem5/ext/systemc,manual
gem5/ext/systemc/src,directory,,5,360,main-source-tree,上游外部SystemC相关内容,当前系统使用src/systemc原生实现，不链接第二套SystemC,gem5/ext/systemc,inherited-from-ancestor
gem5/ext/systemc/src/sysc,directory,,1,304,main-source-tree,上游外部SystemC相关内容,当前系统使用src/systemc原生实现，不链接第二套SystemC,gem5/ext/systemc,inherited-from-ancestor
gem5/ext/systemc/src/sysc/communication,directory,,40,40,main-source-tree,上游外部SystemC相关内容,当前系统使用src/systemc原生实现，不链接第二套SystemC,gem5/ext/systemc,inherited-from-ancestor
gem5/ext/systemc/src/sysc/datatypes,directory,,0,84,main-source-tree,上游外部SystemC相关内容,当前系统使用src/systemc原生实现，不链接第二套SystemC,gem5/ext/systemc,inherited-from-ancestor
gem5/ext/systemc/src/sysc/datatypes/bit,directory,,14,14,main-source-tree,上游外部SystemC相关内容,当前系统使用src/systemc原生实现，不链接第二套SystemC,gem5/ext/systemc,inherited-from-ancestor
gem5/ext/systemc/src/sysc/datatypes/fx,directory,,34,34,main-source-tree,上游外部SystemC相关内容,当前系统使用src/systemc原生实现，不链接第二套SystemC,gem5/ext/systemc,inherited-from-ancestor
gem5/ext/systemc/src/sysc/datatypes/int,directory,,31,31,main-source-tree,上游外部SystemC相关内容,当前系统使用src/systemc原生实现，不链接第二套SystemC,gem5/ext/systemc,inherited-from-ancestor
gem5/ext/systemc/src/sysc/datatypes/misc,directory,,5,5,main-source-tree,上游外部SystemC相关内容,当前系统使用src/systemc原生实现，不链接第二套SystemC,gem5/ext/systemc,inherited-from-ancestor
gem5/ext/systemc/src/sysc/kernel,directory,,70,70,main-source-tree,上游外部SystemC相关内容,当前系统使用src/systemc原生实现，不链接第二套SystemC,gem5/ext/systemc,inherited-from-ancestor
gem5/ext/systemc/src/sysc/qt,directory,,15,74,main-source-tree,上游外部SystemC相关内容,当前系统使用src/systemc原生实现，不链接第二套SystemC,gem5/ext/systemc,inherited-from-ancestor
gem5/ext/systemc/src/sysc/qt/md,directory,,52,52,main-source-tree,上游外部SystemC相关内容,当前系统使用src/systemc原生实现，不链接第二套SystemC,gem5/ext/systemc,inherited-from-ancestor
gem5/ext/systemc/src/sysc/qt/time,directory,,7,7,main-source-tree,上游外部SystemC相关内容,当前系统使用src/systemc原生实现，不链接第二套SystemC,gem5/ext/systemc,inherited-from-ancestor
gem5/ext/systemc/src/sysc/tracing,directory,,10,10,main-source-tree,上游外部SystemC相关内容,当前系统使用src/systemc原生实现，不链接第二套SystemC,gem5/ext/systemc,inherited-from-ancestor
gem5/ext/systemc/src/sysc/utils,directory,,25,25,main-source-tree,上游外部SystemC相关内容,当前系统使用src/systemc原生实现，不链接第二套SystemC,gem5/ext/systemc,inherited-from-ancestor
gem5/ext/systemc/src/tlm_core,directory,,1,39,main-source-tree,上游外部SystemC相关内容,当前系统使用src/systemc原生实现，不链接第二套SystemC,gem5/ext/systemc,inherited-from-ancestor
gem5/ext/systemc/src/tlm_core/tlm_1,directory,,1,22,main-source-tree,上游外部SystemC相关内容,当前系统使用src/systemc原生实现，不链接第二套SystemC,gem5/ext/systemc,inherited-from-ancestor
gem5/ext/systemc/src/tlm_core/tlm_1/tlm_analysis,directory,,6,6,main-source-tree,上游外部SystemC相关内容,当前系统使用src/systemc原生实现，不链接第二套SystemC,gem5/ext/systemc,inherited-from-ancestor
gem5/ext/systemc/src/tlm_core/tlm_1/tlm_req_rsp,directory,,1,15,main-source-tree,上游外部SystemC相关内容,当前系统使用src/systemc原生实现，不链接第二套SystemC,gem5/ext/systemc,inherited-from-ancestor
gem5/ext/systemc/src/tlm_core/tlm_1/tlm_req_rsp/tlm_1_interfaces,directory,,4,4,main-source-tree,上游外部SystemC相关内容,当前系统使用src/systemc原生实现，不链接第二套SystemC,gem5/ext/systemc,inherited-from-ancestor
gem5/ext/systemc/src/tlm_core/tlm_1/tlm_req_rsp/tlm_adapters,directory,,1,1,main-source-tree,上游外部SystemC相关内容,当前系统使用src/systemc原生实现，不链接第二套SystemC,gem5/ext/systemc,inherited-from-ancestor
gem5/ext/systemc/src/tlm_core/tlm_1/tlm_req_rsp/tlm_channels,directory,,0,7,main-source-tree,上游外部SystemC相关内容,当前系统使用src/systemc原生实现，不链接第二套SystemC,gem5/ext/systemc,inherited-from-ancestor
gem5/ext/systemc/src/tlm_core/tlm_1/tlm_req_rsp/tlm_channels/tlm_fifo,directory,,5,5,main-source-tree,上游外部SystemC相关内容,当前系统使用src/systemc原生实现，不链接第二套SystemC,gem5/ext/systemc,inherited-from-ancestor
gem5/ext/systemc/src/tlm_core/tlm_1/tlm_req_rsp/tlm_channels/tlm_req_rsp_channels,directory,,2,2,main-source-tree,上游外部SystemC相关内容,当前系统使用src/systemc原生实现，不链接第二套SystemC,gem5/ext/systemc,inherited-from-ancestor
gem5/ext/systemc/src/tlm_core/tlm_1/tlm_req_rsp/tlm_ports,directory,,2,2,main-source-tree,上游外部SystemC相关内容,当前系统使用src/systemc原生实现，不链接第二套SystemC,gem5/ext/systemc,inherited-from-ancestor
gem5/ext/systemc/src/tlm_core/tlm_2,directory,,2,16,main-source-tree,上游外部SystemC相关内容,当前系统使用src/systemc原生实现，不链接第二套SystemC,gem5/ext/systemc,inherited-from-ancestor
gem5/ext/systemc/src/tlm_core/tlm_2/tlm_2_interfaces,directory,,3,3,main-source-tree,上游外部SystemC相关内容,当前系统使用src/systemc原生实现，不链接第二套SystemC,gem5/ext/systemc,inherited-from-ancestor
gem5/ext/systemc/src/tlm_core/tlm_2/tlm_generic_payload,directory,,6,6,main-source-tree,上游外部SystemC相关内容,当前系统使用src/systemc原生实现，不链接第二套SystemC,gem5/ext/systemc,inherited-from-ancestor
gem5/ext/systemc/src/tlm_core/tlm_2/tlm_quantum,directory,,2,2,main-source-tree,上游外部SystemC相关内容,当前系统使用src/systemc原生实现，不链接第二套SystemC,gem5/ext/systemc,inherited-from-ancestor
gem5/ext/systemc/src/tlm_core/tlm_2/tlm_sockets,directory,,3,3,main-source-tree,上游外部SystemC相关内容,当前系统使用src/systemc原生实现，不链接第二套SystemC,gem5/ext/systemc,inherited-from-ancestor
gem5/ext/systemc/src/tlm_utils,directory,,12,12,main-source-tree,上游外部SystemC相关内容,当前系统使用src/systemc原生实现，不链接第二套SystemC,gem5/ext/systemc,inherited-from-ancestor
gem5/ext/testlib,directory,,17,17,main-source-tree,外部依赖、可选内存/功耗/平台库及头,是否使用取决于构建，不按目录存在判断,gem5/ext,inherited-from-ancestor
gem5/ext/x11keysym,directory,,2,2,main-source-tree,外部依赖、可选内存/功耗/平台库及头,是否使用取决于构建，不按目录存在判断,gem5/ext,inherited-from-ancestor
gem5/include,directory,,0,3,main-source-tree,CPU/内存/设备/事件/SystemC 仿真框架,普通主仓库源码,gem5,inherited-from-ancestor
gem5/include/gem5,directory,,2,3,main-source-tree,对外公共接口头,框架API,gem5/include/gem5,manual
gem5/include/gem5/asm,directory,,0,1,main-source-tree,对外公共接口头,框架API,gem5/include/gem5,inherited-from-ancestor
gem5/include/gem5/asm/generic,directory,,1,1,main-source-tree,对外公共接口头,框架API,gem5/include/gem5,inherited-from-ancestor
gem5/site_scons,directory,,2,27,main-source-tree,SCons扩展、工具探测和构建辅助,构建期,gem5/site_scons,manual
gem5/site_scons/__pycache__,directory,,1,1,generated-cache,Python自动生成的bytecode缓存,本地产物，不维护源码、不提交,__pycache__,directory-type-rule
gem5/site_scons/gem5_scons,directory,,6,22,main-source-tree,SCons扩展、工具探测和构建辅助,构建期,gem5/site_scons,inherited-from-ancestor
gem5/site_scons/gem5_scons/__pycache__,directory,,6,6,generated-cache,Python自动生成的bytecode缓存,本地产物，不维护源码、不提交,__pycache__,directory-type-rule
gem5/site_scons/gem5_scons/builders,directory,,5,10,main-source-tree,SCons扩展、工具探测和构建辅助,构建期,gem5/site_scons,inherited-from-ancestor
gem5/site_scons/gem5_scons/builders/__pycache__,directory,,5,5,generated-cache,Python自动生成的bytecode缓存,本地产物，不维护源码、不提交,__pycache__,directory-type-rule
gem5/site_scons/site_tools,directory,,1,2,main-source-tree,SCons扩展、工具探测和构建辅助,构建期,gem5/site_scons,inherited-from-ancestor
gem5/site_scons/site_tools/__pycache__,directory,,1,1,generated-cache,Python自动生成的bytecode缓存,本地产物，不维护源码、不提交,__pycache__,directory-type-rule
gem5/src,directory,,3,7581,main-source-tree,框架C++及Python源码,核心源码,gem5/src,manual
gem5/src/arch,directory,,5,1413,main-source-tree,ISA指令、译码、寄存器及架构语义,当前Host选择X86，其他ISA源码不自动启用,gem5/src/arch,manual
gem5/src/arch/__pycache__,directory,,1,1,generated-cache,Python自动生成的bytecode缓存,本地产物，不维护源码、不提交,__pycache__,directory-type-rule
gem5/src/arch/amdgpu,directory,,1,77,main-source-tree,ISA指令、译码、寄存器及架构语义,当前Host选择X86，其他ISA源码不自动启用,gem5/src/arch,inherited-from-ancestor
gem5/src/arch/amdgpu/common,directory,,7,23,main-source-tree,ISA指令、译码、寄存器及架构语义,当前Host选择X86，其他ISA源码不自动启用,gem5/src/arch,inherited-from-ancestor
gem5/src/arch/amdgpu/common/dtype,directory,,16,16,main-source-tree,ISA指令、译码、寄存器及架构语义,当前Host选择X86，其他ISA源码不自动启用,gem5/src/arch,inherited-from-ancestor
gem5/src/arch/amdgpu/vega,directory,,25,53,main-source-tree,ISA指令、译码、寄存器及架构语义,当前Host选择X86，其他ISA源码不自动启用,gem5/src/arch,inherited-from-ancestor
gem5/src/arch/amdgpu/vega/insts,directory,,28,28,main-source-tree,ISA指令、译码、寄存器及架构语义,当前Host选择X86，其他ISA源码不自动启用,gem5/src/arch,inherited-from-ancestor
gem5/src/arch/arm,directory,,74,339,main-source-tree,ISA指令、译码、寄存器及架构语义,当前Host选择X86，其他ISA源码不自动启用,gem5/src/arch,inherited-from-ancestor
gem5/src/arch/arm/fastmodel,directory,,13,82,main-source-tree,ISA指令、译码、寄存器及架构语义,当前Host选择X86，其他ISA源码不自动启用,gem5/src/arch,inherited-from-ancestor
gem5/src/arch/arm/fastmodel/CortexA76,directory,,8,16,main-source-tree,ISA指令、译码、寄存器及架构语义,当前Host选择X86，其他ISA源码不自动启用,gem5/src/arch,inherited-from-ancestor
gem5/src/arch/arm/fastmodel/CortexA76/x1,directory,,2,2,main-source-tree,ISA指令、译码、寄存器及架构语义,当前Host选择X86，其他ISA源码不自动启用,gem5/src/arch,inherited-from-ancestor
gem5/src/arch/arm/fastmodel/CortexA76/x2,directory,,2,2,main-source-tree,ISA指令、译码、寄存器及架构语义,当前Host选择X86，其他ISA源码不自动启用,gem5/src/arch,inherited-from-ancestor
gem5/src/arch/arm/fastmodel/CortexA76/x3,directory,,2,2,main-source-tree,ISA指令、译码、寄存器及架构语义,当前Host选择X86，其他ISA源码不自动启用,gem5/src/arch,inherited-from-ancestor
gem5/src/arch/arm/fastmodel/CortexA76/x4,directory,,2,2,main-source-tree,ISA指令、译码、寄存器及架构语义,当前Host选择X86，其他ISA源码不自动启用,gem5/src/arch,inherited-from-ancestor
gem5/src/arch/arm/fastmodel/CortexR52,directory,,8,16,main-source-tree,ISA指令、译码、寄存器及架构语义,当前Host选择X86，其他ISA源码不自动启用,gem5/src/arch,inherited-from-ancestor
gem5/src/arch/arm/fastmodel/CortexR52/x1,directory,,2,2,main-source-tree,ISA指令、译码、寄存器及架构语义,当前Host选择X86，其他ISA源码不自动启用,gem5/src/arch,inherited-from-ancestor
gem5/src/arch/arm/fastmodel/CortexR52/x2,directory,,2,2,main-source-tree,ISA指令、译码、寄存器及架构语义,当前Host选择X86，其他ISA源码不自动启用,gem5/src/arch,inherited-from-ancestor
gem5/src/arch/arm/fastmodel/CortexR52/x3,directory,,2,2,main-source-tree,ISA指令、译码、寄存器及架构语义,当前Host选择X86，其他ISA源码不自动启用,gem5/src/arch,inherited-from-ancestor
gem5/src/arch/arm/fastmodel/CortexR52/x4,directory,,2,2,main-source-tree,ISA指令、译码、寄存器及架构语义,当前Host选择X86，其他ISA源码不自动启用,gem5/src/arch,inherited-from-ancestor
gem5/src/arch/arm/fastmodel/GIC,directory,,6,6,main-source-tree,ISA指令、译码、寄存器及架构语义,当前Host选择X86，其他ISA源码不自动启用,gem5/src/arch,inherited-from-ancestor
gem5/src/arch/arm/fastmodel/PL330_DMAC,directory,,6,6,main-source-tree,ISA指令、译码、寄存器及架构语义,当前Host选择X86，其他ISA源码不自动启用,gem5/src/arch,inherited-from-ancestor
gem5/src/arch/arm/fastmodel/common,directory,,2,2,main-source-tree,ISA指令、译码、寄存器及架构语义,当前Host选择X86，其他ISA源码不自动启用,gem5/src/arch,inherited-from-ancestor
gem5/src/arch/arm/fastmodel/iris,directory,,14,14,main-source-tree,ISA指令、译码、寄存器及架构语义,当前Host选择X86，其他ISA源码不自动启用,gem5/src/arch,inherited-from-ancestor
gem5/src/arch/arm/fastmodel/protocol,directory,,5,5,main-source-tree,ISA指令、译码、寄存器及架构语义,当前Host选择X86，其他ISA源码不自动启用,gem5/src/arch,inherited-from-ancestor
gem5/src/arch/arm/fastmodel/reset_controller,directory,,4,4,main-source-tree,ISA指令、译码、寄存器及架构语义,当前Host选择X86，其他ISA源码不自动启用,gem5/src/arch,inherited-from-ancestor
gem5/src/arch/arm/freebsd,directory,,5,5,main-source-tree,ISA指令、译码、寄存器及架构语义,当前Host选择X86，其他ISA源码不自动启用,gem5/src/arch,inherited-from-ancestor
gem5/src/arch/arm/gdb-xml,directory,,7,7,main-source-tree,ISA指令、译码、寄存器及架构语义,当前Host选择X86，其他ISA源码不自动启用,gem5/src/arch,inherited-from-ancestor
gem5/src/arch/arm/insts,directory,,43,43,main-source-tree,ISA指令、译码、寄存器及架构语义,当前Host选择X86，其他ISA源码不自动启用,gem5/src/arch,inherited-from-ancestor
gem5/src/arch/arm/isa,directory,,6,79,main-source-tree,ISA指令、译码、寄存器及架构语义,当前Host选择X86，其他ISA源码不自动启用,gem5/src/arch,inherited-from-ancestor
gem5/src/arch/arm/isa/decoder,directory,,4,4,main-source-tree,ISA指令、译码、寄存器及架构语义,当前Host选择X86，其他ISA源码不自动启用,gem5/src/arch,inherited-from-ancestor
gem5/src/arch/arm/isa/formats,directory,,19,19,main-source-tree,ISA指令、译码、寄存器及架构语义,当前Host选择X86，其他ISA源码不自动启用,gem5/src/arch,inherited-from-ancestor
gem5/src/arch/arm/isa/insts,directory,,29,29,main-source-tree,ISA指令、译码、寄存器及架构语义,当前Host选择X86，其他ISA源码不自动启用,gem5/src/arch,inherited-from-ancestor
gem5/src/arch/arm/isa/templates,directory,,21,21,main-source-tree,ISA指令、译码、寄存器及架构语义,当前Host选择X86，其他ISA源码不自动启用,gem5/src/arch,inherited-from-ancestor
gem5/src/arch/arm/kvm,directory,,14,14,main-source-tree,ISA指令、译码、寄存器及架构语义,当前Host选择X86，其他ISA源码不自动启用,gem5/src/arch,inherited-from-ancestor
gem5/src/arch/arm/linux,directory,,9,9,main-source-tree,ISA指令、译码、寄存器及架构语义,当前Host选择X86，其他ISA源码不自动启用,gem5/src/arch,inherited-from-ancestor
gem5/src/arch/arm/regs,directory,,11,11,main-source-tree,ISA指令、译码、寄存器及架构语义,当前Host选择X86，其他ISA源码不自动启用,gem5/src/arch,inherited-from-ancestor
gem5/src/arch/arm/tracers,directory,,15,15,main-source-tree,ISA指令、译码、寄存器及架构语义,当前Host选择X86，其他ISA源码不自动启用,gem5/src/arch,inherited-from-ancestor
gem5/src/arch/generic,directory,,26,28,main-source-tree,ISA指令、译码、寄存器及架构语义,当前Host选择X86，其他ISA源码不自动启用,gem5/src/arch,inherited-from-ancestor
gem5/src/arch/generic/freebsd,directory,,1,1,main-source-tree,ISA指令、译码、寄存器及架构语义,当前Host选择X86，其他ISA源码不自动启用,gem5/src/arch,inherited-from-ancestor
gem5/src/arch/generic/linux,directory,,1,1,main-source-tree,ISA指令、译码、寄存器及架构语义,当前Host选择X86，其他ISA源码不自动启用,gem5/src/arch,inherited-from-ancestor
gem5/src/arch/isa_parser,directory,,5,10,main-source-tree,ISA指令、译码、寄存器及架构语义,当前Host选择X86，其他ISA源码不自动启用,gem5/src/arch,inherited-from-ancestor
gem5/src/arch/isa_parser/__pycache__,directory,,5,5,generated-cache,Python自动生成的bytecode缓存,本地产物，不维护源码、不提交,__pycache__,directory-type-rule
gem5/src/arch/mips,directory,,42,74,main-source-tree,ISA指令、译码、寄存器及架构语义,当前Host选择X86，其他ISA源码不自动启用,gem5/src/arch,inherited-from-ancestor
gem5/src/arch/mips/gdb-xml,directory,,2,2,main-source-tree,ISA指令、译码、寄存器及架构语义,当前Host选择X86，其他ISA源码不自动启用,gem5/src/arch,inherited-from-ancestor
gem5/src/arch/mips/isa,directory,,6,21,main-source-tree,ISA指令、译码、寄存器及架构语义,当前Host选择X86，其他ISA源码不自动启用,gem5/src/arch,inherited-from-ancestor
gem5/src/arch/mips/isa/formats,directory,,15,15,main-source-tree,ISA指令、译码、寄存器及架构语义,当前Host选择X86，其他ISA源码不自动启用,gem5/src/arch,inherited-from-ancestor
gem5/src/arch/mips/linux,directory,,6,6,main-source-tree,ISA指令、译码、寄存器及架构语义,当前Host选择X86，其他ISA源码不自动启用,gem5/src/arch,inherited-from-ancestor
gem5/src/arch/mips/regs,directory,,3,3,main-source-tree,ISA指令、译码、寄存器及架构语义,当前Host选择X86，其他ISA源码不自动启用,gem5/src/arch,inherited-from-ancestor
gem5/src/arch/null,directory,,5,5,main-source-tree,ISA指令、译码、寄存器及架构语义,当前Host选择X86，其他ISA源码不自动启用,gem5/src/arch,inherited-from-ancestor
gem5/src/arch/power,directory,,31,73,main-source-tree,ISA指令、译码、寄存器及架构语义,当前Host选择X86，其他ISA源码不自动启用,gem5/src/arch,inherited-from-ancestor
gem5/src/arch/power/gdb-xml,directory,,6,6,main-source-tree,ISA指令、译码、寄存器及架构语义,当前Host选择X86，其他ISA源码不自动启用,gem5/src/arch,inherited-from-ancestor
gem5/src/arch/power/insts,directory,,14,14,main-source-tree,ISA指令、译码、寄存器及架构语义,当前Host选择X86，其他ISA源码不自动启用,gem5/src/arch,inherited-from-ancestor
gem5/src/arch/power/isa,directory,,5,16,main-source-tree,ISA指令、译码、寄存器及架构语义,当前Host选择X86，其他ISA源码不自动启用,gem5/src/arch,inherited-from-ancestor
gem5/src/arch/power/isa/formats,directory,,11,11,main-source-tree,ISA指令、译码、寄存器及架构语义,当前Host选择X86，其他ISA源码不自动启用,gem5/src/arch,inherited-from-ancestor
gem5/src/arch/power/linux,directory,,3,3,main-source-tree,ISA指令、译码、寄存器及架构语义,当前Host选择X86，其他ISA源码不自动启用,gem5/src/arch,inherited-from-ancestor
gem5/src/arch/power/regs,directory,,3,3,main-source-tree,ISA指令、译码、寄存器及架构语义,当前Host选择X86，其他ISA源码不自动启用,gem5/src/arch,inherited-from-ancestor
gem5/src/arch/riscv,directory,,56,120,main-source-tree,ISA指令、译码、寄存器及架构语义,当前Host选择X86，其他ISA源码不自动启用,gem5/src/arch,inherited-from-ancestor
gem5/src/arch/riscv/bare_metal,directory,,2,2,main-source-tree,ISA指令、译码、寄存器及架构语义,当前Host选择X86，其他ISA源码不自动启用,gem5/src/arch,inherited-from-ancestor
gem5/src/arch/riscv/gdb-xml,directory,,9,9,main-source-tree,ISA指令、译码、寄存器及架构语义,当前Host选择X86，其他ISA源码不自动启用,gem5/src/arch,inherited-from-ancestor
gem5/src/arch/riscv/insts,directory,,21,21,main-source-tree,ISA指令、译码、寄存器及架构语义,当前Host选择X86，其他ISA源码不自动启用,gem5/src/arch,inherited-from-ancestor
gem5/src/arch/riscv/isa,directory,,5,23,main-source-tree,ISA指令、译码、寄存器及架构语义,当前Host选择X86，其他ISA源码不自动启用,gem5/src/arch,inherited-from-ancestor
gem5/src/arch/riscv/isa/formats,directory,,15,15,main-source-tree,ISA指令、译码、寄存器及架构语义,当前Host选择X86，其他ISA源码不自动启用,gem5/src/arch,inherited-from-ancestor
gem5/src/arch/riscv/isa/templates,directory,,3,3,main-source-tree,ISA指令、译码、寄存器及架构语义,当前Host选择X86，其他ISA源码不自动启用,gem5/src/arch,inherited-from-ancestor
gem5/src/arch/riscv/linux,directory,,5,5,main-source-tree,ISA指令、译码、寄存器及架构语义,当前Host选择X86，其他ISA源码不自动启用,gem5/src/arch,inherited-from-ancestor
gem5/src/arch/riscv/regs,directory,,4,4,main-source-tree,ISA指令、译码、寄存器及架构语义,当前Host选择X86，其他ISA源码不自动启用,gem5/src/arch,inherited-from-ancestor
gem5/src/arch/sparc,directory,,44,94,main-source-tree,ISA指令、译码、寄存器及架构语义,当前Host选择X86，其他ISA源码不自动启用,gem5/src/arch,inherited-from-ancestor
gem5/src/arch/sparc/insts,directory,,21,21,main-source-tree,ISA指令、译码、寄存器及架构语义,当前Host选择X86，其他ISA源码不自动启用,gem5/src/arch,inherited-from-ancestor
gem5/src/arch/sparc/isa,directory,,6,20,main-source-tree,ISA指令、译码、寄存器及架构语义,当前Host选择X86，其他ISA源码不自动启用,gem5/src/arch,inherited-from-ancestor
gem5/src/arch/sparc/isa/formats,directory,,9,14,main-source-tree,ISA指令、译码、寄存器及架构语义,当前Host选择X86，其他ISA源码不自动启用,gem5/src/arch,inherited-from-ancestor
gem5/src/arch/sparc/isa/formats/mem,directory,,5,5,main-source-tree,ISA指令、译码、寄存器及架构语义,当前Host选择X86，其他ISA源码不自动启用,gem5/src/arch,inherited-from-ancestor
gem5/src/arch/sparc/linux,directory,,4,4,main-source-tree,ISA指令、译码、寄存器及架构语义,当前Host选择X86，其他ISA源码不自动启用,gem5/src/arch,inherited-from-ancestor
gem5/src/arch/sparc/regs,directory,,4,4,main-source-tree,ISA指令、译码、寄存器及架构语义,当前Host选择X86，其他ISA源码不自动启用,gem5/src/arch,inherited-from-ancestor
gem5/src/arch/sparc/solaris,directory,,1,1,main-source-tree,ISA指令、译码、寄存器及架构语义,当前Host选择X86，其他ISA源码不自动启用,gem5/src/arch,inherited-from-ancestor
gem5/src/arch/x86,directory,,53,587,main-source-tree,ISA指令、译码、寄存器及架构语义,当前Host选择X86，其他ISA源码不自动启用,gem5/src/arch,inherited-from-ancestor
gem5/src/arch/x86/bare_metal,directory,,3,3,main-source-tree,ISA指令、译码、寄存器及架构语义,当前Host选择X86，其他ISA源码不自动启用,gem5/src/arch,inherited-from-ancestor
gem5/src/arch/x86/bios,directory,,13,13,main-source-tree,ISA指令、译码、寄存器及架构语义,当前Host选择X86，其他ISA源码不自动启用,gem5/src/arch,inherited-from-ancestor
gem5/src/arch/x86/insts,directory,,16,16,main-source-tree,ISA指令、译码、寄存器及架构语义,当前Host选择X86，其他ISA源码不自动启用,gem5/src/arch,inherited-from-ancestor
gem5/src/arch/x86/isa,directory,,9,476,main-source-tree,ISA指令、译码、寄存器及架构语义,当前Host选择X86，其他ISA源码不自动启用,gem5/src/arch,inherited-from-ancestor
gem5/src/arch/x86/isa/decoder,directory,,7,7,main-source-tree,ISA指令、译码、寄存器及架构语义,当前Host选择X86，其他ISA源码不自动启用,gem5/src/arch,inherited-from-ancestor
gem5/src/arch/x86/isa/formats,directory,,12,12,main-source-tree,ISA指令、译码、寄存器及架构语义,当前Host选择X86，其他ISA源码不自动启用,gem5/src/arch,inherited-from-ancestor
gem5/src/arch/x86/isa/insts,directory,,2,438,main-source-tree,ISA指令、译码、寄存器及架构语义,当前Host选择X86，其他ISA源码不自动启用,gem5/src/arch,inherited-from-ancestor
gem5/src/arch/x86/isa/insts/__pycache__,directory,,2,2,generated-cache,Python自动生成的bytecode缓存,本地产物，不维护源码、不提交,__pycache__,directory-type-rule
gem5/src/arch/x86/isa/insts/general_purpose,directory,,8,108,main-source-tree,ISA指令、译码、寄存器及架构语义,当前Host选择X86，其他ISA源码不自动启用,gem5/src/arch,inherited-from-ancestor
gem5/src/arch/x86/isa/insts/general_purpose/__pycache__,directory,,8,8,generated-cache,Python自动生成的bytecode缓存,本地产物，不维护源码、不提交,__pycache__,directory-type-rule
gem5/src/arch/x86/isa/insts/general_purpose/arithmetic,directory,,4,8,main-source-tree,ISA指令、译码、寄存器及架构语义,当前Host选择X86，其他ISA源码不自动启用,gem5/src/arch,inherited-from-ancestor
gem5/src/arch/x86/isa/insts/general_purpose/arithmetic/__pycache__,directory,,4,4,generated-cache,Python自动生成的bytecode缓存,本地产物，不维护源码、不提交,__pycache__,directory-type-rule
gem5/src/arch/x86/isa/insts/general_purpose/compare_and_test,directory,,7,14,main-source-tree,ISA指令、译码、寄存器及架构语义,当前Host选择X86，其他ISA源码不自动启用,gem5/src/arch,inherited-from-ancestor
gem5/src/arch/x86/isa/insts/general_purpose/compare_and_test/__pycache__,directory,,7,7,generated-cache,Python自动生成的bytecode缓存,本地产物，不维护源码、不提交,__pycache__,directory-type-rule
gem5/src/arch/x86/isa/insts/general_purpose/control_transfer,directory,,7,14,main-source-tree,ISA指令、译码、寄存器及架构语义,当前Host选择X86，其他ISA源码不自动启用,gem5/src/arch,inherited-from-ancestor
gem5/src/arch/x86/isa/insts/general_purpose/control_transfer/__pycache__,directory,,7,7,generated-cache,Python自动生成的bytecode缓存,本地产物，不维护源码、不提交,__pycache__,directory-type-rule
gem5/src/arch/x86/isa/insts/general_purpose/data_conversion,directory,,7,14,main-source-tree,ISA指令、译码、寄存器及架构语义,当前Host选择X86，其他ISA源码不自动启用,gem5/src/arch,inherited-from-ancestor
gem5/src/arch/x86/isa/insts/general_purpose/data_conversion/__pycache__,directory,,7,7,generated-cache,Python自动生成的bytecode缓存,本地产物，不维护源码、不提交,__pycache__,directory-type-rule
gem5/src/arch/x86/isa/insts/general_purpose/data_transfer,directory,,5,10,main-source-tree,ISA指令、译码、寄存器及架构语义,当前Host选择X86，其他ISA源码不自动启用,gem5/src/arch,inherited-from-ancestor
gem5/src/arch/x86/isa/insts/general_purpose/data_transfer/__pycache__,directory,,5,5,generated-cache,Python自动生成的bytecode缓存,本地产物，不维护源码、不提交,__pycache__,directory-type-rule
gem5/src/arch/x86/isa/insts/general_purpose/flags,directory,,4,8,main-source-tree,ISA指令、译码、寄存器及架构语义,当前Host选择X86，其他ISA源码不自动启用,gem5/src/arch,inherited-from-ancestor
gem5/src/arch/x86/isa/insts/general_purpose/flags/__pycache__,directory,,4,4,generated-cache,Python自动生成的bytecode缓存,本地产物，不维护源码、不提交,__pycache__,directory-type-rule
gem5/src/arch/x86/isa/insts/general_purpose/input_output,directory,,3,6,main-source-tree,ISA指令、译码、寄存器及架构语义,当前Host选择X86，其他ISA源码不自动启用,gem5/src/arch,inherited-from-ancestor
gem5/src/arch/x86/isa/insts/general_purpose/input_output/__pycache__,directory,,3,3,generated-cache,Python自动生成的bytecode缓存,本地产物，不维护源码、不提交,__pycache__,directory-type-rule
gem5/src/arch/x86/isa/insts/general_purpose/rotate_and_shift,directory,,3,6,main-source-tree,ISA指令、译码、寄存器及架构语义,当前Host选择X86，其他ISA源码不自动启用,gem5/src/arch,inherited-from-ancestor
gem5/src/arch/x86/isa/insts/general_purpose/rotate_and_shift/__pycache__,directory,,3,3,generated-cache,Python自动生成的bytecode缓存,本地产物，不维护源码、不提交,__pycache__,directory-type-rule
gem5/src/arch/x86/isa/insts/general_purpose/string,directory,,6,12,main-source-tree,ISA指令、译码、寄存器及架构语义,当前Host选择X86，其他ISA源码不自动启用,gem5/src/arch,inherited-from-ancestor
gem5/src/arch/x86/isa/insts/general_purpose/string/__pycache__,directory,,6,6,generated-cache,Python自动生成的bytecode缓存,本地产物，不维护源码、不提交,__pycache__,directory-type-rule
gem5/src/arch/x86/isa/insts/simd128,directory,,1,144,main-source-tree,ISA指令、译码、寄存器及架构语义,当前Host选择X86，其他ISA源码不自动启用,gem5/src/arch,inherited-from-ancestor
gem5/src/arch/x86/isa/insts/simd128/__pycache__,directory,,1,1,generated-cache,Python自动生成的bytecode缓存,本地产物，不维护源码、不提交,__pycache__,directory-type-rule
gem5/src/arch/x86/isa/insts/simd128/floating_point,directory,,1,68,main-source-tree,ISA指令、译码、寄存器及架构语义,当前Host选择X86，其他ISA源码不自动启用,gem5/src/arch,inherited-from-ancestor
gem5/src/arch/x86/isa/insts/simd128/floating_point/__pycache__,directory,,1,1,generated-cache,Python自动生成的bytecode缓存,本地产物，不维护源码、不提交,__pycache__,directory-type-rule
gem5/src/arch/x86/isa/insts/simd128/floating_point/arithmetic,directory,,11,22,main-source-tree,ISA指令、译码、寄存器及架构语义,当前Host选择X86，其他ISA源码不自动启用,gem5/src/arch,inherited-from-ancestor
gem5/src/arch/x86/isa/insts/simd128/floating_point/arithmetic/__pycache__,directory,,11,11,generated-cache,Python自动生成的bytecode缓存,本地产物，不维护源码、不提交,__pycache__,directory-type-rule
gem5/src/arch/x86/isa/insts/simd128/floating_point/compare,directory,,4,8,main-source-tree,ISA指令、译码、寄存器及架构语义,当前Host选择X86，其他ISA源码不自动启用,gem5/src/arch,inherited-from-ancestor
gem5/src/arch/x86/isa/insts/simd128/floating_point/compare/__pycache__,directory,,4,4,generated-cache,Python自动生成的bytecode缓存,本地产物，不维护源码、不提交,__pycache__,directory-type-rule
gem5/src/arch/x86/isa/insts/simd128/floating_point/data_conversion,directory,,6,12,main-source-tree,ISA指令、译码、寄存器及架构语义,当前Host选择X86，其他ISA源码不自动启用,gem5/src/arch,inherited-from-ancestor
gem5/src/arch/x86/isa/insts/simd128/floating_point/data_conversion/__pycache__,directory,,6,6,generated-cache,Python自动生成的bytecode缓存,本地产物，不维护源码、不提交,__pycache__,directory-type-rule
gem5/src/arch/x86/isa/insts/simd128/floating_point/data_reordering,directory,,3,6,main-source-tree,ISA指令、译码、寄存器及架构语义,当前Host选择X86，其他ISA源码不自动启用,gem5/src/arch,inherited-from-ancestor
gem5/src/arch/x86/isa/insts/simd128/floating_point/data_reordering/__pycache__,directory,,3,3,generated-cache,Python自动生成的bytecode缓存,本地产物，不维护源码、不提交,__pycache__,directory-type-rule
gem5/src/arch/x86/isa/insts/simd128/floating_point/data_transfer,directory,,5,10,main-source-tree,ISA指令、译码、寄存器及架构语义,当前Host选择X86，其他ISA源码不自动启用,gem5/src/arch,inherited-from-ancestor
gem5/src/arch/x86/isa/insts/simd128/floating_point/data_transfer/__pycache__,directory,,5,5,generated-cache,Python自动生成的bytecode缓存,本地产物，不维护源码、不提交,__pycache__,directory-type-rule
gem5/src/arch/x86/isa/insts/simd128/floating_point/logical,directory,,4,8,main-source-tree,ISA指令、译码、寄存器及架构语义,当前Host选择X86，其他ISA源码不自动启用,gem5/src/arch,inherited-from-ancestor
gem5/src/arch/x86/isa/insts/simd128/floating_point/logical/__pycache__,directory,,4,4,generated-cache,Python自动生成的bytecode缓存,本地产物，不维护源码、不提交,__pycache__,directory-type-rule
gem5/src/arch/x86/isa/insts/simd128/integer,directory,,1,74,main-source-tree,ISA指令、译码、寄存器及架构语义,当前Host选择X86，其他ISA源码不自动启用,gem5/src/arch,inherited-from-ancestor
gem5/src/arch/x86/isa/insts/simd128/integer/__pycache__,directory,,1,1,generated-cache,Python自动生成的bytecode缓存,本地产物，不维护源码、不提交,__pycache__,directory-type-rule
gem5/src/arch/x86/isa/insts/simd128/integer/arithmetic,directory,,8,16,main-source-tree,ISA指令、译码、寄存器及架构语义,当前Host选择X86，其他ISA源码不自动启用,gem5/src/arch,inherited-from-ancestor
gem5/src/arch/x86/isa/insts/simd128/integer/arithmetic/__pycache__,directory,,8,8,generated-cache,Python自动生成的bytecode缓存,本地产物，不维护源码、不提交,__pycache__,directory-type-rule
gem5/src/arch/x86/isa/insts/simd128/integer/compare,directory,,3,6,main-source-tree,ISA指令、译码、寄存器及架构语义,当前Host选择X86，其他ISA源码不自动启用,gem5/src/arch,inherited-from-ancestor
gem5/src/arch/x86/isa/insts/simd128/integer/compare/__pycache__,directory,,3,3,generated-cache,Python自动生成的bytecode缓存,本地产物，不维护源码、不提交,__pycache__,directory-type-rule
gem5/src/arch/x86/isa/insts/simd128/integer/data_conversion,directory,,4,8,main-source-tree,ISA指令、译码、寄存器及架构语义,当前Host选择X86，其他ISA源码不自动启用,gem5/src/arch,inherited-from-ancestor
gem5/src/arch/x86/isa/insts/simd128/integer/data_conversion/__pycache__,directory,,4,4,generated-cache,Python自动生成的bytecode缓存,本地产物，不维护源码、不提交,__pycache__,directory-type-rule
gem5/src/arch/x86/isa/insts/simd128/integer/data_reordering,directory,,5,10,main-source-tree,ISA指令、译码、寄存器及架构语义,当前Host选择X86，其他ISA源码不自动启用,gem5/src/arch,inherited-from-ancestor
gem5/src/arch/x86/isa/insts/simd128/integer/data_reordering/__pycache__,directory,,5,5,generated-cache,Python自动生成的bytecode缓存,本地产物，不维护源码、不提交,__pycache__,directory-type-rule
gem5/src/arch/x86/isa/insts/simd128/integer/data_transfer,directory,,5,10,main-source-tree,ISA指令、译码、寄存器及架构语义,当前Host选择X86，其他ISA源码不自动启用,gem5/src/arch,inherited-from-ancestor
gem5/src/arch/x86/isa/insts/simd128/integer/data_transfer/__pycache__,directory,,5,5,generated-cache,Python自动生成的bytecode缓存,本地产物，不维护源码、不提交,__pycache__,directory-type-rule
gem5/src/arch/x86/isa/insts/simd128/integer/logical,directory,,4,8,main-source-tree,ISA指令、译码、寄存器及架构语义,当前Host选择X86，其他ISA源码不自动启用,gem5/src/arch,inherited-from-ancestor
gem5/src/arch/x86/isa/insts/simd128/integer/logical/__pycache__,directory,,4,4,generated-cache,Python自动生成的bytecode缓存,本地产物，不维护源码、不提交,__pycache__,directory-type-rule
gem5/src/arch/x86/isa/insts/simd128/integer/save_and_restore_state,directory,,3,6,main-source-tree,ISA指令、译码、寄存器及架构语义,当前Host选择X86，其他ISA源码不自动启用,gem5/src/arch,inherited-from-ancestor
gem5/src/arch/x86/isa/insts/simd128/integer/save_and_restore_state/__pycache__,directory,,3,3,generated-cache,Python自动生成的bytecode缓存,本地产物，不维护源码、不提交,__pycache__,directory-type-rule
gem5/src/arch/x86/isa/insts/simd128/integer/shift,directory,,4,8,main-source-tree,ISA指令、译码、寄存器及架构语义,当前Host选择X86，其他ISA源码不自动启用,gem5/src/arch,inherited-from-ancestor
gem5/src/arch/x86/isa/insts/simd128/integer/shift/__pycache__,directory,,4,4,generated-cache,Python自动生成的bytecode缓存,本地产物，不维护源码、不提交,__pycache__,directory-type-rule
gem5/src/arch/x86/isa/insts/simd64,directory,,1,88,main-source-tree,ISA指令、译码、寄存器及架构语义,当前Host选择X86，其他ISA源码不自动启用,gem5/src/arch,inherited-from-ancestor
gem5/src/arch/x86/isa/insts/simd64/__pycache__,directory,,1,1,generated-cache,Python自动生成的bytecode缓存,本地产物，不维护源码、不提交,__pycache__,directory-type-rule
gem5/src/arch/x86/isa/insts/simd64/floating_point,directory,,2,24,main-source-tree,ISA指令、译码、寄存器及架构语义,当前Host选择X86，其他ISA源码不自动启用,gem5/src/arch,inherited-from-ancestor
gem5/src/arch/x86/isa/insts/simd64/floating_point/__pycache__,directory,,2,2,generated-cache,Python自动生成的bytecode缓存,本地产物，不维护源码、不提交,__pycache__,directory-type-rule
gem5/src/arch/x86/isa/insts/simd64/floating_point/arithmetic,directory,,7,14,main-source-tree,ISA指令、译码、寄存器及架构语义,当前Host选择X86，其他ISA源码不自动启用,gem5/src/arch,inherited-from-ancestor
gem5/src/arch/x86/isa/insts/simd64/floating_point/arithmetic/__pycache__,directory,,7,7,generated-cache,Python自动生成的bytecode缓存,本地产物，不维护源码、不提交,__pycache__,directory-type-rule
gem5/src/arch/x86/isa/insts/simd64/floating_point/compare,directory,,3,6,main-source-tree,ISA指令、译码、寄存器及架构语义,当前Host选择X86，其他ISA源码不自动启用,gem5/src/arch,inherited-from-ancestor
gem5/src/arch/x86/isa/insts/simd64/floating_point/compare/__pycache__,directory,,3,3,generated-cache,Python自动生成的bytecode缓存,本地产物，不维护源码、不提交,__pycache__,directory-type-rule
gem5/src/arch/x86/isa/insts/simd64/integer,directory,,4,62,main-source-tree,ISA指令、译码、寄存器及架构语义,当前Host选择X86，其他ISA源码不自动启用,gem5/src/arch,inherited-from-ancestor
gem5/src/arch/x86/isa/insts/simd64/integer/__pycache__,directory,,4,4,generated-cache,Python自动生成的bytecode缓存,本地产物，不维护源码、不提交,__pycache__,directory-type-rule
gem5/src/arch/x86/isa/insts/simd64/integer/arithmetic,directory,,7,14,main-source-tree,ISA指令、译码、寄存器及架构语义,当前Host选择X86，其他ISA源码不自动启用,gem5/src/arch,inherited-from-ancestor
gem5/src/arch/x86/isa/insts/simd64/integer/arithmetic/__pycache__,directory,,7,7,generated-cache,Python自动生成的bytecode缓存,本地产物，不维护源码、不提交,__pycache__,directory-type-rule
gem5/src/arch/x86/isa/insts/simd64/integer/compare,directory,,3,6,main-source-tree,ISA指令、译码、寄存器及架构语义,当前Host选择X86，其他ISA源码不自动启用,gem5/src/arch,inherited-from-ancestor
gem5/src/arch/x86/isa/insts/simd64/integer/compare/__pycache__,directory,,3,3,generated-cache,Python自动生成的bytecode缓存,本地产物，不维护源码、不提交,__pycache__,directory-type-rule
gem5/src/arch/x86/isa/insts/simd64/integer/data_reordering,directory,,5,10,main-source-tree,ISA指令、译码、寄存器及架构语义,当前Host选择X86，其他ISA源码不自动启用,gem5/src/arch,inherited-from-ancestor
gem5/src/arch/x86/isa/insts/simd64/integer/data_reordering/__pycache__,directory,,5,5,generated-cache,Python自动生成的bytecode缓存,本地产物，不维护源码、不提交,__pycache__,directory-type-rule
gem5/src/arch/x86/isa/insts/simd64/integer/data_transfer,directory,,4,8,main-source-tree,ISA指令、译码、寄存器及架构语义,当前Host选择X86，其他ISA源码不自动启用,gem5/src/arch,inherited-from-ancestor
gem5/src/arch/x86/isa/insts/simd64/integer/data_transfer/__pycache__,directory,,4,4,generated-cache,Python自动生成的bytecode缓存,本地产物，不维护源码、不提交,__pycache__,directory-type-rule
gem5/src/arch/x86/isa/insts/simd64/integer/logical,directory,,4,8,main-source-tree,ISA指令、译码、寄存器及架构语义,当前Host选择X86，其他ISA源码不自动启用,gem5/src/arch,inherited-from-ancestor
gem5/src/arch/x86/isa/insts/simd64/integer/logical/__pycache__,directory,,4,4,generated-cache,Python自动生成的bytecode缓存,本地产物，不维护源码、不提交,__pycache__,directory-type-rule
gem5/src/arch/x86/isa/insts/simd64/integer/shift,directory,,4,8,main-source-tree,ISA指令、译码、寄存器及架构语义,当前Host选择X86，其他ISA源码不自动启用,gem5/src/arch,inherited-from-ancestor
gem5/src/arch/x86/isa/insts/simd64/integer/shift/__pycache__,directory,,4,4,generated-cache,Python自动生成的bytecode缓存,本地产物，不维护源码、不提交,__pycache__,directory-type-rule
gem5/src/arch/x86/isa/insts/system,directory,,7,14,main-source-tree,ISA指令、译码、寄存器及架构语义,当前Host选择X86，其他ISA源码不自动启用,gem5/src/arch,inherited-from-ancestor
gem5/src/arch/x86/isa/insts/system/__pycache__,directory,,7,7,generated-cache,Python自动生成的bytecode缓存,本地产物，不维护源码、不提交,__pycache__,directory-type-rule
gem5/src/arch/x86/isa/insts/x87,directory,,2,80,main-source-tree,ISA指令、译码、寄存器及架构语义,当前Host选择X86，其他ISA源码不自动启用,gem5/src/arch,inherited-from-ancestor
gem5/src/arch/x86/isa/insts/x87/__pycache__,directory,,2,2,generated-cache,Python自动生成的bytecode缓存,本地产物，不维护源码、不提交,__pycache__,directory-type-rule
gem5/src/arch/x86/isa/insts/x87/arithmetic,directory,,9,18,main-source-tree,ISA指令、译码、寄存器及架构语义,当前Host选择X86，其他ISA源码不自动启用,gem5/src/arch,inherited-from-ancestor
gem5/src/arch/x86/isa/insts/x87/arithmetic/__pycache__,directory,,9,9,generated-cache,Python自动生成的bytecode缓存,本地产物，不维护源码、不提交,__pycache__,directory-type-rule
gem5/src/arch/x86/isa/insts/x87/compare_and_test,directory,,6,12,main-source-tree,ISA指令、译码、寄存器及架构语义,当前Host选择X86，其他ISA源码不自动启用,gem5/src/arch,inherited-from-ancestor
gem5/src/arch/x86/isa/insts/x87/compare_and_test/__pycache__,directory,,6,6,generated-cache,Python自动生成的bytecode缓存,本地产物，不维护源码、不提交,__pycache__,directory-type-rule
gem5/src/arch/x86/isa/insts/x87/control,directory,,7,14,main-source-tree,ISA指令、译码、寄存器及架构语义,当前Host选择X86，其他ISA源码不自动启用,gem5/src/arch,inherited-from-ancestor
gem5/src/arch/x86/isa/insts/x87/control/__pycache__,directory,,7,7,generated-cache,Python自动生成的bytecode缓存,本地产物，不维护源码、不提交,__pycache__,directory-type-rule
gem5/src/arch/x86/isa/insts/x87/data_transfer_and_conversion,directory,,7,14,main-source-tree,ISA指令、译码、寄存器及架构语义,当前Host选择X86，其他ISA源码不自动启用,gem5/src/arch,inherited-from-ancestor
gem5/src/arch/x86/isa/insts/x87/data_transfer_and_conversion/__pycache__,directory,,7,7,generated-cache,Python自动生成的bytecode缓存,本地产物，不维护源码、不提交,__pycache__,directory-type-rule
gem5/src/arch/x86/isa/insts/x87/load_constants,directory,,3,6,main-source-tree,ISA指令、译码、寄存器及架构语义,当前Host选择X86，其他ISA源码不自动启用,gem5/src/arch,inherited-from-ancestor
gem5/src/arch/x86/isa/insts/x87/load_constants/__pycache__,directory,,3,3,generated-cache,Python自动生成的bytecode缓存,本地产物，不维护源码、不提交,__pycache__,directory-type-rule
gem5/src/arch/x86/isa/insts/x87/stack_management,directory,,3,6,main-source-tree,ISA指令、译码、寄存器及架构语义,当前Host选择X86，其他ISA源码不自动启用,gem5/src/arch,inherited-from-ancestor
gem5/src/arch/x86/isa/insts/x87/stack_management/__pycache__,directory,,3,3,generated-cache,Python自动生成的bytecode缓存,本地产物，不维护源码、不提交,__pycache__,directory-type-rule
gem5/src/arch/x86/isa/insts/x87/transcendental_functions,directory,,3,6,main-source-tree,ISA指令、译码、寄存器及架构语义,当前Host选择X86，其他ISA源码不自动启用,gem5/src/arch,inherited-from-ancestor
gem5/src/arch/x86/isa/insts/x87/transcendental_functions/__pycache__,directory,,3,3,generated-cache,Python自动生成的bytecode缓存,本地产物，不维护源码、不提交,__pycache__,directory-type-rule
gem5/src/arch/x86/isa/microops,directory,,10,10,main-source-tree,ISA指令、译码、寄存器及架构语义,当前Host选择X86，其他ISA源码不自动启用,gem5/src/arch,inherited-from-ancestor
gem5/src/arch/x86/kvm,directory,,5,5,main-source-tree,ISA指令、译码、寄存器及架构语义,当前Host选择X86，其他ISA源码不自动启用,gem5/src/arch,inherited-from-ancestor
gem5/src/arch/x86/linux,directory,,10,10,main-source-tree,ISA指令、译码、寄存器及架构语义,当前Host选择X86，其他ISA源码不自动启用,gem5/src/arch,inherited-from-ancestor
gem5/src/arch/x86/regs,directory,,11,11,main-source-tree,ISA指令、译码、寄存器及架构语义,当前Host选择X86，其他ISA源码不自动启用,gem5/src/arch,inherited-from-ancestor
gem5/src/base,directory,,126,199,main-source-tree,基础类型、日志、统计、时间和公共工具,框架公共层,gem5/src/base,manual
gem5/src/base/cache,directory,,2,2,main-source-tree,基础类型、日志、统计、时间和公共工具,框架公共层,gem5/src/base,inherited-from-ancestor
gem5/src/base/filters,directory,,16,16,main-source-tree,基础类型、日志、统计、时间和公共工具,框架公共层,gem5/src/base,inherited-from-ancestor
gem5/src/base/gtest,directory,,6,6,main-source-tree,基础类型、日志、统计、时间和公共工具,框架公共层,gem5/src/base,inherited-from-ancestor
gem5/src/base/loader,directory,,18,18,main-source-tree,基础类型、日志、统计、时间和公共工具,框架公共层,gem5/src/base,inherited-from-ancestor
gem5/src/base/stats,directory,,20,20,main-source-tree,基础类型、日志、统计、时间和公共工具,框架公共层,gem5/src/base,inherited-from-ancestor
gem5/src/base/stl_helpers,directory,,5,5,main-source-tree,基础类型、日志、统计、时间和公共工具,框架公共层,gem5/src/base,inherited-from-ancestor
gem5/src/base/vnc,directory,,6,6,main-source-tree,基础类型、日志、统计、时间和公共工具,框架公共层,gem5/src/base,inherited-from-ancestor
gem5/src/cpu,directory,,61,363,main-source-tree,CPU公共设施与多个CPU模型,当前主要用TimingSimpleCPU,gem5/src/cpu,manual
gem5/src/cpu/checker,directory,,6,6,main-source-tree,CPU公共设施与多个CPU模型,当前主要用TimingSimpleCPU,gem5/src/cpu,inherited-from-ancestor
gem5/src/cpu/kvm,directory,,15,15,main-source-tree,CPU公共设施与多个CPU模型,当前主要用TimingSimpleCPU,gem5/src/cpu,inherited-from-ancestor
gem5/src/cpu/minor,directory,,32,32,main-source-tree,CPU公共设施与多个CPU模型,当前主要用TimingSimpleCPU,gem5/src/cpu,inherited-from-ancestor
gem5/src/cpu/o3,directory,,59,66,main-source-tree,乱序CPU模型,当前验收未选择,gem5/src/cpu/o3,manual
gem5/src/cpu/o3/probe,directory,,7,7,main-source-tree,乱序CPU模型,当前验收未选择,gem5/src/cpu/o3,inherited-from-ancestor
gem5/src/cpu/pred,directory,,54,54,main-source-tree,CPU公共设施与多个CPU模型,当前主要用TimingSimpleCPU,gem5/src/cpu,inherited-from-ancestor
gem5/src/cpu/probes,directory,,10,10,main-source-tree,CPU公共设施与多个CPU模型,当前主要用TimingSimpleCPU,gem5/src/cpu,inherited-from-ancestor
gem5/src/cpu/simple,directory,,17,24,main-source-tree,简单CPU取指、执行、timing访存等待,当前Host执行模型,gem5/src/cpu/simple,manual
gem5/src/cpu/simple/probes,directory,,7,7,main-source-tree,简单CPU取指、执行、timing访存等待,当前Host执行模型,gem5/src/cpu/simple,inherited-from-ancestor
gem5/src/cpu/testers,directory,,0,91,main-source-tree,CPU公共设施与多个CPU模型,当前主要用TimingSimpleCPU,gem5/src/cpu,inherited-from-ancestor
gem5/src/cpu/testers/directedtest,directory,,10,10,main-source-tree,CPU公共设施与多个CPU模型,当前主要用TimingSimpleCPU,gem5/src/cpu,inherited-from-ancestor
gem5/src/cpu/testers/garnet_synthetic_traffic,directory,,4,4,main-source-tree,CPU公共设施与多个CPU模型,当前主要用TimingSimpleCPU,gem5/src/cpu,inherited-from-ancestor
gem5/src/cpu/testers/gpu_ruby_test,directory,,23,23,main-source-tree,CPU公共设施与多个CPU模型,当前主要用TimingSimpleCPU,gem5/src/cpu,inherited-from-ancestor
gem5/src/cpu/testers/memtest,directory,,4,4,main-source-tree,CPU公共设施与多个CPU模型,当前主要用TimingSimpleCPU,gem5/src/cpu,inherited-from-ancestor
gem5/src/cpu/testers/rubytest,directory,,8,8,main-source-tree,CPU公共设施与多个CPU模型,当前主要用TimingSimpleCPU,gem5/src/cpu,inherited-from-ancestor
gem5/src/cpu/testers/spatter_gen,directory,,5,5,main-source-tree,CPU公共设施与多个CPU模型,当前主要用TimingSimpleCPU,gem5/src/cpu,inherited-from-ancestor
gem5/src/cpu/testers/traffic_gen,directory,,37,37,main-source-tree,CPU公共设施与多个CPU模型,当前主要用TimingSimpleCPU,gem5/src/cpu,inherited-from-ancestor
gem5/src/cpu/trace,directory,,4,4,main-source-tree,CPU公共设施与多个CPU模型,当前主要用TimingSimpleCPU,gem5/src/cpu,inherited-from-ancestor
gem5/src/dev,directory,,26,426,main-source-tree,通用设备、PIO、DMA和平台设备,含构建刷新的CoralNPU/Vortex副本,gem5/src/dev,manual
gem5/src/dev/amdgpu,directory,,33,33,main-source-tree,通用设备、PIO、DMA和平台设备,含构建刷新的CoralNPU/Vortex副本,gem5/src/dev,inherited-from-ancestor
gem5/src/dev/arm,directory,,105,116,main-source-tree,通用设备、PIO、DMA和平台设备,含构建刷新的CoralNPU/Vortex副本,gem5/src/dev,inherited-from-ancestor
gem5/src/dev/arm/css,directory,,11,11,main-source-tree,通用设备、PIO、DMA和平台设备,含构建刷新的CoralNPU/Vortex副本,gem5/src/dev,inherited-from-ancestor
gem5/src/dev/coralnpu,directory,,4,4,main-source-tree,从gem5_new刷新的NPU设备构建副本,真源在gem5_new/gem5int/src/dev/coralnpu,gem5/src/dev/coralnpu,manual
gem5/src/dev/hsa,directory,,13,13,main-source-tree,通用设备、PIO、DMA和平台设备,含构建刷新的CoralNPU/Vortex副本,gem5/src/dev,inherited-from-ancestor
gem5/src/dev/i2c,directory,,5,5,main-source-tree,通用设备、PIO、DMA和平台设备,含构建刷新的CoralNPU/Vortex副本,gem5/src/dev,inherited-from-ancestor
gem5/src/dev/lupio,directory,,25,25,main-source-tree,通用设备、PIO、DMA和平台设备,含构建刷新的CoralNPU/Vortex副本,gem5/src/dev,inherited-from-ancestor
gem5/src/dev/mips,directory,,10,10,main-source-tree,通用设备、PIO、DMA和平台设备,含构建刷新的CoralNPU/Vortex副本,gem5/src/dev,inherited-from-ancestor
gem5/src/dev/net,directory,,38,38,main-source-tree,通用设备、PIO、DMA和平台设备,含构建刷新的CoralNPU/Vortex副本,gem5/src/dev,inherited-from-ancestor
gem5/src/dev/pci,directory,,20,20,main-source-tree,通用设备、PIO、DMA和平台设备,含构建刷新的CoralNPU/Vortex副本,gem5/src/dev,inherited-from-ancestor
gem5/src/dev/ps2,directory,,12,12,main-source-tree,通用设备、PIO、DMA和平台设备,含构建刷新的CoralNPU/Vortex副本,gem5/src/dev,inherited-from-ancestor
gem5/src/dev/qemu,directory,,4,4,main-source-tree,通用设备、PIO、DMA和平台设备,含构建刷新的CoralNPU/Vortex副本,gem5/src/dev,inherited-from-ancestor
gem5/src/dev/riscv,directory,,24,24,main-source-tree,通用设备、PIO、DMA和平台设备,含构建刷新的CoralNPU/Vortex副本,gem5/src/dev,inherited-from-ancestor
gem5/src/dev/serial,directory,,14,14,main-source-tree,通用设备、PIO、DMA和平台设备,含构建刷新的CoralNPU/Vortex副本,gem5/src/dev,inherited-from-ancestor
gem5/src/dev/sparc,directory,,10,10,main-source-tree,通用设备、PIO、DMA和平台设备,含构建刷新的CoralNPU/Vortex副本,gem5/src/dev,inherited-from-ancestor
gem5/src/dev/storage,directory,,14,14,main-source-tree,通用设备、PIO、DMA和平台设备,含构建刷新的CoralNPU/Vortex副本,gem5/src/dev,inherited-from-ancestor
gem5/src/dev/virtio,directory,,19,19,main-source-tree,通用设备、PIO、DMA和平台设备,含构建刷新的CoralNPU/Vortex副本,gem5/src/dev,inherited-from-ancestor
gem5/src/dev/vortex,directory,,4,4,main-source-tree,从gem5_new刷新的GPU设备构建副本,真源在gem5_new/gem5int/src/dev/vortex,gem5/src/dev/vortex,manual
gem5/src/dev/x86,directory,,35,35,main-source-tree,通用设备、PIO、DMA和平台设备,含构建刷新的CoralNPU/Vortex副本,gem5/src/dev,inherited-from-ancestor
gem5/src/doc,directory,,1,1,main-source-tree,源码级文档材料,文档,gem5/src/doc,manual
gem5/src/doxygen,directory,,3,12,main-source-tree,API文档生成材料,文档,gem5/src/doxygen,manual
gem5/src/doxygen/images,directory,,9,9,main-source-tree,API文档生成材料,文档,gem5/src/doxygen,inherited-from-ancestor
gem5/src/gpu-compute,directory,,73,73,main-source-tree,gem5上游GPU模型,当前GPU选择外部Vortex SimX，不自动使用此模型,gem5/src/gpu-compute,manual
gem5/src/kern,directory,,5,18,main-source-tree,各OS/内核相关支持,上游能力，当前主要SE,gem5/src/kern,manual
gem5/src/kern/freebsd,directory,,3,3,main-source-tree,各OS/内核相关支持,上游能力，当前主要SE,gem5/src/kern,inherited-from-ancestor
gem5/src/kern/linux,directory,,9,9,main-source-tree,各OS/内核相关支持,上游能力，当前主要SE,gem5/src/kern,inherited-from-ancestor
gem5/src/kern/solaris,directory,,1,1,main-source-tree,各OS/内核相关支持,上游能力，当前主要SE,gem5/src/kern,inherited-from-ancestor
gem5/src/learning_gem5,directory,,0,21,main-source-tree,教学对象示例,教学,gem5/src/learning_gem5,manual
gem5/src/learning_gem5/part2,directory,,15,15,main-source-tree,教学对象示例,教学,gem5/src/learning_gem5,inherited-from-ancestor
gem5/src/learning_gem5/part3,directory,,6,6,main-source-tree,教学对象示例,教学,gem5/src/learning_gem5,inherited-from-ancestor
gem5/src/mem,directory,,133,686,main-source-tree,Request、Packet、port、XBar、内存与控制器,路由本地主存/PIO/目标窗口,gem5/src/mem,manual
gem5/src/mem/cache,directory,,21,161,main-source-tree,cache、tags、替换和预取等,Host cache层；共享target测试使用uncacheable窗口,gem5/src/mem/cache,manual
gem5/src/mem/cache/compressors,directory,,26,30,main-source-tree,cache、tags、替换和预取等,Host cache层；共享target测试使用uncacheable窗口,gem5/src/mem/cache,inherited-from-ancestor
gem5/src/mem/cache/compressors/encoders,directory,,4,4,main-source-tree,cache、tags、替换和预取等,Host cache层；共享target测试使用uncacheable窗口,gem5/src/mem/cache,inherited-from-ancestor
gem5/src/mem/cache/prefetch,directory,,38,38,main-source-tree,cache、tags、替换和预取等,Host cache层；共享target测试使用uncacheable窗口,gem5/src/mem/cache,inherited-from-ancestor
gem5/src/mem/cache/replacement_policies,directory,,33,33,main-source-tree,cache、tags、替换和预取等,Host cache层；共享target测试使用uncacheable窗口,gem5/src/mem/cache,inherited-from-ancestor
gem5/src/mem/cache/tags,directory,,20,39,main-source-tree,cache、tags、替换和预取等,Host cache层；共享target测试使用uncacheable窗口,gem5/src/mem/cache,inherited-from-ancestor
gem5/src/mem/cache/tags/indexing_policies,directory,,7,7,main-source-tree,cache、tags、替换和预取等,Host cache层；共享target测试使用uncacheable窗口,gem5/src/mem/cache,inherited-from-ancestor
gem5/src/mem/cache/tags/partitioning_policies,directory,,12,12,main-source-tree,cache、tags、替换和预取等,Host cache层；共享target测试使用uncacheable窗口,gem5/src/mem/cache,inherited-from-ancestor
gem5/src/mem/probes,directory,,13,13,main-source-tree,Request、Packet、port、XBar、内存与控制器,路由本地主存/PIO/目标窗口,gem5/src/mem,inherited-from-ancestor
gem5/src/mem/protocol,directory,,7,7,main-source-tree,Request、Packet、port、XBar、内存与控制器,路由本地主存/PIO/目标窗口,gem5/src/mem,inherited-from-ancestor
gem5/src/mem/qos,directory,,21,21,main-source-tree,Request、Packet、port、XBar、内存与控制器,路由本地主存/PIO/目标窗口,gem5/src/mem,inherited-from-ancestor
gem5/src/mem/ruby,directory,,3,279,main-source-tree,Ruby缓存一致性模型,当前统一构建RUBY=n，不提供当前跨设备一致性,gem5/src/mem/ruby,manual
gem5/src/mem/ruby/common,directory,,24,24,main-source-tree,Ruby缓存一致性模型,当前统一构建RUBY=n，不提供当前跨设备一致性,gem5/src/mem/ruby,inherited-from-ancestor
gem5/src/mem/ruby/network,directory,,16,74,main-source-tree,Ruby缓存一致性模型,当前统一构建RUBY=n，不提供当前跨设备一致性,gem5/src/mem/ruby,inherited-from-ancestor
gem5/src/mem/ruby/network/fault_model,directory,,4,4,main-source-tree,Ruby缓存一致性模型,当前统一构建RUBY=n，不提供当前跨设备一致性,gem5/src/mem/ruby,inherited-from-ancestor
gem5/src/mem/ruby/network/garnet,directory,,38,38,main-source-tree,Ruby缓存一致性模型,当前统一构建RUBY=n，不提供当前跨设备一致性,gem5/src/mem/ruby,inherited-from-ancestor
gem5/src/mem/ruby/network/simple,directory,,13,16,main-source-tree,Ruby缓存一致性模型,当前统一构建RUBY=n，不提供当前跨设备一致性,gem5/src/mem/ruby,inherited-from-ancestor
gem5/src/mem/ruby/network/simple/routing,directory,,3,3,main-source-tree,Ruby缓存一致性模型,当前统一构建RUBY=n，不提供当前跨设备一致性,gem5/src/mem/ruby,inherited-from-ancestor
gem5/src/mem/ruby/profiler,directory,,9,9,main-source-tree,Ruby缓存一致性模型,当前统一构建RUBY=n，不提供当前跨设备一致性,gem5/src/mem/ruby,inherited-from-ancestor
gem5/src/mem/ruby/protocol,directory,,65,100,main-source-tree,Ruby缓存一致性模型,当前统一构建RUBY=n，不提供当前跨设备一致性,gem5/src/mem/ruby,inherited-from-ancestor
gem5/src/mem/ruby/protocol/chi,directory,,15,35,main-source-tree,Ruby缓存一致性模型,当前统一构建RUBY=n，不提供当前跨设备一致性,gem5/src/mem/ruby,inherited-from-ancestor
gem5/src/mem/ruby/protocol/chi/generic,directory,,4,4,main-source-tree,Ruby缓存一致性模型,当前统一构建RUBY=n，不提供当前跨设备一致性,gem5/src/mem/ruby,inherited-from-ancestor
gem5/src/mem/ruby/protocol/chi/tlm,directory,,13,16,main-source-tree,Ruby缓存一致性模型,当前统一构建RUBY=n，不提供当前跨设备一致性,gem5/src/mem/ruby,inherited-from-ancestor
gem5/src/mem/ruby/protocol/chi/tlm/python,directory,,3,3,main-source-tree,Ruby缓存一致性模型,当前统一构建RUBY=n，不提供当前跨设备一致性,gem5/src/mem/ruby,inherited-from-ancestor
gem5/src/mem/ruby/slicc_interface,directory,,13,13,main-source-tree,Ruby缓存一致性模型,当前统一构建RUBY=n，不提供当前跨设备一致性,gem5/src/mem/ruby,inherited-from-ancestor
gem5/src/mem/ruby/structures,directory,,30,30,main-source-tree,Ruby缓存一致性模型,当前统一构建RUBY=n，不提供当前跨设备一致性,gem5/src/mem/ruby,inherited-from-ancestor
gem5/src/mem/ruby/system,directory,,26,26,main-source-tree,Ruby缓存一致性模型,当前统一构建RUBY=n，不提供当前跨设备一致性,gem5/src/mem/ruby,inherited-from-ancestor
gem5/src/mem/slicc,directory,,4,68,main-source-tree,一致性协议描述编译工具,Ruby相关,gem5/src/mem/slicc,manual
gem5/src/mem/slicc/ast,directory,,48,48,main-source-tree,一致性协议描述编译工具,Ruby相关,gem5/src/mem/slicc,inherited-from-ancestor
gem5/src/mem/slicc/generate,directory,,4,4,main-source-tree,一致性协议描述编译工具,Ruby相关,gem5/src/mem/slicc,inherited-from-ancestor
gem5/src/mem/slicc/symbols,directory,,12,12,main-source-tree,一致性协议描述编译工具,Ruby相关,gem5/src/mem/slicc,inherited-from-ancestor
gem5/src/mem/unified_timing,directory,,4,4,main-source-tree,旧shared responder的构建副本,当前online配置不实例化,gem5/src/mem/unified_timing,manual
gem5/src/proto,directory,,9,9,main-source-tree,protobuf相关定义,上游trace/消息支持,gem5/src/proto,manual
gem5/src/python,directory,,8,259,main-source-tree,m5对象、配置与运行支持,配置装配层,gem5/src/python,manual
gem5/src/python/gem5,directory,,5,187,main-source-tree,m5对象、配置与运行支持,配置装配层,gem5/src/python,inherited-from-ancestor
gem5/src/python/gem5/components,directory,,1,134,main-source-tree,m5对象、配置与运行支持,配置装配层,gem5/src/python,inherited-from-ancestor
gem5/src/python/gem5/components/boards,directory,,11,13,main-source-tree,m5对象、配置与运行支持,配置装配层,gem5/src/python,inherited-from-ancestor
gem5/src/python/gem5/components/boards/experimental,directory,,2,2,main-source-tree,m5对象、配置与运行支持,配置装配层,gem5/src/python,inherited-from-ancestor
gem5/src/python/gem5/components/cachehierarchies,directory,,4,65,main-source-tree,m5对象、配置与运行支持,配置装配层,gem5/src/python,inherited-from-ancestor
gem5/src/python/gem5/components/cachehierarchies/chi,directory,,3,10,main-source-tree,m5对象、配置与运行支持,配置装配层,gem5/src/python,inherited-from-ancestor
gem5/src/python/gem5/components/cachehierarchies/chi/nodes,directory,,7,7,main-source-tree,m5对象、配置与运行支持,配置装配层,gem5/src/python,inherited-from-ancestor
gem5/src/python/gem5/components/cachehierarchies/classic,directory,,10,15,main-source-tree,m5对象、配置与运行支持,配置装配层,gem5/src/python,inherited-from-ancestor
gem5/src/python/gem5/components/cachehierarchies/classic/caches,directory,,5,5,main-source-tree,m5对象、配置与运行支持,配置装配层,gem5/src/python,inherited-from-ancestor
gem5/src/python/gem5/components/cachehierarchies/ruby,directory,,5,36,main-source-tree,m5对象、配置与运行支持,配置装配层,gem5/src/python,inherited-from-ancestor
gem5/src/python/gem5/components/cachehierarchies/ruby/caches,directory,,1,29,main-source-tree,m5对象、配置与运行支持,配置装配层,gem5/src/python,inherited-from-ancestor
gem5/src/python/gem5/components/cachehierarchies/ruby/caches/mesi_three_level,directory,,6,6,main-source-tree,m5对象、配置与运行支持,配置装配层,gem5/src/python,inherited-from-ancestor
gem5/src/python/gem5/components/cachehierarchies/ruby/caches/mesi_two_level,directory,,5,5,main-source-tree,m5对象、配置与运行支持,配置装配层,gem5/src/python,inherited-from-ancestor
gem5/src/python/gem5/components/cachehierarchies/ruby/caches/mi_example,directory,,4,4,main-source-tree,m5对象、配置与运行支持,配置装配层,gem5/src/python,inherited-from-ancestor
gem5/src/python/gem5/components/cachehierarchies/ruby/caches/prebuilt,directory,,1,6,main-source-tree,m5对象、配置与运行支持,配置装配层,gem5/src/python,inherited-from-ancestor
gem5/src/python/gem5/components/cachehierarchies/ruby/caches/prebuilt/octopi_cache,directory,,5,5,main-source-tree,m5对象、配置与运行支持,配置装配层,gem5/src/python,inherited-from-ancestor
gem5/src/python/gem5/components/cachehierarchies/ruby/caches/viper,directory,,7,7,main-source-tree,m5对象、配置与运行支持,配置装配层,gem5/src/python,inherited-from-ancestor
gem5/src/python/gem5/components/cachehierarchies/ruby/topologies,directory,,2,2,main-source-tree,m5对象、配置与运行支持,配置装配层,gem5/src/python,inherited-from-ancestor
gem5/src/python/gem5/components/devices,directory,,1,4,main-source-tree,m5对象、配置与运行支持,配置装配层,gem5/src/python,inherited-from-ancestor
gem5/src/python/gem5/components/devices/gpus,directory,,3,3,main-source-tree,m5对象、配置与运行支持,配置装配层,gem5/src/python,inherited-from-ancestor
gem5/src/python/gem5/components/memory,directory,,9,20,main-source-tree,m5对象、配置与运行支持,配置装配层,gem5/src/python,inherited-from-ancestor
gem5/src/python/gem5/components/memory/dram_interfaces,directory,,11,11,main-source-tree,m5对象、配置与运行支持,配置装配层,gem5/src/python,inherited-from-ancestor
gem5/src/python/gem5/components/processors,directory,,27,31,main-source-tree,m5对象、配置与运行支持,配置装配层,gem5/src/python,inherited-from-ancestor
gem5/src/python/gem5/components/processors/spatter_gen,directory,,4,4,main-source-tree,m5对象、配置与运行支持,配置装配层,gem5/src/python,inherited-from-ancestor
gem5/src/python/gem5/prebuilt,directory,,1,15,main-source-tree,m5对象、配置与运行支持,配置装配层,gem5/src/python,inherited-from-ancestor
gem5/src/python/gem5/prebuilt/demo,directory,,4,4,main-source-tree,m5对象、配置与运行支持,配置装配层,gem5/src/python,inherited-from-ancestor
gem5/src/python/gem5/prebuilt/riscvmatched,directory,,5,5,main-source-tree,m5对象、配置与运行支持,配置装配层,gem5/src/python,inherited-from-ancestor
gem5/src/python/gem5/prebuilt/viper,directory,,5,5,main-source-tree,m5对象、配置与运行支持,配置装配层,gem5/src/python,inherited-from-ancestor
gem5/src/python/gem5/resources,directory,,8,13,main-source-tree,m5对象、配置与运行支持,配置装配层,gem5/src/python,inherited-from-ancestor
gem5/src/python/gem5/resources/client_api,directory,,5,5,main-source-tree,m5对象、配置与运行支持,配置装配层,gem5/src/python,inherited-from-ancestor
gem5/src/python/gem5/simulate,directory,,5,5,main-source-tree,m5对象、配置与运行支持,配置装配层,gem5/src/python,inherited-from-ancestor
gem5/src/python/gem5/utils,directory,,7,15,main-source-tree,m5对象、配置与运行支持,配置装配层,gem5/src/python,inherited-from-ancestor
gem5/src/python/gem5/utils/multiprocessing,directory,,5,5,main-source-tree,m5对象、配置与运行支持,配置装配层,gem5/src/python,inherited-from-ancestor
gem5/src/python/gem5/utils/multisim,directory,,3,3,main-source-tree,m5对象、配置与运行支持,配置装配层,gem5/src/python,inherited-from-ancestor
gem5/src/python/m5,directory,,12,57,main-source-tree,m5对象、配置与运行支持,配置装配层,gem5/src/python,inherited-from-ancestor
gem5/src/python/m5/__pycache__,directory,,1,1,generated-cache,Python自动生成的bytecode缓存,本地产物，不维护源码、不提交,__pycache__,directory-type-rule
gem5/src/python/m5/ext,directory,,1,14,main-source-tree,m5对象、配置与运行支持,配置装配层,gem5/src/python,inherited-from-ancestor
gem5/src/python/m5/ext/pyfdt,directory,,4,4,main-source-tree,m5对象、配置与运行支持,配置装配层,gem5/src/python,inherited-from-ancestor
gem5/src/python/m5/ext/pystats,directory,,9,9,main-source-tree,m5对象、配置与运行支持,配置装配层,gem5/src/python,inherited-from-ancestor
gem5/src/python/m5/objects,directory,,2,2,main-source-tree,m5对象、配置与运行支持,配置装配层,gem5/src/python,inherited-from-ancestor
gem5/src/python/m5/params,directory,,11,11,main-source-tree,m5对象、配置与运行支持,配置装配层,gem5/src/python,inherited-from-ancestor
gem5/src/python/m5/stats,directory,,2,2,main-source-tree,m5对象、配置与运行支持,配置装配层,gem5/src/python,inherited-from-ancestor
gem5/src/python/m5/util,directory,,10,15,main-source-tree,m5对象、配置与运行支持,配置装配层,gem5/src/python,inherited-from-ancestor
gem5/src/python/m5/util/__pycache__,directory,,5,5,generated-cache,Python自动生成的bytecode缓存,本地产物，不维护源码、不提交,__pycache__,directory-type-rule
gem5/src/python/pybind11,directory,,7,7,main-source-tree,m5对象、配置与运行支持,配置装配层,gem5/src/python,inherited-from-ancestor
gem5/src/sim,directory,,147,176,main-source-tree,SimObject、事件、进程/SE、系统、序列化等框架,主事件队列与Host执行环境,gem5/src/sim,manual
gem5/src/sim/guest_abi,directory,,4,4,main-source-tree,SimObject、事件、进程/SE、系统、序列化等框架,主事件队列与Host执行环境,gem5/src/sim,inherited-from-ancestor
gem5/src/sim/power,directory,,17,17,main-source-tree,SimObject、事件、进程/SE、系统、序列化等框架,主事件队列与Host执行环境,gem5/src/sim,inherited-from-ancestor
gem5/src/sim/probe,directory,,8,8,main-source-tree,SimObject、事件、进程/SE、系统、序列化等框架,主事件队列与Host执行环境,gem5/src/sim,inherited-from-ancestor
gem5/src/sst,directory,,6,6,main-source-tree,SST集成,当前统一入口未选择,gem5/src/sst,manual
gem5/src/systemc,directory,,6,3911,main-source-tree,gem5原生SystemC/TLM实现及桥接,当前在线系统时间与process基础,gem5/src/systemc,manual
gem5/src/systemc/channel,directory,,11,11,main-source-tree,signal、FIFO等channel实现,原生SystemC通道,gem5/src/systemc/channel,manual
gem5/src/systemc/core,directory,,49,49,main-source-tree,kernel、scheduler、sc_time等,SystemC调度并入gem5时间轴,gem5/src/systemc/core,manual
gem5/src/systemc/dt,directory,,2,40,main-source-tree,SystemC数据类型,向量/数值类型,gem5/src/systemc/dt,manual
gem5/src/systemc/dt/bit,directory,,6,6,main-source-tree,SystemC数据类型,向量/数值类型,gem5/src/systemc/dt,inherited-from-ancestor
gem5/src/systemc/dt/fx,directory,,13,13,main-source-tree,SystemC数据类型,向量/数值类型,gem5/src/systemc/dt,inherited-from-ancestor
gem5/src/systemc/dt/int,directory,,16,16,main-source-tree,SystemC数据类型,向量/数值类型,gem5/src/systemc/dt,inherited-from-ancestor
gem5/src/systemc/dt/misc,directory,,3,3,main-source-tree,SystemC数据类型,向量/数值类型,gem5/src/systemc/dt,inherited-from-ancestor
gem5/src/systemc/ext,directory,,4,187,main-source-tree,gem5原生SystemC/TLM实现及桥接,当前在线系统时间与process基础,gem5/src/systemc,inherited-from-ancestor
gem5/src/systemc/ext/channel,directory,,29,29,main-source-tree,gem5原生SystemC/TLM实现及桥接,当前在线系统时间与process基础,gem5/src/systemc,inherited-from-ancestor
gem5/src/systemc/ext/core,directory,,19,19,main-source-tree,gem5原生SystemC/TLM实现及桥接,当前在线系统时间与process基础,gem5/src/systemc,inherited-from-ancestor
gem5/src/systemc/ext/dt,directory,,4,57,main-source-tree,gem5原生SystemC/TLM实现及桥接,当前在线系统时间与process基础,gem5/src/systemc,inherited-from-ancestor
gem5/src/systemc/ext/dt/bit,directory,,11,11,main-source-tree,gem5原生SystemC/TLM实现及桥接,当前在线系统时间与process基础,gem5/src/systemc,inherited-from-ancestor
gem5/src/systemc/ext/dt/fx,directory,,23,23,main-source-tree,gem5原生SystemC/TLM实现及桥接,当前在线系统时间与process基础,gem5/src/systemc,inherited-from-ancestor
gem5/src/systemc/ext/dt/int,directory,,15,15,main-source-tree,gem5原生SystemC/TLM实现及桥接,当前在线系统时间与process基础,gem5/src/systemc,inherited-from-ancestor
gem5/src/systemc/ext/dt/misc,directory,,4,4,main-source-tree,gem5原生SystemC/TLM实现及桥接,当前在线系统时间与process基础,gem5/src/systemc,inherited-from-ancestor
gem5/src/systemc/ext/systemc_home,directory,,0,16,main-source-tree,gem5原生SystemC/TLM实现及桥接,当前在线系统时间与process基础,gem5/src/systemc,inherited-from-ancestor
gem5/src/systemc/ext/systemc_home/include,directory,,4,16,main-source-tree,gem5原生SystemC/TLM实现及桥接,当前在线系统时间与process基础,gem5/src/systemc,inherited-from-ancestor
gem5/src/systemc/ext/systemc_home/include/tlm_utils,directory,,12,12,main-source-tree,gem5原生SystemC/TLM实现及桥接,当前在线系统时间与process基础,gem5/src/systemc,inherited-from-ancestor
gem5/src/systemc/ext/tlm_core,directory,,0,39,main-source-tree,gem5原生SystemC/TLM实现及桥接,当前在线系统时间与process基础,gem5/src/systemc,inherited-from-ancestor
gem5/src/systemc/ext/tlm_core/1,directory,,1,22,main-source-tree,gem5原生SystemC/TLM实现及桥接,当前在线系统时间与process基础,gem5/src/systemc,inherited-from-ancestor
gem5/src/systemc/ext/tlm_core/1/analysis,directory,,6,6,main-source-tree,gem5原生SystemC/TLM实现及桥接,当前在线系统时间与process基础,gem5/src/systemc,inherited-from-ancestor
gem5/src/systemc/ext/tlm_core/1/req_rsp,directory,,1,15,main-source-tree,gem5原生SystemC/TLM实现及桥接,当前在线系统时间与process基础,gem5/src/systemc,inherited-from-ancestor
gem5/src/systemc/ext/tlm_core/1/req_rsp/adapters,directory,,1,1,main-source-tree,gem5原生SystemC/TLM实现及桥接,当前在线系统时间与process基础,gem5/src/systemc,inherited-from-ancestor
gem5/src/systemc/ext/tlm_core/1/req_rsp/channels,directory,,0,7,main-source-tree,gem5原生SystemC/TLM实现及桥接,当前在线系统时间与process基础,gem5/src/systemc,inherited-from-ancestor
gem5/src/systemc/ext/tlm_core/1/req_rsp/channels/fifo,directory,,5,5,main-source-tree,gem5原生SystemC/TLM实现及桥接,当前在线系统时间与process基础,gem5/src/systemc,inherited-from-ancestor
gem5/src/systemc/ext/tlm_core/1/req_rsp/channels/req_rsp_channels,directory,,2,2,main-source-tree,gem5原生SystemC/TLM实现及桥接,当前在线系统时间与process基础,gem5/src/systemc,inherited-from-ancestor
gem5/src/systemc/ext/tlm_core/1/req_rsp/interfaces,directory,,4,4,main-source-tree,gem5原生SystemC/TLM实现及桥接,当前在线系统时间与process基础,gem5/src/systemc,inherited-from-ancestor
gem5/src/systemc/ext/tlm_core/1/req_rsp/ports,directory,,2,2,main-source-tree,gem5原生SystemC/TLM实现及桥接,当前在线系统时间与process基础,gem5/src/systemc,inherited-from-ancestor
gem5/src/systemc/ext/tlm_core/2,directory,,2,17,main-source-tree,gem5原生SystemC/TLM实现及桥接,当前在线系统时间与process基础,gem5/src/systemc,inherited-from-ancestor
gem5/src/systemc/ext/tlm_core/2/generic_payload,directory,,6,6,main-source-tree,gem5原生SystemC/TLM实现及桥接,当前在线系统时间与process基础,gem5/src/systemc,inherited-from-ancestor
gem5/src/systemc/ext/tlm_core/2/interfaces,directory,,3,3,main-source-tree,gem5原生SystemC/TLM实现及桥接,当前在线系统时间与process基础,gem5/src/systemc,inherited-from-ancestor
gem5/src/systemc/ext/tlm_core/2/quantum,directory,,2,2,main-source-tree,gem5原生SystemC/TLM实现及桥接,当前在线系统时间与process基础,gem5/src/systemc,inherited-from-ancestor
gem5/src/systemc/ext/tlm_core/2/sockets,directory,,4,4,main-source-tree,gem5原生SystemC/TLM实现及桥接,当前在线系统时间与process基础,gem5/src/systemc,inherited-from-ancestor
gem5/src/systemc/ext/tlm_utils,directory,,13,13,main-source-tree,gem5原生SystemC/TLM实现及桥接,当前在线系统时间与process基础,gem5/src/systemc,inherited-from-ancestor
gem5/src/systemc/ext/utils,directory,,10,10,main-source-tree,gem5原生SystemC/TLM实现及桥接,当前在线系统时间与process基础,gem5/src/systemc,inherited-from-ancestor
gem5/src/systemc/python,directory,,3,3,main-source-tree,gem5原生SystemC/TLM实现及桥接,当前在线系统时间与process基础,gem5/src/systemc,inherited-from-ancestor
gem5/src/systemc/tests,directory,,4,3583,main-source-tree,原生SystemC测试,组件验证,gem5/src/systemc/tests,manual
gem5/src/systemc/tests/include,directory,,18,22,main-source-tree,原生SystemC测试,组件验证,gem5/src/systemc/tests,inherited-from-ancestor
gem5/src/systemc/tests/include/specialized_signals,directory,,4,4,main-source-tree,原生SystemC测试,组件验证,gem5/src/systemc/tests,inherited-from-ancestor
gem5/src/systemc/tests/systemc,directory,,0,3500,main-source-tree,原生SystemC测试,组件验证,gem5/src/systemc/tests,inherited-from-ancestor
gem5/src/systemc/tests/systemc/1666-2011-compliance,directory,,0,78,main-source-tree,原生SystemC测试,组件验证,gem5/src/systemc/tests,inherited-from-ancestor
gem5/src/systemc/tests/systemc/1666-2011-compliance/async_reset,directory,,1,2,main-source-tree,原生SystemC测试,组件验证,gem5/src/systemc/tests,inherited-from-ancestor
gem5/src/systemc/tests/systemc/1666-2011-compliance/async_reset/golden,directory,,1,1,main-source-tree,原生SystemC测试,组件验证,gem5/src/systemc/tests,inherited-from-ancestor
gem5/src/systemc/tests/systemc/1666-2011-compliance/async_reset_port,directory,,1,2,main-source-tree,原生SystemC测试,组件验证,gem5/src/systemc/tests,inherited-from-ancestor
gem5/src/systemc/tests/systemc/1666-2011-compliance/async_reset_port/golden,directory,,1,1,main-source-tree,原生SystemC测试,组件验证,gem5/src/systemc/tests,inherited-from-ancestor
gem5/src/systemc/tests/systemc/1666-2011-compliance/child_proc_control,directory,,1,2,main-source-tree,原生SystemC测试,组件验证,gem5/src/systemc/tests,inherited-from-ancestor
gem5/src/systemc/tests/systemc/1666-2011-compliance/child_proc_control/golden,directory,,1,1,main-source-tree,原生SystemC测试,组件验证,gem5/src/systemc/tests,inherited-from-ancestor
gem5/src/systemc/tests/systemc/1666-2011-compliance/disable_enable,directory,,1,2,main-source-tree,原生SystemC测试,组件验证,gem5/src/systemc/tests,inherited-from-ancestor
gem5/src/systemc/tests/systemc/1666-2011-compliance/disable_enable/golden,directory,,1,1,main-source-tree,原生SystemC测试,组件验证,gem5/src/systemc/tests,inherited-from-ancestor
gem5/src/systemc/tests/systemc/1666-2011-compliance/event_list,directory,,1,2,main-source-tree,原生SystemC测试,组件验证,gem5/src/systemc/tests,inherited-from-ancestor
gem5/src/systemc/tests/systemc/1666-2011-compliance/event_list/golden,directory,,1,1,main-source-tree,原生SystemC测试,组件验证,gem5/src/systemc/tests,inherited-from-ancestor
gem5/src/systemc/tests/systemc/1666-2011-compliance/immed_self_notif,directory,,1,2,main-source-tree,原生SystemC测试,组件验证,gem5/src/systemc/tests,inherited-from-ancestor
gem5/src/systemc/tests/systemc/1666-2011-compliance/immed_self_notif/golden,directory,,1,1,main-source-tree,原生SystemC测试,组件验证,gem5/src/systemc/tests,inherited-from-ancestor
gem5/src/systemc/tests/systemc/1666-2011-compliance/include_descendants,directory,,1,2,main-source-tree,原生SystemC测试,组件验证,gem5/src/systemc/tests,inherited-from-ancestor
gem5/src/systemc/tests/systemc/1666-2011-compliance/include_descendants/golden,directory,,1,1,main-source-tree,原生SystemC测试,组件验证,gem5/src/systemc/tests,inherited-from-ancestor
gem5/src/systemc/tests/systemc/1666-2011-compliance/kill_reset,directory,,1,2,main-source-tree,原生SystemC测试,组件验证,gem5/src/systemc/tests,inherited-from-ancestor
gem5/src/systemc/tests/systemc/1666-2011-compliance/kill_reset/golden,directory,,1,1,main-source-tree,原生SystemC测试,组件验证,gem5/src/systemc/tests,inherited-from-ancestor
gem5/src/systemc/tests/systemc/1666-2011-compliance/late_reset_bug,directory,,1,2,main-source-tree,原生SystemC测试,组件验证,gem5/src/systemc/tests,inherited-from-ancestor
gem5/src/systemc/tests/systemc/1666-2011-compliance/late_reset_bug/golden,directory,,1,1,main-source-tree,原生SystemC测试,组件验证,gem5/src/systemc/tests,inherited-from-ancestor
gem5/src/systemc/tests/systemc/1666-2011-compliance/living_children,directory,,1,2,main-source-tree,原生SystemC测试,组件验证,gem5/src/systemc/tests,inherited-from-ancestor
gem5/src/systemc/tests/systemc/1666-2011-compliance/living_children/golden,directory,,1,1,main-source-tree,原生SystemC测试,组件验证,gem5/src/systemc/tests,inherited-from-ancestor
gem5/src/systemc/tests/systemc/1666-2011-compliance/living_dead_bug,directory,,1,2,main-source-tree,原生SystemC测试,组件验证,gem5/src/systemc/tests,inherited-from-ancestor
gem5/src/systemc/tests/systemc/1666-2011-compliance/living_dead_bug/golden,directory,,1,1,main-source-tree,原生SystemC测试,组件验证,gem5/src/systemc/tests,inherited-from-ancestor
gem5/src/systemc/tests/systemc/1666-2011-compliance/method_suspends_itself,directory,,1,2,main-source-tree,原生SystemC测试,组件验证,gem5/src/systemc/tests,inherited-from-ancestor
gem5/src/systemc/tests/systemc/1666-2011-compliance/method_suspends_itself/golden,directory,,1,1,main-source-tree,原生SystemC测试,组件验证,gem5/src/systemc/tests,inherited-from-ancestor
gem5/src/systemc/tests/systemc/1666-2011-compliance/method_with_reset,directory,,1,2,main-source-tree,原生SystemC测试,组件验证,gem5/src/systemc/tests,inherited-from-ancestor
gem5/src/systemc/tests/systemc/1666-2011-compliance/method_with_reset/golden,directory,,1,1,main-source-tree,原生SystemC测试,组件验证,gem5/src/systemc/tests,inherited-from-ancestor
gem5/src/systemc/tests/systemc/1666-2011-compliance/mixed_child_procs,directory,,1,2,main-source-tree,原生SystemC测试,组件验证,gem5/src/systemc/tests,inherited-from-ancestor
gem5/src/systemc/tests/systemc/1666-2011-compliance/mixed_child_procs/golden,directory,,1,1,main-source-tree,原生SystemC测试,组件验证,gem5/src/systemc/tests,inherited-from-ancestor
gem5/src/systemc/tests/systemc/1666-2011-compliance/named_events,directory,,1,2,main-source-tree,原生SystemC测试,组件验证,gem5/src/systemc/tests,inherited-from-ancestor
gem5/src/systemc/tests/systemc/1666-2011-compliance/named_events/golden,directory,,1,1,main-source-tree,原生SystemC测试,组件验证,gem5/src/systemc/tests,inherited-from-ancestor
gem5/src/systemc/tests/systemc/1666-2011-compliance/odds_and_ends,directory,,1,2,main-source-tree,原生SystemC测试,组件验证,gem5/src/systemc/tests,inherited-from-ancestor
gem5/src/systemc/tests/systemc/1666-2011-compliance/odds_and_ends/golden,directory,,1,1,main-source-tree,原生SystemC测试,组件验证,gem5/src/systemc/tests,inherited-from-ancestor
gem5/src/systemc/tests/systemc/1666-2011-compliance/old_event_bug,directory,,1,2,main-source-tree,原生SystemC测试,组件验证,gem5/src/systemc/tests,inherited-from-ancestor
gem5/src/systemc/tests/systemc/1666-2011-compliance/old_event_bug/golden,directory,,1,1,main-source-tree,原生SystemC测试,组件验证,gem5/src/systemc/tests,inherited-from-ancestor
gem5/src/systemc/tests/systemc/1666-2011-compliance/overkill_bug,directory,,1,2,main-source-tree,原生SystemC测试,组件验证,gem5/src/systemc/tests,inherited-from-ancestor
gem5/src/systemc/tests/systemc/1666-2011-compliance/overkill_bug/golden,directory,,1,1,main-source-tree,原生SystemC测试,组件验证,gem5/src/systemc/tests,inherited-from-ancestor
gem5/src/systemc/tests/systemc/1666-2011-compliance/proc_ctrl,directory,,1,2,main-source-tree,原生SystemC测试,组件验证,gem5/src/systemc/tests,inherited-from-ancestor
gem5/src/systemc/tests/systemc/1666-2011-compliance/proc_ctrl/golden,directory,,1,1,main-source-tree,原生SystemC测试,组件验证,gem5/src/systemc/tests,inherited-from-ancestor
gem5/src/systemc/tests/systemc/1666-2011-compliance/proc_ctrl_elab,directory,,1,2,main-source-tree,原生SystemC测试,组件验证,gem5/src/systemc/tests,inherited-from-ancestor
gem5/src/systemc/tests/systemc/1666-2011-compliance/proc_ctrl_elab/golden,directory,,1,1,main-source-tree,原生SystemC测试,组件验证,gem5/src/systemc/tests,inherited-from-ancestor
gem5/src/systemc/tests/systemc/1666-2011-compliance/proc_ctrl_immed,directory,,1,2,main-source-tree,原生SystemC测试,组件验证,gem5/src/systemc/tests,inherited-from-ancestor
gem5/src/systemc/tests/systemc/1666-2011-compliance/proc_ctrl_immed/golden,directory,,1,1,main-source-tree,原生SystemC测试,组件验证,gem5/src/systemc/tests,inherited-from-ancestor
gem5/src/systemc/tests/systemc/1666-2011-compliance/proc_ctrl_priority,directory,,1,2,main-source-tree,原生SystemC测试,组件验证,gem5/src/systemc/tests,inherited-from-ancestor
gem5/src/systemc/tests/systemc/1666-2011-compliance/proc_ctrl_priority/golden,directory,,1,1,main-source-tree,原生SystemC测试,组件验证,gem5/src/systemc/tests,inherited-from-ancestor
gem5/src/systemc/tests/systemc/1666-2011-compliance/proc_ctrl_timeout,directory,,1,2,main-source-tree,原生SystemC测试,组件验证,gem5/src/systemc/tests,inherited-from-ancestor
gem5/src/systemc/tests/systemc/1666-2011-compliance/proc_ctrl_timeout/golden,directory,,1,1,main-source-tree,原生SystemC测试,组件验证,gem5/src/systemc/tests,inherited-from-ancestor
gem5/src/systemc/tests/systemc/1666-2011-compliance/recursive_kill_bug,directory,,1,2,main-source-tree,原生SystemC测试,组件验证,gem5/src/systemc/tests,inherited-from-ancestor
gem5/src/systemc/tests/systemc/1666-2011-compliance/recursive_kill_bug/golden,directory,,1,1,main-source-tree,原生SystemC测试,组件验证,gem5/src/systemc/tests,inherited-from-ancestor
gem5/src/systemc/tests/systemc/1666-2011-compliance/sc_delta_count,directory,,1,2,main-source-tree,原生SystemC测试,组件验证,gem5/src/systemc/tests,inherited-from-ancestor
gem5/src/systemc/tests/systemc/1666-2011-compliance/sc_delta_count/golden,directory,,1,1,main-source-tree,原生SystemC测试,组件验证,gem5/src/systemc/tests,inherited-from-ancestor
gem5/src/systemc/tests/systemc/1666-2011-compliance/sc_pause,directory,,1,2,main-source-tree,原生SystemC测试,组件验证,gem5/src/systemc/tests,inherited-from-ancestor
gem5/src/systemc/tests/systemc/1666-2011-compliance/sc_pause/golden,directory,,1,1,main-source-tree,原生SystemC测试,组件验证,gem5/src/systemc/tests,inherited-from-ancestor
gem5/src/systemc/tests/systemc/1666-2011-compliance/sc_process_handle_less_than,directory,,1,2,main-source-tree,原生SystemC测试,组件验证,gem5/src/systemc/tests,inherited-from-ancestor
gem5/src/systemc/tests/systemc/1666-2011-compliance/sc_process_handle_less_than/golden,directory,,1,1,main-source-tree,原生SystemC测试,组件验证,gem5/src/systemc/tests,inherited-from-ancestor
gem5/src/systemc/tests/systemc/1666-2011-compliance/sc_start_bug,directory,,1,2,main-source-tree,原生SystemC测试,组件验证,gem5/src/systemc/tests,inherited-from-ancestor
gem5/src/systemc/tests/systemc/1666-2011-compliance/sc_start_bug/golden,directory,,1,1,main-source-tree,原生SystemC测试,组件验证,gem5/src/systemc/tests,inherited-from-ancestor
gem5/src/systemc/tests/systemc/1666-2011-compliance/sc_start_starvation,directory,,1,2,main-source-tree,原生SystemC测试,组件验证,gem5/src/systemc/tests,inherited-from-ancestor
gem5/src/systemc/tests/systemc/1666-2011-compliance/sc_start_starvation/golden,directory,,1,1,main-source-tree,原生SystemC测试,组件验证,gem5/src/systemc/tests,inherited-from-ancestor
gem5/src/systemc/tests/systemc/1666-2011-compliance/sc_vector,directory,,1,2,main-source-tree,原生SystemC测试,组件验证,gem5/src/systemc/tests,inherited-from-ancestor
gem5/src/systemc/tests/systemc/1666-2011-compliance/sc_vector/golden,directory,,1,1,main-source-tree,原生SystemC测试,组件验证,gem5/src/systemc/tests,inherited-from-ancestor
gem5/src/systemc/tests/systemc/1666-2011-compliance/sc_verbosity,directory,,1,2,main-source-tree,原生SystemC测试,组件验证,gem5/src/systemc/tests,inherited-from-ancestor
gem5/src/systemc/tests/systemc/1666-2011-compliance/sc_verbosity/golden,directory,,1,1,main-source-tree,原生SystemC测试,组件验证,gem5/src/systemc/tests,inherited-from-ancestor
gem5/src/systemc/tests/systemc/1666-2011-compliance/sc_writer_policy,directory,,1,2,main-source-tree,原生SystemC测试,组件验证,gem5/src/systemc/tests,inherited-from-ancestor
gem5/src/systemc/tests/systemc/1666-2011-compliance/sc_writer_policy/golden,directory,,1,1,main-source-tree,原生SystemC测试,组件验证,gem5/src/systemc/tests,inherited-from-ancestor
gem5/src/systemc/tests/systemc/1666-2011-compliance/self_reset_bug,directory,,1,2,main-source-tree,原生SystemC测试,组件验证,gem5/src/systemc/tests,inherited-from-ancestor
gem5/src/systemc/tests/systemc/1666-2011-compliance/self_reset_bug/golden,directory,,1,1,main-source-tree,原生SystemC测试,组件验证,gem5/src/systemc/tests,inherited-from-ancestor
gem5/src/systemc/tests/systemc/1666-2011-compliance/stepwise_simulation,directory,,1,2,main-source-tree,原生SystemC测试,组件验证,gem5/src/systemc/tests,inherited-from-ancestor
gem5/src/systemc/tests/systemc/1666-2011-compliance/stepwise_simulation/golden,directory,,1,1,main-source-tree,原生SystemC测试,组件验证,gem5/src/systemc/tests,inherited-from-ancestor
gem5/src/systemc/tests/systemc/1666-2011-compliance/suspend_resume,directory,,1,2,main-source-tree,原生SystemC测试,组件验证,gem5/src/systemc/tests,inherited-from-ancestor
gem5/src/systemc/tests/systemc/1666-2011-compliance/suspend_resume/golden,directory,,1,1,main-source-tree,原生SystemC测试,组件验证,gem5/src/systemc/tests,inherited-from-ancestor
gem5/src/systemc/tests/systemc/1666-2011-compliance/sync_reset,directory,,1,2,main-source-tree,原生SystemC测试,组件验证,gem5/src/systemc/tests,inherited-from-ancestor
gem5/src/systemc/tests/systemc/1666-2011-compliance/sync_reset/golden,directory,,1,1,main-source-tree,原生SystemC测试,组件验证,gem5/src/systemc/tests,inherited-from-ancestor
gem5/src/systemc/tests/systemc/1666-2011-compliance/throw_it,directory,,1,2,main-source-tree,原生SystemC测试,组件验证,gem5/src/systemc/tests,inherited-from-ancestor
gem5/src/systemc/tests/systemc/1666-2011-compliance/throw_it/golden,directory,,1,1,main-source-tree,原生SystemC测试,组件验证,gem5/src/systemc/tests,inherited-from-ancestor
gem5/src/systemc/tests/systemc/1666-2011-compliance/version_macros,directory,,1,2,main-source-tree,原生SystemC测试,组件验证,gem5/src/systemc/tests,inherited-from-ancestor
gem5/src/systemc/tests/systemc/1666-2011-compliance/version_macros/golden,directory,,1,1,main-source-tree,原生SystemC测试,组件验证,gem5/src/systemc/tests,inherited-from-ancestor
gem5/src/systemc/tests/systemc/1666-2011-compliance/virtual_bind,directory,,1,2,main-source-tree,原生SystemC测试,组件验证,gem5/src/systemc/tests,inherited-from-ancestor
gem5/src/systemc/tests/systemc/1666-2011-compliance/virtual_bind/golden,directory,,1,1,main-source-tree,原生SystemC测试,组件验证,gem5/src/systemc/tests,inherited-from-ancestor
gem5/src/systemc/tests/systemc/bugs,directory,,0,27,main-source-tree,原生SystemC测试,组件验证,gem5/src/systemc/tests,inherited-from-ancestor
gem5/src/systemc/tests/systemc/bugs/async_reset_init,directory,,1,2,main-source-tree,原生SystemC测试,组件验证,gem5/src/systemc/tests,inherited-from-ancestor
gem5/src/systemc/tests/systemc/bugs/async_reset_init/golden,directory,,1,1,main-source-tree,原生SystemC测试,组件验证,gem5/src/systemc/tests,inherited-from-ancestor
gem5/src/systemc/tests/systemc/bugs/bug_147853,directory,,1,2,main-source-tree,原生SystemC测试,组件验证,gem5/src/systemc/tests,inherited-from-ancestor
gem5/src/systemc/tests/systemc/bugs/bug_147853/golden,directory,,1,1,main-source-tree,原生SystemC测试,组件验证,gem5/src/systemc/tests,inherited-from-ancestor
gem5/src/systemc/tests/systemc/bugs/bug_185,directory,,1,2,main-source-tree,原生SystemC测试,组件验证,gem5/src/systemc/tests,inherited-from-ancestor
gem5/src/systemc/tests/systemc/bugs/bug_185/golden,directory,,1,1,main-source-tree,原生SystemC测试,组件验证,gem5/src/systemc/tests,inherited-from-ancestor
gem5/src/systemc/tests/systemc/bugs/bug_70,directory,,1,2,main-source-tree,原生SystemC测试,组件验证,gem5/src/systemc/tests,inherited-from-ancestor
gem5/src/systemc/tests/systemc/bugs/bug_70/golden,directory,,1,1,main-source-tree,原生SystemC测试,组件验证,gem5/src/systemc/tests,inherited-from-ancestor
gem5/src/systemc/tests/systemc/bugs/constructor_throw,directory,,2,3,main-source-tree,原生SystemC测试,组件验证,gem5/src/systemc/tests,inherited-from-ancestor
gem5/src/systemc/tests/systemc/bugs/constructor_throw/golden,directory,,1,1,main-source-tree,原生SystemC测试,组件验证,gem5/src/systemc/tests,inherited-from-ancestor
gem5/src/systemc/tests/systemc/bugs/instantiation_detection,directory,,1,2,main-source-tree,原生SystemC测试,组件验证,gem5/src/systemc/tests,inherited-from-ancestor
gem5/src/systemc/tests/systemc/bugs/instantiation_detection/golden,directory,,1,1,main-source-tree,原生SystemC测试,组件验证,gem5/src/systemc/tests,inherited-from-ancestor
gem5/src/systemc/tests/systemc/bugs/sc_bigint_part_select,directory,,0,2,main-source-tree,原生SystemC测试,组件验证,gem5/src/systemc/tests,inherited-from-ancestor
gem5/src/systemc/tests/systemc/bugs/sc_bigint_part_select/test01,directory,,1,2,main-source-tree,原生SystemC测试,组件验证,gem5/src/systemc/tests,inherited-from-ancestor
gem5/src/systemc/tests/systemc/bugs/sc_bigint_part_select/test01/golden,directory,,1,1,main-source-tree,原生SystemC测试,组件验证,gem5/src/systemc/tests,inherited-from-ancestor
gem5/src/systemc/tests/systemc/bugs/sc_string_bracket_assign,directory,,1,2,main-source-tree,原生SystemC测试,组件验证,gem5/src/systemc/tests,inherited-from-ancestor
gem5/src/systemc/tests/systemc/bugs/sc_string_bracket_assign/golden,directory,,1,1,main-source-tree,原生SystemC测试,组件验证,gem5/src/systemc/tests,inherited-from-ancestor
gem5/src/systemc/tests/systemc/bugs/sign_extension,directory,,1,7,main-source-tree,原生SystemC测试,组件验证,gem5/src/systemc/tests,inherited-from-ancestor
gem5/src/systemc/tests/systemc/bugs/sign_extension/golden,directory,,6,6,main-source-tree,原生SystemC测试,组件验证,gem5/src/systemc/tests,inherited-from-ancestor
gem5/src/systemc/tests/systemc/bugs/stack_alignment,directory,,2,3,main-source-tree,原生SystemC测试,组件验证,gem5/src/systemc/tests,inherited-from-ancestor
gem5/src/systemc/tests/systemc/bugs/stack_alignment/golden,directory,,1,1,main-source-tree,原生SystemC测试,组件验证,gem5/src/systemc/tests,inherited-from-ancestor
gem5/src/systemc/tests/systemc/communication,directory,,0,210,main-source-tree,原生SystemC测试,组件验证,gem5/src/systemc/tests,inherited-from-ancestor
gem5/src/systemc/tests/systemc/communication/ports,directory,,0,11,main-source-tree,原生SystemC测试,组件验证,gem5/src/systemc/tests,inherited-from-ancestor
gem5/src/systemc/tests/systemc/communication/ports/test01,directory,,1,2,main-source-tree,原生SystemC测试,组件验证,gem5/src/systemc/tests,inherited-from-ancestor
gem5/src/systemc/tests/systemc/communication/ports/test01/golden,directory,,1,1,main-source-tree,原生SystemC测试,组件验证,gem5/src/systemc/tests,inherited-from-ancestor
gem5/src/systemc/tests/systemc/communication/ports/test02,directory,,1,2,main-source-tree,原生SystemC测试,组件验证,gem5/src/systemc/tests,inherited-from-ancestor
gem5/src/systemc/tests/systemc/communication/ports/test02/golden,directory,,1,1,main-source-tree,原生SystemC测试,组件验证,gem5/src/systemc/tests,inherited-from-ancestor
gem5/src/systemc/tests/systemc/communication/ports/test03,directory,,1,2,main-source-tree,原生SystemC测试,组件验证,gem5/src/systemc/tests,inherited-from-ancestor
gem5/src/systemc/tests/systemc/communication/ports/test03/golden,directory,,1,1,main-source-tree,原生SystemC测试,组件验证,gem5/src/systemc/tests,inherited-from-ancestor
gem5/src/systemc/tests/systemc/communication/ports/test04,directory,,1,2,main-source-tree,原生SystemC测试,组件验证,gem5/src/systemc/tests,inherited-from-ancestor
gem5/src/systemc/tests/systemc/communication/ports/test04/golden,directory,,1,1,main-source-tree,原生SystemC测试,组件验证,gem5/src/systemc/tests,inherited-from-ancestor
gem5/src/systemc/tests/systemc/communication/ports/test05,directory,,2,3,main-source-tree,原生SystemC测试,组件验证,gem5/src/systemc/tests,inherited-from-ancestor
gem5/src/systemc/tests/systemc/communication/ports/test05/golden,directory,,1,1,main-source-tree,原生SystemC测试,组件验证,gem5/src/systemc/tests,inherited-from-ancestor
gem5/src/systemc/tests/systemc/communication/reverse_bind,directory,,0,4,main-source-tree,原生SystemC测试,组件验证,gem5/src/systemc/tests,inherited-from-ancestor
gem5/src/systemc/tests/systemc/communication/reverse_bind/test01,directory,,1,2,main-source-tree,原生SystemC测试,组件验证,gem5/src/systemc/tests,inherited-from-ancestor
gem5/src/systemc/tests/systemc/communication/reverse_bind/test01/golden,directory,,1,1,main-source-tree,原生SystemC测试,组件验证,gem5/src/systemc/tests,inherited-from-ancestor
gem5/src/systemc/tests/systemc/communication/reverse_bind/test02,directory,,1,2,main-source-tree,原生SystemC测试,组件验证,gem5/src/systemc/tests,inherited-from-ancestor
gem5/src/systemc/tests/systemc/communication/reverse_bind/test02/golden,directory,,1,1,main-source-tree,原生SystemC测试,组件验证,gem5/src/systemc/tests,inherited-from-ancestor
gem5/src/systemc/tests/systemc/communication/sc_buffer,directory,,0,4,main-source-tree,原生SystemC测试,组件验证,gem5/src/systemc/tests,inherited-from-ancestor
gem5/src/systemc/tests/systemc/communication/sc_buffer/test01,directory,,1,2,main-source-tree,原生SystemC测试,组件验证,gem5/src/systemc/tests,inherited-from-ancestor
gem5/src/systemc/tests/systemc/communication/sc_buffer/test01/golden,directory,,1,1,main-source-tree,原生SystemC测试,组件验证,gem5/src/systemc/tests,inherited-from-ancestor
gem5/src/systemc/tests/systemc/communication/sc_buffer/test02,directory,,1,2,main-source-tree,原生SystemC测试,组件验证,gem5/src/systemc/tests,inherited-from-ancestor
gem5/src/systemc/tests/systemc/communication/sc_buffer/test02/golden,directory,,1,1,main-source-tree,原生SystemC测试,组件验证,gem5/src/systemc/tests,inherited-from-ancestor
gem5/src/systemc/tests/systemc/communication/sc_clock,directory,,0,8,main-source-tree,原生SystemC测试,组件验证,gem5/src/systemc/tests,inherited-from-ancestor
gem5/src/systemc/tests/systemc/communication/sc_clock/test01,directory,,1,2,main-source-tree,原生SystemC测试,组件验证,gem5/src/systemc/tests,inherited-from-ancestor
gem5/src/systemc/tests/systemc/communication/sc_clock/test01/golden,directory,,1,1,main-source-tree,原生SystemC测试,组件验证,gem5/src/systemc/tests,inherited-from-ancestor
gem5/src/systemc/tests/systemc/communication/sc_clock/test02,directory,,1,2,main-source-tree,原生SystemC测试,组件验证,gem5/src/systemc/tests,inherited-from-ancestor
gem5/src/systemc/tests/systemc/communication/sc_clock/test02/golden,directory,,1,1,main-source-tree,原生SystemC测试,组件验证,gem5/src/systemc/tests,inherited-from-ancestor
gem5/src/systemc/tests/systemc/communication/sc_clock/test03,directory,,1,2,main-source-tree,原生SystemC测试,组件验证,gem5/src/systemc/tests,inherited-from-ancestor
gem5/src/systemc/tests/systemc/communication/sc_clock/test03/golden,directory,,1,1,main-source-tree,原生SystemC测试,组件验证,gem5/src/systemc/tests,inherited-from-ancestor
gem5/src/systemc/tests/systemc/communication/sc_clock/test04,directory,,1,2,main-source-tree,原生SystemC测试,组件验证,gem5/src/systemc/tests,inherited-from-ancestor
gem5/src/systemc/tests/systemc/communication/sc_clock/test04/golden,directory,,1,1,main-source-tree,原生SystemC测试,组件验证,gem5/src/systemc/tests,inherited-from-ancestor
gem5/src/systemc/tests/systemc/communication/sc_event_queue,directory,,0,2,main-source-tree,原生SystemC测试,组件验证,gem5/src/systemc/tests,inherited-from-ancestor
gem5/src/systemc/tests/systemc/communication/sc_event_queue/test01,directory,,1,2,main-source-tree,原生SystemC测试,组件验证,gem5/src/systemc/tests,inherited-from-ancestor
gem5/src/systemc/tests/systemc/communication/sc_event_queue/test01/golden,directory,,1,1,main-source-tree,原生SystemC测试,组件验证,gem5/src/systemc/tests,inherited-from-ancestor
gem5/src/systemc/tests/systemc/communication/sc_export,directory,,0,12,main-source-tree,原生SystemC测试,组件验证,gem5/src/systemc/tests,inherited-from-ancestor
gem5/src/systemc/tests/systemc/communication/sc_export/test01,directory,,1,2,main-source-tree,原生SystemC测试,组件验证,gem5/src/systemc/tests,inherited-from-ancestor
gem5/src/systemc/tests/systemc/communication/sc_export/test01/golden,directory,,1,1,main-source-tree,原生SystemC测试,组件验证,gem5/src/systemc/tests,inherited-from-ancestor
gem5/src/systemc/tests/systemc/communication/sc_export/test02,directory,,2,3,main-source-tree,原生SystemC测试,组件验证,gem5/src/systemc/tests,inherited-from-ancestor
gem5/src/systemc/tests/systemc/communication/sc_export/test02/golden,directory,,1,1,main-source-tree,原生SystemC测试,组件验证,gem5/src/systemc/tests,inherited-from-ancestor
gem5/src/systemc/tests/systemc/communication/sc_export/test03,directory,,1,2,main-source-tree,原生SystemC测试,组件验证,gem5/src/systemc/tests,inherited-from-ancestor
gem5/src/systemc/tests/systemc/communication/sc_export/test03/golden,directory,,1,1,main-source-tree,原生SystemC测试,组件验证,gem5/src/systemc/tests,inherited-from-ancestor
gem5/src/systemc/tests/systemc/communication/sc_export/test04,directory,,2,3,main-source-tree,原生SystemC测试,组件验证,gem5/src/systemc/tests,inherited-from-ancestor
gem5/src/systemc/tests/systemc/communication/sc_export/test04/golden,directory,,1,1,main-source-tree,原生SystemC测试,组件验证,gem5/src/systemc/tests,inherited-from-ancestor
gem5/src/systemc/tests/systemc/communication/sc_export/test05,directory,,1,2,main-source-tree,原生SystemC测试,组件验证,gem5/src/systemc/tests,inherited-from-ancestor
gem5/src/systemc/tests/systemc/communication/sc_export/test05/golden,directory,,1,1,main-source-tree,原生SystemC测试,组件验证,gem5/src/systemc/tests,inherited-from-ancestor
gem5/src/systemc/tests/systemc/communication/sc_fifo,directory,,0,12,main-source-tree,原生SystemC测试,组件验证,gem5/src/systemc/tests,inherited-from-ancestor
gem5/src/systemc/tests/systemc/communication/sc_fifo/test01,directory,,1,2,main-source-tree,原生SystemC测试,组件验证,gem5/src/systemc/tests,inherited-from-ancestor
gem5/src/systemc/tests/systemc/communication/sc_fifo/test01/golden,directory,,1,1,main-source-tree,原生SystemC测试,组件验证,gem5/src/systemc/tests,inherited-from-ancestor
gem5/src/systemc/tests/systemc/communication/sc_fifo/test02,directory,,1,2,main-source-tree,原生SystemC测试,组件验证,gem5/src/systemc/tests,inherited-from-ancestor
gem5/src/systemc/tests/systemc/communication/sc_fifo/test02/golden,directory,,1,1,main-source-tree,原生SystemC测试,组件验证,gem5/src/systemc/tests,inherited-from-ancestor
gem5/src/systemc/tests/systemc/communication/sc_fifo/test03,directory,,1,2,main-source-tree,原生SystemC测试,组件验证,gem5/src/systemc/tests,inherited-from-ancestor
gem5/src/systemc/tests/systemc/communication/sc_fifo/test03/golden,directory,,1,1,main-source-tree,原生SystemC测试,组件验证,gem5/src/systemc/tests,inherited-from-ancestor
gem5/src/systemc/tests/systemc/communication/sc_fifo/test04,directory,,1,2,main-source-tree,原生SystemC测试,组件验证,gem5/src/systemc/tests,inherited-from-ancestor
gem5/src/systemc/tests/systemc/communication/sc_fifo/test04/golden,directory,,1,1,main-source-tree,原生SystemC测试,组件验证,gem5/src/systemc/tests,inherited-from-ancestor
gem5/src/systemc/tests/systemc/communication/sc_fifo/test05,directory,,1,2,main-source-tree,原生SystemC测试,组件验证,gem5/src/systemc/tests,inherited-from-ancestor
gem5/src/systemc/tests/systemc/communication/sc_fifo/test05/golden,directory,,1,1,main-source-tree,原生SystemC测试,组件验证,gem5/src/systemc/tests,inherited-from-ancestor
gem5/src/systemc/tests/systemc/communication/sc_fifo/test06,directory,,1,2,main-source-tree,原生SystemC测试,组件验证,gem5/src/systemc/tests,inherited-from-ancestor
gem5/src/systemc/tests/systemc/communication/sc_fifo/test06/golden,directory,,1,1,main-source-tree,原生SystemC测试,组件验证,gem5/src/systemc/tests,inherited-from-ancestor
gem5/src/systemc/tests/systemc/communication/sc_interface,directory,,0,2,main-source-tree,原生SystemC测试,组件验证,gem5/src/systemc/tests,inherited-from-ancestor
gem5/src/systemc/tests/systemc/communication/sc_interface/test01,directory,,1,2,main-source-tree,原生SystemC测试,组件验证,gem5/src/systemc/tests,inherited-from-ancestor
gem5/src/systemc/tests/systemc/communication/sc_interface/test01/golden,directory,,1,1,main-source-tree,原生SystemC测试,组件验证,gem5/src/systemc/tests,inherited-from-ancestor
gem5/src/systemc/tests/systemc/communication/sc_mutex,directory,,0,4,main-source-tree,原生SystemC测试,组件验证,gem5/src/systemc/tests,inherited-from-ancestor
gem5/src/systemc/tests/systemc/communication/sc_mutex/test01,directory,,1,2,main-source-tree,原生SystemC测试,组件验证,gem5/src/systemc/tests,inherited-from-ancestor
gem5/src/systemc/tests/systemc/communication/sc_mutex/test01/golden,directory,,1,1,main-source-tree,原生SystemC测试,组件验证,gem5/src/systemc/tests,inherited-from-ancestor
gem5/src/systemc/tests/systemc/communication/sc_mutex/test02,directory,,1,2,main-source-tree,原生SystemC测试,组件验证,gem5/src/systemc/tests,inherited-from-ancestor
gem5/src/systemc/tests/systemc/communication/sc_mutex/test02/golden,directory,,1,1,main-source-tree,原生SystemC测试,组件验证,gem5/src/systemc/tests,inherited-from-ancestor
gem5/src/systemc/tests/systemc/communication/sc_port_policy,directory,,0,12,main-source-tree,原生SystemC测试,组件验证,gem5/src/systemc/tests,inherited-from-ancestor
gem5/src/systemc/tests/systemc/communication/sc_port_policy/test01,directory,,1,2,main-source-tree,原生SystemC测试,组件验证,gem5/src/systemc/tests,inherited-from-ancestor
gem5/src/systemc/tests/systemc/communication/sc_port_policy/test01/golden,directory,,1,1,main-source-tree,原生SystemC测试,组件验证,gem5/src/systemc/tests,inherited-from-ancestor
gem5/src/systemc/tests/systemc/communication/sc_port_policy/test02,directory,,1,2,main-source-tree,原生SystemC测试,组件验证,gem5/src/systemc/tests,inherited-from-ancestor
gem5/src/systemc/tests/systemc/communication/sc_port_policy/test02/golden,directory,,1,1,main-source-tree,原生SystemC测试,组件验证,gem5/src/systemc/tests,inherited-from-ancestor
gem5/src/systemc/tests/systemc/communication/sc_port_policy/test03,directory,,2,3,main-source-tree,原生SystemC测试,组件验证,gem5/src/systemc/tests,inherited-from-ancestor
gem5/src/systemc/tests/systemc/communication/sc_port_policy/test03/golden,directory,,1,1,main-source-tree,原生SystemC测试,组件验证,gem5/src/systemc/tests,inherited-from-ancestor
gem5/src/systemc/tests/systemc/communication/sc_port_policy/test04,directory,,2,3,main-source-tree,原生SystemC测试,组件验证,gem5/src/systemc/tests,inherited-from-ancestor
gem5/src/systemc/tests/systemc/communication/sc_port_policy/test04/golden,directory,,1,1,main-source-tree,原生SystemC测试,组件验证,gem5/src/systemc/tests,inherited-from-ancestor
gem5/src/systemc/tests/systemc/communication/sc_port_policy/test05,directory,,1,2,main-source-tree,原生SystemC测试,组件验证,gem5/src/systemc/tests,inherited-from-ancestor
gem5/src/systemc/tests/systemc/communication/sc_port_policy/test05/golden,directory,,1,1,main-source-tree,原生SystemC测试,组件验证,gem5/src/systemc/tests,inherited-from-ancestor
gem5/src/systemc/tests/systemc/communication/sc_prim_channel,directory,,0,40,main-source-tree,原生SystemC测试,组件验证,gem5/src/systemc/tests,inherited-from-ancestor
gem5/src/systemc/tests/systemc/communication/sc_prim_channel/test01,directory,,1,2,main-source-tree,原生SystemC测试,组件验证,gem5/src/systemc/tests,inherited-from-ancestor
gem5/src/systemc/tests/systemc/communication/sc_prim_channel/test01/golden,directory,,1,1,main-source-tree,原生SystemC测试,组件验证,gem5/src/systemc/tests,inherited-from-ancestor
gem5/src/systemc/tests/systemc/communication/sc_prim_channel/test02,directory,,1,2,main-source-tree,原生SystemC测试,组件验证,gem5/src/systemc/tests,inherited-from-ancestor
gem5/src/systemc/tests/systemc/communication/sc_prim_channel/test02/golden,directory,,1,1,main-source-tree,原生SystemC测试,组件验证,gem5/src/systemc/tests,inherited-from-ancestor
gem5/src/systemc/tests/systemc/communication/sc_prim_channel/test03,directory,,1,2,main-source-tree,原生SystemC测试,组件验证,gem5/src/systemc/tests,inherited-from-ancestor
gem5/src/systemc/tests/systemc/communication/sc_prim_channel/test03/golden,directory,,1,1,main-source-tree,原生SystemC测试,组件验证,gem5/src/systemc/tests,inherited-from-ancestor
gem5/src/systemc/tests/systemc/communication/sc_prim_channel/test04,directory,,1,2,main-source-tree,原生SystemC测试,组件验证,gem5/src/systemc/tests,inherited-from-ancestor
gem5/src/systemc/tests/systemc/communication/sc_prim_channel/test04/golden,directory,,1,1,main-source-tree,原生SystemC测试,组件验证,gem5/src/systemc/tests,inherited-from-ancestor
gem5/src/systemc/tests/systemc/communication/sc_prim_channel/test05,directory,,1,2,main-source-tree,原生SystemC测试,组件验证,gem5/src/systemc/tests,inherited-from-ancestor
gem5/src/systemc/tests/systemc/communication/sc_prim_channel/test05/golden,directory,,1,1,main-source-tree,原生SystemC测试,组件验证,gem5/src/systemc/tests,inherited-from-ancestor
gem5/src/systemc/tests/systemc/communication/sc_prim_channel/test06,directory,,1,2,main-source-tree,原生SystemC测试,组件验证,gem5/src/systemc/tests,inherited-from-ancestor
gem5/src/systemc/tests/systemc/communication/sc_prim_channel/test06/golden,directory,,1,1,main-source-tree,原生SystemC测试,组件验证,gem5/src/systemc/tests,inherited-from-ancestor
gem5/src/systemc/tests/systemc/communication/sc_prim_channel/test07,directory,,1,2,main-source-tree,原生SystemC测试,组件验证,gem5/src/systemc/tests,inherited-from-ancestor
gem5/src/systemc/tests/systemc/communication/sc_prim_channel/test07/golden,directory,,1,1,main-source-tree,原生SystemC测试,组件验证,gem5/src/systemc/tests,inherited-from-ancestor
gem5/src/systemc/tests/systemc/communication/sc_prim_channel/test08,directory,,1,2,main-source-tree,原生SystemC测试,组件验证,gem5/src/systemc/tests,inherited-from-ancestor
gem5/src/systemc/tests/systemc/communication/sc_prim_channel/test08/golden,directory,,1,1,main-source-tree,原生SystemC测试,组件验证,gem5/src/systemc/tests,inherited-from-ancestor
gem5/src/systemc/tests/systemc/communication/sc_prim_channel/test09,directory,,1,2,main-source-tree,原生SystemC测试,组件验证,gem5/src/systemc/tests,inherited-from-ancestor
gem5/src/systemc/tests/systemc/communication/sc_prim_channel/test09/golden,directory,,1,1,main-source-tree,原生SystemC测试,组件验证,gem5/src/systemc/tests,inherited-from-ancestor
gem5/src/systemc/tests/systemc/communication/sc_prim_channel/test10,directory,,1,2,main-source-tree,原生SystemC测试,组件验证,gem5/src/systemc/tests,inherited-from-ancestor
gem5/src/systemc/tests/systemc/communication/sc_prim_channel/test10/golden,directory,,1,1,main-source-tree,原生SystemC测试,组件验证,gem5/src/systemc/tests,inherited-from-ancestor
gem5/src/systemc/tests/systemc/communication/sc_prim_channel/test11,directory,,1,2,main-source-tree,原生SystemC测试,组件验证,gem5/src/systemc/tests,inherited-from-ancestor
gem5/src/systemc/tests/systemc/communication/sc_prim_channel/test11/golden,directory,,1,1,main-source-tree,原生SystemC测试,组件验证,gem5/src/systemc/tests,inherited-from-ancestor
gem5/src/systemc/tests/systemc/communication/sc_prim_channel/test12,directory,,1,2,main-source-tree,原生SystemC测试,组件验证,gem5/src/systemc/tests,inherited-from-ancestor
gem5/src/systemc/tests/systemc/communication/sc_prim_channel/test12/golden,directory,,1,1,main-source-tree,原生SystemC测试,组件验证,gem5/src/systemc/tests,inherited-from-ancestor
gem5/src/systemc/tests/systemc/communication/sc_prim_channel/test13,directory,,1,2,main-source-tree,原生SystemC测试,组件验证,gem5/src/systemc/tests,inherited-from-ancestor
gem5/src/systemc/tests/systemc/communication/sc_prim_channel/test13/golden,directory,,1,1,main-source-tree,原生SystemC测试,组件验证,gem5/src/systemc/tests,inherited-from-ancestor
gem5/src/systemc/tests/systemc/communication/sc_prim_channel/test14,directory,,1,2,main-source-tree,原生SystemC测试,组件验证,gem5/src/systemc/tests,inherited-from-ancestor
gem5/src/systemc/tests/systemc/communication/sc_prim_channel/test14/golden,directory,,1,1,main-source-tree,原生SystemC测试,组件验证,gem5/src/systemc/tests,inherited-from-ancestor
gem5/src/systemc/tests/systemc/communication/sc_prim_channel/test15,directory,,1,2,main-source-tree,原生SystemC测试,组件验证,gem5/src/systemc/tests,inherited-from-ancestor
gem5/src/systemc/tests/systemc/communication/sc_prim_channel/test15/golden,directory,,1,1,main-source-tree,原生SystemC测试,组件验证,gem5/src/systemc/tests,inherited-from-ancestor
gem5/src/systemc/tests/systemc/communication/sc_prim_channel/test16,directory,,1,2,main-source-tree,原生SystemC测试,组件验证,gem5/src/systemc/tests,inherited-from-ancestor
gem5/src/systemc/tests/systemc/communication/sc_prim_channel/test16/golden,directory,,1,1,main-source-tree,原生SystemC测试,组件验证,gem5/src/systemc/tests,inherited-from-ancestor
gem5/src/systemc/tests/systemc/communication/sc_prim_channel/test17,directory,,1,2,main-source-tree,原生SystemC测试,组件验证,gem5/src/systemc/tests,inherited-from-ancestor
gem5/src/systemc/tests/systemc/communication/sc_prim_channel/test17/golden,directory,,1,1,main-source-tree,原生SystemC测试,组件验证,gem5/src/systemc/tests,inherited-from-ancestor
gem5/src/systemc/tests/systemc/communication/sc_prim_channel/test18,directory,,1,2,main-source-tree,原生SystemC测试,组件验证,gem5/src/systemc/tests,inherited-from-ancestor
gem5/src/systemc/tests/systemc/communication/sc_prim_channel/test18/golden,directory,,1,1,main-source-tree,原生SystemC测试,组件验证,gem5/src/systemc/tests,inherited-from-ancestor
gem5/src/systemc/tests/systemc/communication/sc_prim_channel/test19,directory,,1,2,main-source-tree,原生SystemC测试,组件验证,gem5/src/systemc/tests,inherited-from-ancestor
gem5/src/systemc/tests/systemc/communication/sc_prim_channel/test19/golden,directory,,1,1,main-source-tree,原生SystemC测试,组件验证,gem5/src/systemc/tests,inherited-from-ancestor
gem5/src/systemc/tests/systemc/communication/sc_prim_channel/test20,directory,,1,2,main-source-tree,原生SystemC测试,组件验证,gem5/src/systemc/tests,inherited-from-ancestor
gem5/src/systemc/tests/systemc/communication/sc_prim_channel/test20/golden,directory,,1,1,main-source-tree,原生SystemC测试,组件验证,gem5/src/systemc/tests,inherited-from-ancestor
gem5/src/systemc/tests/systemc/communication/sc_semaphore,directory,,0,11,main-source-tree,原生SystemC测试,组件验证,gem5/src/systemc/tests,inherited-from-ancestor
gem5/src/systemc/tests/systemc/communication/sc_semaphore/test01,directory,,1,2,main-source-tree,原生SystemC测试,组件验证,gem5/src/systemc/tests,inherited-from-ancestor
gem5/src/systemc/tests/systemc/communication/sc_semaphore/test01/golden,directory,,1,1,main-source-tree,原生SystemC测试,组件验证,gem5/src/systemc/tests,inherited-from-ancestor
gem5/src/systemc/tests/systemc/communication/sc_semaphore/test02,directory,,1,2,main-source-tree,原生SystemC测试,组件验证,gem5/src/systemc/tests,inherited-from-ancestor
gem5/src/systemc/tests/systemc/communication/sc_semaphore/test02/golden,directory,,1,1,main-source-tree,原生SystemC测试,组件验证,gem5/src/systemc/tests,inherited-from-ancestor
gem5/src/systemc/tests/systemc/communication/sc_semaphore/test03,directory,,4,5,main-source-tree,原生SystemC测试,组件验证,gem5/src/systemc/tests,inherited-from-ancestor
gem5/src/systemc/tests/systemc/communication/sc_semaphore/test03/golden,directory,,1,1,main-source-tree,原生SystemC测试,组件验证,gem5/src/systemc/tests,inherited-from-ancestor
gem5/src/systemc/tests/systemc/communication/sc_semaphore/test04,directory,,1,2,main-source-tree,原生SystemC测试,组件验证,gem5/src/systemc/tests,inherited-from-ancestor
gem5/src/systemc/tests/systemc/communication/sc_semaphore/test04/golden,directory,,1,1,main-source-tree,原生SystemC测试,组件验证,gem5/src/systemc/tests,inherited-from-ancestor
gem5/src/systemc/tests/systemc/communication/sc_signal,directory,,0,62,main-source-tree,原生SystemC测试,组件验证,gem5/src/systemc/tests,inherited-from-ancestor
gem5/src/systemc/tests/systemc/communication/sc_signal/check_writer,directory,,0,44,main-source-tree,原生SystemC测试,组件验证,gem5/src/systemc/tests,inherited-from-ancestor
gem5/src/systemc/tests/systemc/communication/sc_signal/check_writer/test01,directory,,2,3,main-source-tree,原生SystemC测试,组件验证,gem5/src/systemc/tests,inherited-from-ancestor
gem5/src/systemc/tests/systemc/communication/sc_signal/check_writer/test01/golden,directory,,1,1,main-source-tree,原生SystemC测试,组件验证,gem5/src/systemc/tests,inherited-from-ancestor
gem5/src/systemc/tests/systemc/communication/sc_signal/check_writer/test02,directory,,2,3,main-source-tree,原生SystemC测试,组件验证,gem5/src/systemc/tests,inherited-from-ancestor
gem5/src/systemc/tests/systemc/communication/sc_signal/check_writer/test02/golden,directory,,1,1,main-source-tree,原生SystemC测试,组件验证,gem5/src/systemc/tests,inherited-from-ancestor
gem5/src/systemc/tests/systemc/communication/sc_signal/check_writer/test03,directory,,2,3,main-source-tree,原生SystemC测试,组件验证,gem5/src/systemc/tests,inherited-from-ancestor
gem5/src/systemc/tests/systemc/communication/sc_signal/check_writer/test03/golden,directory,,1,1,main-source-tree,原生SystemC测试,组件验证,gem5/src/systemc/tests,inherited-from-ancestor
gem5/src/systemc/tests/systemc/communication/sc_signal/check_writer/test04,directory,,2,3,main-source-tree,原生SystemC测试,组件验证,gem5/src/systemc/tests,inherited-from-ancestor
gem5/src/systemc/tests/systemc/communication/sc_signal/check_writer/test04/golden,directory,,1,1,main-source-tree,原生SystemC测试,组件验证,gem5/src/systemc/tests,inherited-from-ancestor
gem5/src/systemc/tests/systemc/communication/sc_signal/check_writer/test05,directory,,2,3,main-source-tree,原生SystemC测试,组件验证,gem5/src/systemc/tests,inherited-from-ancestor
gem5/src/systemc/tests/systemc/communication/sc_signal/check_writer/test05/golden,directory,,1,1,main-source-tree,原生SystemC测试,组件验证,gem5/src/systemc/tests,inherited-from-ancestor
gem5/src/systemc/tests/systemc/communication/sc_signal/check_writer/test06,directory,,1,2,main-source-tree,原生SystemC测试,组件验证,gem5/src/systemc/tests,inherited-from-ancestor
gem5/src/systemc/tests/systemc/communication/sc_signal/check_writer/test06/golden,directory,,1,1,main-source-tree,原生SystemC测试,组件验证,gem5/src/systemc/tests,inherited-from-ancestor
gem5/src/systemc/tests/systemc/communication/sc_signal/check_writer/test07,directory,,2,3,main-source-tree,原生SystemC测试,组件验证,gem5/src/systemc/tests,inherited-from-ancestor
gem5/src/systemc/tests/systemc/communication/sc_signal/check_writer/test07/golden,directory,,1,1,main-source-tree,原生SystemC测试,组件验证,gem5/src/systemc/tests,inherited-from-ancestor
gem5/src/systemc/tests/systemc/communication/sc_signal/check_writer/test08,directory,,2,3,main-source-tree,原生SystemC测试,组件验证,gem5/src/systemc/tests,inherited-from-ancestor
gem5/src/systemc/tests/systemc/communication/sc_signal/check_writer/test08/golden,directory,,1,1,main-source-tree,原生SystemC测试,组件验证,gem5/src/systemc/tests,inherited-from-ancestor
gem5/src/systemc/tests/systemc/communication/sc_signal/check_writer/test09,directory,,2,3,main-source-tree,原生SystemC测试,组件验证,gem5/src/systemc/tests,inherited-from-ancestor
gem5/src/systemc/tests/systemc/communication/sc_signal/check_writer/test09/golden,directory,,1,1,main-source-tree,原生SystemC测试,组件验证,gem5/src/systemc/tests,inherited-from-ancestor
gem5/src/systemc/tests/systemc/communication/sc_signal/check_writer/test10,directory,,2,3,main-source-tree,原生SystemC测试,组件验证,gem5/src/systemc/tests,inherited-from-ancestor
gem5/src/systemc/tests/systemc/communication/sc_signal/check_writer/test10/golden,directory,,1,1,main-source-tree,原生SystemC测试,组件验证,gem5/src/systemc/tests,inherited-from-ancestor
gem5/src/systemc/tests/systemc/communication/sc_signal/check_writer/test11,directory,,2,3,main-source-tree,原生SystemC测试,组件验证,gem5/src/systemc/tests,inherited-from-ancestor
gem5/src/systemc/tests/systemc/communication/sc_signal/check_writer/test11/golden,directory,,1,1,main-source-tree,原生SystemC测试,组件验证,gem5/src/systemc/tests,inherited-from-ancestor
gem5/src/systemc/tests/systemc/communication/sc_signal/check_writer/test12,directory,,2,3,main-source-tree,原生SystemC测试,组件验证,gem5/src/systemc/tests,inherited-from-ancestor
gem5/src/systemc/tests/systemc/communication/sc_signal/check_writer/test12/golden,directory,,1,1,main-source-tree,原生SystemC测试,组件验证,gem5/src/systemc/tests,inherited-from-ancestor
gem5/src/systemc/tests/systemc/communication/sc_signal/check_writer/test13,directory,,1,2,main-source-tree,原生SystemC测试,组件验证,gem5/src/systemc/tests,inherited-from-ancestor
gem5/src/systemc/tests/systemc/communication/sc_signal/check_writer/test13/golden,directory,,1,1,main-source-tree,原生SystemC测试,组件验证,gem5/src/systemc/tests,inherited-from-ancestor
gem5/src/systemc/tests/systemc/communication/sc_signal/check_writer/test14,directory,,2,3,main-source-tree,原生SystemC测试,组件验证,gem5/src/systemc/tests,inherited-from-ancestor
gem5/src/systemc/tests/systemc/communication/sc_signal/check_writer/test14/golden,directory,,1,1,main-source-tree,原生SystemC测试,组件验证,gem5/src/systemc/tests,inherited-from-ancestor
gem5/src/systemc/tests/systemc/communication/sc_signal/check_writer/test15,directory,,1,2,main-source-tree,原生SystemC测试,组件验证,gem5/src/systemc/tests,inherited-from-ancestor
gem5/src/systemc/tests/systemc/communication/sc_signal/check_writer/test15/golden,directory,,1,1,main-source-tree,原生SystemC测试,组件验证,gem5/src/systemc/tests,inherited-from-ancestor
gem5/src/systemc/tests/systemc/communication/sc_signal/check_writer/test16,directory,,1,2,main-source-tree,原生SystemC测试,组件验证,gem5/src/systemc/tests,inherited-from-ancestor
gem5/src/systemc/tests/systemc/communication/sc_signal/check_writer/test16/golden,directory,,1,1,main-source-tree,原生SystemC测试,组件验证,gem5/src/systemc/tests,inherited-from-ancestor
gem5/src/systemc/tests/systemc/communication/sc_signal/constructors,directory,,1,2,main-source-tree,原生SystemC测试,组件验证,gem5/src/systemc/tests,inherited-from-ancestor
gem5/src/systemc/tests/systemc/communication/sc_signal/constructors/golden,directory,,1,1,main-source-tree,原生SystemC测试,组件验证,gem5/src/systemc/tests,inherited-from-ancestor
gem5/src/systemc/tests/systemc/communication/sc_signal/datatypes,directory,,0,4,main-source-tree,原生SystemC测试,组件验证,gem5/src/systemc/tests,inherited-from-ancestor
gem5/src/systemc/tests/systemc/communication/sc_signal/datatypes/test01,directory,,1,2,main-source-tree,原生SystemC测试,组件验证,gem5/src/systemc/tests,inherited-from-ancestor
gem5/src/systemc/tests/systemc/communication/sc_signal/datatypes/test01/golden,directory,,1,1,main-source-tree,原生SystemC测试,组件验证,gem5/src/systemc/tests,inherited-from-ancestor
gem5/src/systemc/tests/systemc/communication/sc_signal/datatypes/test02,directory,,1,2,main-source-tree,原生SystemC测试,组件验证,gem5/src/systemc/tests,inherited-from-ancestor
gem5/src/systemc/tests/systemc/communication/sc_signal/datatypes/test02/golden,directory,,1,1,main-source-tree,原生SystemC测试,组件验证,gem5/src/systemc/tests,inherited-from-ancestor
gem5/src/systemc/tests/systemc/communication/sc_signal/register_port,directory,,0,12,main-source-tree,原生SystemC测试,组件验证,gem5/src/systemc/tests,inherited-from-ancestor
gem5/src/systemc/tests/systemc/communication/sc_signal/register_port/test01,directory,,3,4,main-source-tree,原生SystemC测试,组件验证,gem5/src/systemc/tests,inherited-from-ancestor
gem5/src/systemc/tests/systemc/communication/sc_signal/register_port/test01/golden,directory,,1,1,main-source-tree,原生SystemC测试,组件验证,gem5/src/systemc/tests,inherited-from-ancestor
gem5/src/systemc/tests/systemc/communication/sc_signal/register_port/test02,directory,,3,4,main-source-tree,原生SystemC测试,组件验证,gem5/src/systemc/tests,inherited-from-ancestor
gem5/src/systemc/tests/systemc/communication/sc_signal/register_port/test02/golden,directory,,1,1,main-source-tree,原生SystemC测试,组件验证,gem5/src/systemc/tests,inherited-from-ancestor
gem5/src/systemc/tests/systemc/communication/sc_signal/register_port/test03,directory,,3,4,main-source-tree,原生SystemC测试,组件验证,gem5/src/systemc/tests,inherited-from-ancestor
gem5/src/systemc/tests/systemc/communication/sc_signal/register_port/test03/golden,directory,,1,1,main-source-tree,原生SystemC测试,组件验证,gem5/src/systemc/tests,inherited-from-ancestor
gem5/src/systemc/tests/systemc/communication/sc_signal_ports,directory,,0,4,main-source-tree,原生SystemC测试,组件验证,gem5/src/systemc/tests,inherited-from-ancestor
gem5/src/systemc/tests/systemc/communication/sc_signal_ports/test01,directory,,1,2,main-source-tree,原生SystemC测试,组件验证,gem5/src/systemc/tests,inherited-from-ancestor
gem5/src/systemc/tests/systemc/communication/sc_signal_ports/test01/golden,directory,,1,1,main-source-tree,原生SystemC测试,组件验证,gem5/src/systemc/tests,inherited-from-ancestor
gem5/src/systemc/tests/systemc/communication/sc_signal_ports/test02,directory,,1,2,main-source-tree,原生SystemC测试,组件验证,gem5/src/systemc/tests,inherited-from-ancestor
gem5/src/systemc/tests/systemc/communication/sc_signal_ports/test02/golden,directory,,1,1,main-source-tree,原生SystemC测试,组件验证,gem5/src/systemc/tests,inherited-from-ancestor
gem5/src/systemc/tests/systemc/communication/sc_signal_resolved,directory,,0,10,main-source-tree,原生SystemC测试,组件验证,gem5/src/systemc/tests,inherited-from-ancestor
gem5/src/systemc/tests/systemc/communication/sc_signal_resolved/test01,directory,,1,2,main-source-tree,原生SystemC测试,组件验证,gem5/src/systemc/tests,inherited-from-ancestor
gem5/src/systemc/tests/systemc/communication/sc_signal_resolved/test01/golden,directory,,1,1,main-source-tree,原生SystemC测试,组件验证,gem5/src/systemc/tests,inherited-from-ancestor
gem5/src/systemc/tests/systemc/communication/sc_signal_resolved/test02,directory,,2,3,main-source-tree,原生SystemC测试,组件验证,gem5/src/systemc/tests,inherited-from-ancestor
gem5/src/systemc/tests/systemc/communication/sc_signal_resolved/test02/golden,directory,,1,1,main-source-tree,原生SystemC测试,组件验证,gem5/src/systemc/tests,inherited-from-ancestor
gem5/src/systemc/tests/systemc/communication/sc_signal_resolved/test03,directory,,2,3,main-source-tree,原生SystemC测试,组件验证,gem5/src/systemc/tests,inherited-from-ancestor
gem5/src/systemc/tests/systemc/communication/sc_signal_resolved/test03/golden,directory,,1,1,main-source-tree,原生SystemC测试,组件验证,gem5/src/systemc/tests,inherited-from-ancestor
gem5/src/systemc/tests/systemc/communication/sc_signal_resolved/test04,directory,,1,2,main-source-tree,原生SystemC测试,组件验证,gem5/src/systemc/tests,inherited-from-ancestor
gem5/src/systemc/tests/systemc/communication/sc_signal_resolved/test04/golden,directory,,1,1,main-source-tree,原生SystemC测试,组件验证,gem5/src/systemc/tests,inherited-from-ancestor
gem5/src/systemc/tests/systemc/communication/sc_signal_resolved_port,directory,,0,4,main-source-tree,原生SystemC测试,组件验证,gem5/src/systemc/tests,inherited-from-ancestor
gem5/src/systemc/tests/systemc/communication/sc_signal_resolved_port/test01,directory,,1,2,main-source-tree,原生SystemC测试,组件验证,gem5/src/systemc/tests,inherited-from-ancestor
gem5/src/systemc/tests/systemc/communication/sc_signal_resolved_port/test01/golden,directory,,1,1,main-source-tree,原生SystemC测试,组件验证,gem5/src/systemc/tests,inherited-from-ancestor
gem5/src/systemc/tests/systemc/communication/sc_signal_resolved_port/test02,directory,,1,2,main-source-tree,原生SystemC测试,组件验证,gem5/src/systemc/tests,inherited-from-ancestor
gem5/src/systemc/tests/systemc/communication/sc_signal_resolved_port/test02/golden,directory,,1,1,main-source-tree,原生SystemC测试,组件验证,gem5/src/systemc/tests,inherited-from-ancestor
gem5/src/systemc/tests/systemc/communication/sc_signal_rv,directory,,0,8,main-source-tree,原生SystemC测试,组件验证,gem5/src/systemc/tests,inherited-from-ancestor
gem5/src/systemc/tests/systemc/communication/sc_signal_rv/test01,directory,,1,2,main-source-tree,原生SystemC测试,组件验证,gem5/src/systemc/tests,inherited-from-ancestor
gem5/src/systemc/tests/systemc/communication/sc_signal_rv/test01/golden,directory,,1,1,main-source-tree,原生SystemC测试,组件验证,gem5/src/systemc/tests,inherited-from-ancestor
gem5/src/systemc/tests/systemc/communication/sc_signal_rv/test02,directory,,2,3,main-source-tree,原生SystemC测试,组件验证,gem5/src/systemc/tests,inherited-from-ancestor
gem5/src/systemc/tests/systemc/communication/sc_signal_rv/test02/golden,directory,,1,1,main-source-tree,原生SystemC测试,组件验证,gem5/src/systemc/tests,inherited-from-ancestor
gem5/src/systemc/tests/systemc/communication/sc_signal_rv/test03,directory,,2,3,main-source-tree,原生SystemC测试,组件验证,gem5/src/systemc/tests,inherited-from-ancestor
gem5/src/systemc/tests/systemc/communication/sc_signal_rv/test03/golden,directory,,1,1,main-source-tree,原生SystemC测试,组件验证,gem5/src/systemc/tests,inherited-from-ancestor
gem5/src/systemc/tests/systemc/compliance_1666,directory,,0,42,main-source-tree,原生SystemC测试,组件验证,gem5/src/systemc/tests,inherited-from-ancestor
gem5/src/systemc/tests/systemc/compliance_1666/test00,directory,,1,2,main-source-tree,原生SystemC测试,组件验证,gem5/src/systemc/tests,inherited-from-ancestor
gem5/src/systemc/tests/systemc/compliance_1666/test00/golden,directory,,1,1,main-source-tree,原生SystemC测试,组件验证,gem5/src/systemc/tests,inherited-from-ancestor
gem5/src/systemc/tests/systemc/compliance_1666/test001,directory,,1,2,main-source-tree,原生SystemC测试,组件验证,gem5/src/systemc/tests,inherited-from-ancestor
gem5/src/systemc/tests/systemc/compliance_1666/test001/golden,directory,,1,1,main-source-tree,原生SystemC测试,组件验证,gem5/src/systemc/tests,inherited-from-ancestor
gem5/src/systemc/tests/systemc/compliance_1666/test106,directory,,1,2,main-source-tree,原生SystemC测试,组件验证,gem5/src/systemc/tests,inherited-from-ancestor
gem5/src/systemc/tests/systemc/compliance_1666/test106/golden,directory,,1,1,main-source-tree,原生SystemC测试,组件验证,gem5/src/systemc/tests,inherited-from-ancestor
gem5/src/systemc/tests/systemc/compliance_1666/test200,directory,,1,2,main-source-tree,原生SystemC测试,组件验证,gem5/src/systemc/tests,inherited-from-ancestor
gem5/src/systemc/tests/systemc/compliance_1666/test200/golden,directory,,1,1,main-source-tree,原生SystemC测试,组件验证,gem5/src/systemc/tests,inherited-from-ancestor
gem5/src/systemc/tests/systemc/compliance_1666/test202,directory,,1,2,main-source-tree,原生SystemC测试,组件验证,gem5/src/systemc/tests,inherited-from-ancestor
gem5/src/systemc/tests/systemc/compliance_1666/test202/golden,directory,,1,1,main-source-tree,原生SystemC测试,组件验证,gem5/src/systemc/tests,inherited-from-ancestor
gem5/src/systemc/tests/systemc/compliance_1666/test203a,directory,,1,2,main-source-tree,原生SystemC测试,组件验证,gem5/src/systemc/tests,inherited-from-ancestor
gem5/src/systemc/tests/systemc/compliance_1666/test203a/golden,directory,,1,1,main-source-tree,原生SystemC测试,组件验证,gem5/src/systemc/tests,inherited-from-ancestor
gem5/src/systemc/tests/systemc/compliance_1666/test203b,directory,,1,2,main-source-tree,原生SystemC测试,组件验证,gem5/src/systemc/tests,inherited-from-ancestor
gem5/src/systemc/tests/systemc/compliance_1666/test203b/golden,directory,,1,1,main-source-tree,原生SystemC测试,组件验证,gem5/src/systemc/tests,inherited-from-ancestor
gem5/src/systemc/tests/systemc/compliance_1666/test205,directory,,1,2,main-source-tree,原生SystemC测试,组件验证,gem5/src/systemc/tests,inherited-from-ancestor
gem5/src/systemc/tests/systemc/compliance_1666/test205/golden,directory,,1,1,main-source-tree,原生SystemC测试,组件验证,gem5/src/systemc/tests,inherited-from-ancestor
gem5/src/systemc/tests/systemc/compliance_1666/test206,directory,,1,2,main-source-tree,原生SystemC测试,组件验证,gem5/src/systemc/tests,inherited-from-ancestor
gem5/src/systemc/tests/systemc/compliance_1666/test206/golden,directory,,1,1,main-source-tree,原生SystemC测试,组件验证,gem5/src/systemc/tests,inherited-from-ancestor
gem5/src/systemc/tests/systemc/compliance_1666/test207,directory,,1,2,main-source-tree,原生SystemC测试,组件验证,gem5/src/systemc/tests,inherited-from-ancestor
gem5/src/systemc/tests/systemc/compliance_1666/test207/golden,directory,,1,1,main-source-tree,原生SystemC测试,组件验证,gem5/src/systemc/tests,inherited-from-ancestor
gem5/src/systemc/tests/systemc/compliance_1666/test208,directory,,1,2,main-source-tree,原生SystemC测试,组件验证,gem5/src/systemc/tests,inherited-from-ancestor
gem5/src/systemc/tests/systemc/compliance_1666/test208/golden,directory,,1,1,main-source-tree,原生SystemC测试,组件验证,gem5/src/systemc/tests,inherited-from-ancestor
gem5/src/systemc/tests/systemc/compliance_1666/test209,directory,,1,2,main-source-tree,原生SystemC测试,组件验证,gem5/src/systemc/tests,inherited-from-ancestor
gem5/src/systemc/tests/systemc/compliance_1666/test209/golden,directory,,1,1,main-source-tree,原生SystemC测试,组件验证,gem5/src/systemc/tests,inherited-from-ancestor
gem5/src/systemc/tests/systemc/compliance_1666/test210,directory,,1,2,main-source-tree,原生SystemC测试,组件验证,gem5/src/systemc/tests,inherited-from-ancestor
gem5/src/systemc/tests/systemc/compliance_1666/test210/golden,directory,,1,1,main-source-tree,原生SystemC测试,组件验证,gem5/src/systemc/tests,inherited-from-ancestor
gem5/src/systemc/tests/systemc/compliance_1666/test211,directory,,1,2,main-source-tree,原生SystemC测试,组件验证,gem5/src/systemc/tests,inherited-from-ancestor
gem5/src/systemc/tests/systemc/compliance_1666/test211/golden,directory,,1,1,main-source-tree,原生SystemC测试,组件验证,gem5/src/systemc/tests,inherited-from-ancestor
gem5/src/systemc/tests/systemc/compliance_1666/test219,directory,,1,2,main-source-tree,原生SystemC测试,组件验证,gem5/src/systemc/tests,inherited-from-ancestor
gem5/src/systemc/tests/systemc/compliance_1666/test219/golden,directory,,1,1,main-source-tree,原生SystemC测试,组件验证,gem5/src/systemc/tests,inherited-from-ancestor
gem5/src/systemc/tests/systemc/compliance_1666/test220,directory,,1,2,main-source-tree,原生SystemC测试,组件验证,gem5/src/systemc/tests,inherited-from-ancestor
gem5/src/systemc/tests/systemc/compliance_1666/test220/golden,directory,,1,1,main-source-tree,原生SystemC测试,组件验证,gem5/src/systemc/tests,inherited-from-ancestor
gem5/src/systemc/tests/systemc/compliance_1666/test228,directory,,1,2,main-source-tree,原生SystemC测试,组件验证,gem5/src/systemc/tests,inherited-from-ancestor
gem5/src/systemc/tests/systemc/compliance_1666/test228/golden,directory,,1,1,main-source-tree,原生SystemC测试,组件验证,gem5/src/systemc/tests,inherited-from-ancestor
gem5/src/systemc/tests/systemc/compliance_1666/test233,directory,,1,2,main-source-tree,原生SystemC测试,组件验证,gem5/src/systemc/tests,inherited-from-ancestor
gem5/src/systemc/tests/systemc/compliance_1666/test233/golden,directory,,1,1,main-source-tree,原生SystemC测试,组件验证,gem5/src/systemc/tests,inherited-from-ancestor
gem5/src/systemc/tests/systemc/compliance_1666/test234,directory,,1,2,main-source-tree,原生SystemC测试,组件验证,gem5/src/systemc/tests,inherited-from-ancestor
gem5/src/systemc/tests/systemc/compliance_1666/test234/golden,directory,,1,1,main-source-tree,原生SystemC测试,组件验证,gem5/src/systemc/tests,inherited-from-ancestor
gem5/src/systemc/tests/systemc/compliance_1666/test235a,directory,,1,2,main-source-tree,原生SystemC测试,组件验证,gem5/src/systemc/tests,inherited-from-ancestor
gem5/src/systemc/tests/systemc/compliance_1666/test235a/golden,directory,,1,1,main-source-tree,原生SystemC测试,组件验证,gem5/src/systemc/tests,inherited-from-ancestor
gem5/src/systemc/tests/systemc/compliance_1666/test235b,directory,,1,2,main-source-tree,原生SystemC测试,组件验证,gem5/src/systemc/tests,inherited-from-ancestor
gem5/src/systemc/tests/systemc/compliance_1666/test235b/golden,directory,,1,1,main-source-tree,原生SystemC测试,组件验证,gem5/src/systemc/tests,inherited-from-ancestor
gem5/src/systemc/tests/systemc/datatypes,directory,,0,383,main-source-tree,原生SystemC测试,组件验证,gem5/src/systemc/tests,inherited-from-ancestor
gem5/src/systemc/tests/systemc/datatypes/bit,directory,,0,14,main-source-tree,原生SystemC测试,组件验证,gem5/src/systemc/tests,inherited-from-ancestor
gem5/src/systemc/tests/systemc/datatypes/bit/sc_bit,directory,,0,2,main-source-tree,原生SystemC测试,组件验证,gem5/src/systemc/tests,inherited-from-ancestor
gem5/src/systemc/tests/systemc/datatypes/bit/sc_bit/test01,directory,,1,2,main-source-tree,原生SystemC测试,组件验证,gem5/src/systemc/tests,inherited-from-ancestor
gem5/src/systemc/tests/systemc/datatypes/bit/sc_bit/test01/golden,directory,,1,1,main-source-tree,原生SystemC测试,组件验证,gem5/src/systemc/tests,inherited-from-ancestor
gem5/src/systemc/tests/systemc/datatypes/bit/sc_bitref,directory,,0,2,main-source-tree,原生SystemC测试,组件验证,gem5/src/systemc/tests,inherited-from-ancestor
gem5/src/systemc/tests/systemc/datatypes/bit/sc_bitref/test01,directory,,1,2,main-source-tree,原生SystemC测试,组件验证,gem5/src/systemc/tests,inherited-from-ancestor
gem5/src/systemc/tests/systemc/datatypes/bit/sc_bitref/test01/golden,directory,,1,1,main-source-tree,原生SystemC测试,组件验证,gem5/src/systemc/tests,inherited-from-ancestor
gem5/src/systemc/tests/systemc/datatypes/bit/sc_proxy,directory,,0,10,main-source-tree,原生SystemC测试,组件验证,gem5/src/systemc/tests,inherited-from-ancestor
gem5/src/systemc/tests/systemc/datatypes/bit/sc_proxy/bitwise_binary,directory,,0,2,main-source-tree,原生SystemC测试,组件验证,gem5/src/systemc/tests,inherited-from-ancestor
gem5/src/systemc/tests/systemc/datatypes/bit/sc_proxy/bitwise_binary/test01,directory,,1,2,main-source-tree,原生SystemC测试,组件验证,gem5/src/systemc/tests,inherited-from-ancestor
gem5/src/systemc/tests/systemc/datatypes/bit/sc_proxy/bitwise_binary/test01/golden,directory,,1,1,main-source-tree,原生SystemC测试,组件验证,gem5/src/systemc/tests,inherited-from-ancestor
gem5/src/systemc/tests/systemc/datatypes/bit/sc_proxy/concat,directory,,0,6,main-source-tree,原生SystemC测试,组件验证,gem5/src/systemc/tests,inherited-from-ancestor
gem5/src/systemc/tests/systemc/datatypes/bit/sc_proxy/concat/test01,directory,,1,2,main-source-tree,原生SystemC测试,组件验证,gem5/src/systemc/tests,inherited-from-ancestor
gem5/src/systemc/tests/systemc/datatypes/bit/sc_proxy/concat/test01/golden,directory,,1,1,main-source-tree,原生SystemC测试,组件验证,gem5/src/systemc/tests,inherited-from-ancestor
gem5/src/systemc/tests/systemc/datatypes/bit/sc_proxy/concat/test02,directory,,1,2,main-source-tree,原生SystemC测试,组件验证,gem5/src/systemc/tests,inherited-from-ancestor
gem5/src/systemc/tests/systemc/datatypes/bit/sc_proxy/concat/test02/golden,directory,,1,1,main-source-tree,原生SystemC测试,组件验证,gem5/src/systemc/tests,inherited-from-ancestor
gem5/src/systemc/tests/systemc/datatypes/bit/sc_proxy/concat/test03,directory,,1,2,main-source-tree,原生SystemC测试,组件验证,gem5/src/systemc/tests,inherited-from-ancestor
gem5/src/systemc/tests/systemc/datatypes/bit/sc_proxy/concat/test03/golden,directory,,1,1,main-source-tree,原生SystemC测试,组件验证,gem5/src/systemc/tests,inherited-from-ancestor
gem5/src/systemc/tests/systemc/datatypes/bit/sc_proxy/test01,directory,,1,2,main-source-tree,原生SystemC测试,组件验证,gem5/src/systemc/tests,inherited-from-ancestor
gem5/src/systemc/tests/systemc/datatypes/bit/sc_proxy/test01/golden,directory,,1,1,main-source-tree,原生SystemC测试,组件验证,gem5/src/systemc/tests,inherited-from-ancestor
gem5/src/systemc/tests/systemc/datatypes/fx,directory,,0,174,main-source-tree,原生SystemC测试,组件验证,gem5/src/systemc/tests,inherited-from-ancestor
gem5/src/systemc/tests/systemc/datatypes/fx/arith_big,directory,,3,4,main-source-tree,原生SystemC测试,组件验证,gem5/src/systemc/tests,inherited-from-ancestor
gem5/src/systemc/tests/systemc/datatypes/fx/arith_big/golden,directory,,1,1,main-source-tree,原生SystemC测试,组件验证,gem5/src/systemc/tests,inherited-from-ancestor
gem5/src/systemc/tests/systemc/datatypes/fx/bit,directory,,4,9,main-source-tree,原生SystemC测试,组件验证,gem5/src/systemc/tests,inherited-from-ancestor
gem5/src/systemc/tests/systemc/datatypes/fx/bit/golden,directory,,1,1,main-source-tree,原生SystemC测试,组件验证,gem5/src/systemc/tests,inherited-from-ancestor
gem5/src/systemc/tests/systemc/datatypes/fx/bit/ref_files,directory,,4,4,main-source-tree,原生SystemC测试,组件验证,gem5/src/systemc/tests,inherited-from-ancestor
gem5/src/systemc/tests/systemc/datatypes/fx/constructors,directory,,7,27,main-source-tree,原生SystemC测试,组件验证,gem5/src/systemc/tests,inherited-from-ancestor
gem5/src/systemc/tests/systemc/datatypes/fx/constructors/golden,directory,,20,20,main-source-tree,原生SystemC测试,组件验证,gem5/src/systemc/tests,inherited-from-ancestor
gem5/src/systemc/tests/systemc/datatypes/fx/copy_ctors,directory,,1,2,main-source-tree,原生SystemC测试,组件验证,gem5/src/systemc/tests,inherited-from-ancestor
gem5/src/systemc/tests/systemc/datatypes/fx/copy_ctors/golden,directory,,1,1,main-source-tree,原生SystemC测试,组件验证,gem5/src/systemc/tests,inherited-from-ancestor
gem5/src/systemc/tests/systemc/datatypes/fx/fast_constructors,directory,,10,32,main-source-tree,原生SystemC测试,组件验证,gem5/src/systemc/tests,inherited-from-ancestor
gem5/src/systemc/tests/systemc/datatypes/fx/fast_constructors/golden,directory,,22,22,main-source-tree,原生SystemC测试,组件验证,gem5/src/systemc/tests,inherited-from-ancestor
gem5/src/systemc/tests/systemc/datatypes/fx/fast_limits,directory,,30,40,main-source-tree,原生SystemC测试,组件验证,gem5/src/systemc/tests,inherited-from-ancestor
gem5/src/systemc/tests/systemc/datatypes/fx/fast_limits/golden,directory,,10,10,main-source-tree,原生SystemC测试,组件验证,gem5/src/systemc/tests,inherited-from-ancestor
gem5/src/systemc/tests/systemc/datatypes/fx/limits,directory,,27,32,main-source-tree,原生SystemC测试,组件验证,gem5/src/systemc/tests,inherited-from-ancestor
gem5/src/systemc/tests/systemc/datatypes/fx/limits/golden,directory,,5,5,main-source-tree,原生SystemC测试,组件验证,gem5/src/systemc/tests,inherited-from-ancestor
gem5/src/systemc/tests/systemc/datatypes/fx/observers,directory,,1,2,main-source-tree,原生SystemC测试,组件验证,gem5/src/systemc/tests,inherited-from-ancestor
gem5/src/systemc/tests/systemc/datatypes/fx/observers/golden,directory,,1,1,main-source-tree,原生SystemC测试,组件验证,gem5/src/systemc/tests,inherited-from-ancestor
gem5/src/systemc/tests/systemc/datatypes/fx/other_types,directory,,0,2,main-source-tree,原生SystemC测试,组件验证,gem5/src/systemc/tests,inherited-from-ancestor
gem5/src/systemc/tests/systemc/datatypes/fx/other_types/test01,directory,,1,2,main-source-tree,原生SystemC测试,组件验证,gem5/src/systemc/tests,inherited-from-ancestor
gem5/src/systemc/tests/systemc/datatypes/fx/other_types/test01/golden,directory,,1,1,main-source-tree,原生SystemC测试,组件验证,gem5/src/systemc/tests,inherited-from-ancestor
gem5/src/systemc/tests/systemc/datatypes/fx/ranges,directory,,3,15,main-source-tree,原生SystemC测试,组件验证,gem5/src/systemc/tests,inherited-from-ancestor
gem5/src/systemc/tests/systemc/datatypes/fx/ranges/golden,directory,,12,12,main-source-tree,原生SystemC测试,组件验证,gem5/src/systemc/tests,inherited-from-ancestor
gem5/src/systemc/tests/systemc/datatypes/fx/shift,directory,,8,9,main-source-tree,原生SystemC测试,组件验证,gem5/src/systemc/tests,inherited-from-ancestor
gem5/src/systemc/tests/systemc/datatypes/fx/shift/golden,directory,,1,1,main-source-tree,原生SystemC测试,组件验证,gem5/src/systemc/tests,inherited-from-ancestor
gem5/src/systemc/tests/systemc/datatypes/int,directory,,0,156,main-source-tree,原生SystemC测试,组件验证,gem5/src/systemc/tests,inherited-from-ancestor
gem5/src/systemc/tests/systemc/datatypes/int/arith,directory,,0,32,main-source-tree,原生SystemC测试,组件验证,gem5/src/systemc/tests,inherited-from-ancestor
gem5/src/systemc/tests/systemc/datatypes/int/arith/arith01,directory,,1,3,main-source-tree,原生SystemC测试,组件验证,gem5/src/systemc/tests,inherited-from-ancestor
gem5/src/systemc/tests/systemc/datatypes/int/arith/arith01/golden,directory,,2,2,main-source-tree,原生SystemC测试,组件验证,gem5/src/systemc/tests,inherited-from-ancestor
gem5/src/systemc/tests/systemc/datatypes/int/arith/arith02,directory,,2,3,main-source-tree,原生SystemC测试,组件验证,gem5/src/systemc/tests,inherited-from-ancestor
gem5/src/systemc/tests/systemc/datatypes/int/arith/arith02/golden,directory,,1,1,main-source-tree,原生SystemC测试,组件验证,gem5/src/systemc/tests,inherited-from-ancestor
gem5/src/systemc/tests/systemc/datatypes/int/arith/arith03,directory,,2,3,main-source-tree,原生SystemC测试,组件验证,gem5/src/systemc/tests,inherited-from-ancestor
gem5/src/systemc/tests/systemc/datatypes/int/arith/arith03/golden,directory,,1,1,main-source-tree,原生SystemC测试,组件验证,gem5/src/systemc/tests,inherited-from-ancestor
gem5/src/systemc/tests/systemc/datatypes/int/arith/arith04,directory,,2,3,main-source-tree,原生SystemC测试,组件验证,gem5/src/systemc/tests,inherited-from-ancestor
gem5/src/systemc/tests/systemc/datatypes/int/arith/arith04/golden,directory,,1,1,main-source-tree,原生SystemC测试,组件验证,gem5/src/systemc/tests,inherited-from-ancestor
gem5/src/systemc/tests/systemc/datatypes/int/arith/arith05,directory,,2,3,main-source-tree,原生SystemC测试,组件验证,gem5/src/systemc/tests,inherited-from-ancestor
gem5/src/systemc/tests/systemc/datatypes/int/arith/arith05/golden,directory,,1,1,main-source-tree,原生SystemC测试,组件验证,gem5/src/systemc/tests,inherited-from-ancestor
gem5/src/systemc/tests/systemc/datatypes/int/arith/arith06,directory,,2,3,main-source-tree,原生SystemC测试,组件验证,gem5/src/systemc/tests,inherited-from-ancestor
gem5/src/systemc/tests/systemc/datatypes/int/arith/arith06/golden,directory,,1,1,main-source-tree,原生SystemC测试,组件验证,gem5/src/systemc/tests,inherited-from-ancestor
gem5/src/systemc/tests/systemc/datatypes/int/arith/arith07,directory,,2,3,main-source-tree,原生SystemC测试,组件验证,gem5/src/systemc/tests,inherited-from-ancestor
gem5/src/systemc/tests/systemc/datatypes/int/arith/arith07/golden,directory,,1,1,main-source-tree,原生SystemC测试,组件验证,gem5/src/systemc/tests,inherited-from-ancestor
gem5/src/systemc/tests/systemc/datatypes/int/arith/arith08,directory,,2,3,main-source-tree,原生SystemC测试,组件验证,gem5/src/systemc/tests,inherited-from-ancestor
gem5/src/systemc/tests/systemc/datatypes/int/arith/arith08/golden,directory,,1,1,main-source-tree,原生SystemC测试,组件验证,gem5/src/systemc/tests,inherited-from-ancestor
gem5/src/systemc/tests/systemc/datatypes/int/arith/arith09,directory,,2,3,main-source-tree,原生SystemC测试,组件验证,gem5/src/systemc/tests,inherited-from-ancestor
gem5/src/systemc/tests/systemc/datatypes/int/arith/arith09/golden,directory,,1,1,main-source-tree,原生SystemC测试,组件验证,gem5/src/systemc/tests,inherited-from-ancestor
gem5/src/systemc/tests/systemc/datatypes/int/arith/arith10,directory,,2,3,main-source-tree,原生SystemC测试,组件验证,gem5/src/systemc/tests,inherited-from-ancestor
gem5/src/systemc/tests/systemc/datatypes/int/arith/arith10/golden,directory,,1,1,main-source-tree,原生SystemC测试,组件验证,gem5/src/systemc/tests,inherited-from-ancestor
gem5/src/systemc/tests/systemc/datatypes/int/arith/arith11,directory,,1,2,main-source-tree,原生SystemC测试,组件验证,gem5/src/systemc/tests,inherited-from-ancestor
gem5/src/systemc/tests/systemc/datatypes/int/arith/arith11/golden,directory,,1,1,main-source-tree,原生SystemC测试,组件验证,gem5/src/systemc/tests,inherited-from-ancestor
gem5/src/systemc/tests/systemc/datatypes/int/check,directory,,0,2,main-source-tree,原生SystemC测试,组件验证,gem5/src/systemc/tests,inherited-from-ancestor
gem5/src/systemc/tests/systemc/datatypes/int/check/test01,directory,,1,2,main-source-tree,原生SystemC测试,组件验证,gem5/src/systemc/tests,inherited-from-ancestor
gem5/src/systemc/tests/systemc/datatypes/int/check/test01/golden,directory,,1,1,main-source-tree,原生SystemC测试,组件验证,gem5/src/systemc/tests,inherited-from-ancestor
gem5/src/systemc/tests/systemc/datatypes/int/compare,directory,,1,2,main-source-tree,原生SystemC测试,组件验证,gem5/src/systemc/tests,inherited-from-ancestor
gem5/src/systemc/tests/systemc/datatypes/int/compare/golden,directory,,1,1,main-source-tree,原生SystemC测试,组件验证,gem5/src/systemc/tests,inherited-from-ancestor
gem5/src/systemc/tests/systemc/datatypes/int/concat,directory,,0,12,main-source-tree,原生SystemC测试,组件验证,gem5/src/systemc/tests,inherited-from-ancestor
gem5/src/systemc/tests/systemc/datatypes/int/concat/test01,directory,,1,2,main-source-tree,原生SystemC测试,组件验证,gem5/src/systemc/tests,inherited-from-ancestor
gem5/src/systemc/tests/systemc/datatypes/int/concat/test01/golden,directory,,1,1,main-source-tree,原生SystemC测试,组件验证,gem5/src/systemc/tests,inherited-from-ancestor
gem5/src/systemc/tests/systemc/datatypes/int/concat/test02,directory,,1,2,main-source-tree,原生SystemC测试,组件验证,gem5/src/systemc/tests,inherited-from-ancestor
gem5/src/systemc/tests/systemc/datatypes/int/concat/test02/golden,directory,,1,1,main-source-tree,原生SystemC测试,组件验证,gem5/src/systemc/tests,inherited-from-ancestor
gem5/src/systemc/tests/systemc/datatypes/int/concat/test03,directory,,1,2,main-source-tree,原生SystemC测试,组件验证,gem5/src/systemc/tests,inherited-from-ancestor
gem5/src/systemc/tests/systemc/datatypes/int/concat/test03/golden,directory,,1,1,main-source-tree,原生SystemC测试,组件验证,gem5/src/systemc/tests,inherited-from-ancestor
gem5/src/systemc/tests/systemc/datatypes/int/concat/test04,directory,,1,2,main-source-tree,原生SystemC测试,组件验证,gem5/src/systemc/tests,inherited-from-ancestor
gem5/src/systemc/tests/systemc/datatypes/int/concat/test04/golden,directory,,1,1,main-source-tree,原生SystemC测试,组件验证,gem5/src/systemc/tests,inherited-from-ancestor
gem5/src/systemc/tests/systemc/datatypes/int/concat/test05,directory,,1,2,main-source-tree,原生SystemC测试,组件验证,gem5/src/systemc/tests,inherited-from-ancestor
gem5/src/systemc/tests/systemc/datatypes/int/concat/test05/golden,directory,,1,1,main-source-tree,原生SystemC测试,组件验证,gem5/src/systemc/tests,inherited-from-ancestor
gem5/src/systemc/tests/systemc/datatypes/int/concat/test06,directory,,1,2,main-source-tree,原生SystemC测试,组件验证,gem5/src/systemc/tests,inherited-from-ancestor
gem5/src/systemc/tests/systemc/datatypes/int/concat/test06/golden,directory,,1,1,main-source-tree,原生SystemC测试,组件验证,gem5/src/systemc/tests,inherited-from-ancestor
gem5/src/systemc/tests/systemc/datatypes/int/from_bv_lv,directory,,0,6,main-source-tree,原生SystemC测试,组件验证,gem5/src/systemc/tests,inherited-from-ancestor
gem5/src/systemc/tests/systemc/datatypes/int/from_bv_lv/test01,directory,,1,2,main-source-tree,原生SystemC测试,组件验证,gem5/src/systemc/tests,inherited-from-ancestor
gem5/src/systemc/tests/systemc/datatypes/int/from_bv_lv/test01/golden,directory,,1,1,main-source-tree,原生SystemC测试,组件验证,gem5/src/systemc/tests,inherited-from-ancestor
gem5/src/systemc/tests/systemc/datatypes/int/from_bv_lv/test02,directory,,1,2,main-source-tree,原生SystemC测试,组件验证,gem5/src/systemc/tests,inherited-from-ancestor
gem5/src/systemc/tests/systemc/datatypes/int/from_bv_lv/test02/golden,directory,,1,1,main-source-tree,原生SystemC测试,组件验证,gem5/src/systemc/tests,inherited-from-ancestor
gem5/src/systemc/tests/systemc/datatypes/int/from_bv_lv/test03,directory,,1,2,main-source-tree,原生SystemC测试,组件验证,gem5/src/systemc/tests,inherited-from-ancestor
gem5/src/systemc/tests/systemc/datatypes/int/from_bv_lv/test03/golden,directory,,1,1,main-source-tree,原生SystemC测试,组件验证,gem5/src/systemc/tests,inherited-from-ancestor
gem5/src/systemc/tests/systemc/datatypes/int/misc,directory,,0,6,main-source-tree,原生SystemC测试,组件验证,gem5/src/systemc/tests,inherited-from-ancestor
gem5/src/systemc/tests/systemc/datatypes/int/misc/test01,directory,,1,2,main-source-tree,原生SystemC测试,组件验证,gem5/src/systemc/tests,inherited-from-ancestor
gem5/src/systemc/tests/systemc/datatypes/int/misc/test01/golden,directory,,1,1,main-source-tree,原生SystemC测试,组件验证,gem5/src/systemc/tests,inherited-from-ancestor
gem5/src/systemc/tests/systemc/datatypes/int/misc/test02,directory,,1,2,main-source-tree,原生SystemC测试,组件验证,gem5/src/systemc/tests,inherited-from-ancestor
gem5/src/systemc/tests/systemc/datatypes/int/misc/test02/golden,directory,,1,1,main-source-tree,原生SystemC测试,组件验证,gem5/src/systemc/tests,inherited-from-ancestor
gem5/src/systemc/tests/systemc/datatypes/int/misc/test03,directory,,1,2,main-source-tree,原生SystemC测试,组件验证,gem5/src/systemc/tests,inherited-from-ancestor
gem5/src/systemc/tests/systemc/datatypes/int/misc/test03/golden,directory,,1,1,main-source-tree,原生SystemC测试,组件验证,gem5/src/systemc/tests,inherited-from-ancestor
gem5/src/systemc/tests/systemc/datatypes/int/parse_binary_bits,directory,,0,4,main-source-tree,原生SystemC测试,组件验证,gem5/src/systemc/tests,inherited-from-ancestor
gem5/src/systemc/tests/systemc/datatypes/int/parse_binary_bits/test01,directory,,1,2,main-source-tree,原生SystemC测试,组件验证,gem5/src/systemc/tests,inherited-from-ancestor
gem5/src/systemc/tests/systemc/datatypes/int/parse_binary_bits/test01/golden,directory,,1,1,main-source-tree,原生SystemC测试,组件验证,gem5/src/systemc/tests,inherited-from-ancestor
gem5/src/systemc/tests/systemc/datatypes/int/parse_binary_bits/test02,directory,,1,2,main-source-tree,原生SystemC测试,组件验证,gem5/src/systemc/tests,inherited-from-ancestor
gem5/src/systemc/tests/systemc/datatypes/int/parse_binary_bits/test02/golden,directory,,1,1,main-source-tree,原生SystemC测试,组件验证,gem5/src/systemc/tests,inherited-from-ancestor
gem5/src/systemc/tests/systemc/datatypes/int/reduce,directory,,0,6,main-source-tree,原生SystemC测试,组件验证,gem5/src/systemc/tests,inherited-from-ancestor
gem5/src/systemc/tests/systemc/datatypes/int/reduce/test01,directory,,1,2,main-source-tree,原生SystemC测试,组件验证,gem5/src/systemc/tests,inherited-from-ancestor
gem5/src/systemc/tests/systemc/datatypes/int/reduce/test01/golden,directory,,1,1,main-source-tree,原生SystemC测试,组件验证,gem5/src/systemc/tests,inherited-from-ancestor
gem5/src/systemc/tests/systemc/datatypes/int/reduce/test02,directory,,1,2,main-source-tree,原生SystemC测试,组件验证,gem5/src/systemc/tests,inherited-from-ancestor
gem5/src/systemc/tests/systemc/datatypes/int/reduce/test02/golden,directory,,1,1,main-source-tree,原生SystemC测试,组件验证,gem5/src/systemc/tests,inherited-from-ancestor
gem5/src/systemc/tests/systemc/datatypes/int/reduce/test03,directory,,1,2,main-source-tree,原生SystemC测试,组件验证,gem5/src/systemc/tests,inherited-from-ancestor
gem5/src/systemc/tests/systemc/datatypes/int/reduce/test03/golden,directory,,1,1,main-source-tree,原生SystemC测试,组件验证,gem5/src/systemc/tests,inherited-from-ancestor
gem5/src/systemc/tests/systemc/datatypes/int/sc_int,directory,,0,26,main-source-tree,原生SystemC测试,组件验证,gem5/src/systemc/tests,inherited-from-ancestor
gem5/src/systemc/tests/systemc/datatypes/int/sc_int/bitselect,directory,,0,8,main-source-tree,原生SystemC测试,组件验证,gem5/src/systemc/tests,inherited-from-ancestor
gem5/src/systemc/tests/systemc/datatypes/int/sc_int/bitselect/32bit,directory,,0,4,main-source-tree,原生SystemC测试,组件验证,gem5/src/systemc/tests,inherited-from-ancestor
gem5/src/systemc/tests/systemc/datatypes/int/sc_int/bitselect/32bit/signed,directory,,1,2,main-source-tree,原生SystemC测试,组件验证,gem5/src/systemc/tests,inherited-from-ancestor
gem5/src/systemc/tests/systemc/datatypes/int/sc_int/bitselect/32bit/signed/golden,directory,,1,1,main-source-tree,原生SystemC测试,组件验证,gem5/src/systemc/tests,inherited-from-ancestor
gem5/src/systemc/tests/systemc/datatypes/int/sc_int/bitselect/32bit/unsigned,directory,,1,2,main-source-tree,原生SystemC测试,组件验证,gem5/src/systemc/tests,inherited-from-ancestor
gem5/src/systemc/tests/systemc/datatypes/int/sc_int/bitselect/32bit/unsigned/golden,directory,,1,1,main-source-tree,原生SystemC测试,组件验证,gem5/src/systemc/tests,inherited-from-ancestor
gem5/src/systemc/tests/systemc/datatypes/int/sc_int/bitselect/64bit,directory,,0,4,main-source-tree,原生SystemC测试,组件验证,gem5/src/systemc/tests,inherited-from-ancestor
gem5/src/systemc/tests/systemc/datatypes/int/sc_int/bitselect/64bit/signed,directory,,1,2,main-source-tree,原生SystemC测试,组件验证,gem5/src/systemc/tests,inherited-from-ancestor
gem5/src/systemc/tests/systemc/datatypes/int/sc_int/bitselect/64bit/signed/golden,directory,,1,1,main-source-tree,原生SystemC测试,组件验证,gem5/src/systemc/tests,inherited-from-ancestor
gem5/src/systemc/tests/systemc/datatypes/int/sc_int/bitselect/64bit/unsigned,directory,,1,2,main-source-tree,原生SystemC测试,组件验证,gem5/src/systemc/tests,inherited-from-ancestor
gem5/src/systemc/tests/systemc/datatypes/int/sc_int/bitselect/64bit/unsigned/golden,directory,,1,1,main-source-tree,原生SystemC测试,组件验证,gem5/src/systemc/tests,inherited-from-ancestor
gem5/src/systemc/tests/systemc/datatypes/int/sc_int/concat,directory,,0,8,main-source-tree,原生SystemC测试,组件验证,gem5/src/systemc/tests,inherited-from-ancestor
gem5/src/systemc/tests/systemc/datatypes/int/sc_int/concat/signed,directory,,0,4,main-source-tree,原生SystemC测试,组件验证,gem5/src/systemc/tests,inherited-from-ancestor
gem5/src/systemc/tests/systemc/datatypes/int/sc_int/concat/signed/32bit,directory,,1,2,main-source-tree,原生SystemC测试,组件验证,gem5/src/systemc/tests,inherited-from-ancestor
gem5/src/systemc/tests/systemc/datatypes/int/sc_int/concat/signed/32bit/golden,directory,,1,1,main-source-tree,原生SystemC测试,组件验证,gem5/src/systemc/tests,inherited-from-ancestor
gem5/src/systemc/tests/systemc/datatypes/int/sc_int/concat/signed/64bit,directory,,1,2,main-source-tree,原生SystemC测试,组件验证,gem5/src/systemc/tests,inherited-from-ancestor
gem5/src/systemc/tests/systemc/datatypes/int/sc_int/concat/signed/64bit/golden,directory,,1,1,main-source-tree,原生SystemC测试,组件验证,gem5/src/systemc/tests,inherited-from-ancestor
gem5/src/systemc/tests/systemc/datatypes/int/sc_int/concat/unsigned,directory,,0,4,main-source-tree,原生SystemC测试,组件验证,gem5/src/systemc/tests,inherited-from-ancestor
gem5/src/systemc/tests/systemc/datatypes/int/sc_int/concat/unsigned/32bit,directory,,1,2,main-source-tree,原生SystemC测试,组件验证,gem5/src/systemc/tests,inherited-from-ancestor
gem5/src/systemc/tests/systemc/datatypes/int/sc_int/concat/unsigned/32bit/golden,directory,,1,1,main-source-tree,原生SystemC测试,组件验证,gem5/src/systemc/tests,inherited-from-ancestor
gem5/src/systemc/tests/systemc/datatypes/int/sc_int/concat/unsigned/64bit,directory,,1,2,main-source-tree,原生SystemC测试,组件验证,gem5/src/systemc/tests,inherited-from-ancestor
gem5/src/systemc/tests/systemc/datatypes/int/sc_int/concat/unsigned/64bit/golden,directory,,1,1,main-source-tree,原生SystemC测试,组件验证,gem5/src/systemc/tests,inherited-from-ancestor
gem5/src/systemc/tests/systemc/datatypes/int/sc_int/mixed,directory,,1,2,main-source-tree,原生SystemC测试,组件验证,gem5/src/systemc/tests,inherited-from-ancestor
gem5/src/systemc/tests/systemc/datatypes/int/sc_int/mixed/golden,directory,,1,1,main-source-tree,原生SystemC测试,组件验证,gem5/src/systemc/tests,inherited-from-ancestor
gem5/src/systemc/tests/systemc/datatypes/int/sc_int/partselect,directory,,0,8,main-source-tree,原生SystemC测试,组件验证,gem5/src/systemc/tests,inherited-from-ancestor
gem5/src/systemc/tests/systemc/datatypes/int/sc_int/partselect/32bit,directory,,0,4,main-source-tree,原生SystemC测试,组件验证,gem5/src/systemc/tests,inherited-from-ancestor
gem5/src/systemc/tests/systemc/datatypes/int/sc_int/partselect/32bit/signed,directory,,1,2,main-source-tree,原生SystemC测试,组件验证,gem5/src/systemc/tests,inherited-from-ancestor
gem5/src/systemc/tests/systemc/datatypes/int/sc_int/partselect/32bit/signed/golden,directory,,1,1,main-source-tree,原生SystemC测试,组件验证,gem5/src/systemc/tests,inherited-from-ancestor
gem5/src/systemc/tests/systemc/datatypes/int/sc_int/partselect/32bit/unsigned,directory,,1,2,main-source-tree,原生SystemC测试,组件验证,gem5/src/systemc/tests,inherited-from-ancestor
gem5/src/systemc/tests/systemc/datatypes/int/sc_int/partselect/32bit/unsigned/golden,directory,,1,1,main-source-tree,原生SystemC测试,组件验证,gem5/src/systemc/tests,inherited-from-ancestor
gem5/src/systemc/tests/systemc/datatypes/int/sc_int/partselect/64bit,directory,,0,4,main-source-tree,原生SystemC测试,组件验证,gem5/src/systemc/tests,inherited-from-ancestor
gem5/src/systemc/tests/systemc/datatypes/int/sc_int/partselect/64bit/signed,directory,,1,2,main-source-tree,原生SystemC测试,组件验证,gem5/src/systemc/tests,inherited-from-ancestor
gem5/src/systemc/tests/systemc/datatypes/int/sc_int/partselect/64bit/signed/golden,directory,,1,1,main-source-tree,原生SystemC测试,组件验证,gem5/src/systemc/tests,inherited-from-ancestor
gem5/src/systemc/tests/systemc/datatypes/int/sc_int/partselect/64bit/unsigned,directory,,1,2,main-source-tree,原生SystemC测试,组件验证,gem5/src/systemc/tests,inherited-from-ancestor
gem5/src/systemc/tests/systemc/datatypes/int/sc_int/partselect/64bit/unsigned/golden,directory,,1,1,main-source-tree,原生SystemC测试,组件验证,gem5/src/systemc/tests,inherited-from-ancestor
gem5/src/systemc/tests/systemc/datatypes/int/sc_int_base,directory,,0,26,main-source-tree,原生SystemC测试,组件验证,gem5/src/systemc/tests,inherited-from-ancestor
gem5/src/systemc/tests/systemc/datatypes/int/sc_int_base/bitselect,directory,,0,8,main-source-tree,原生SystemC测试,组件验证,gem5/src/systemc/tests,inherited-from-ancestor
gem5/src/systemc/tests/systemc/datatypes/int/sc_int_base/bitselect/32bit,directory,,0,4,main-source-tree,原生SystemC测试,组件验证,gem5/src/systemc/tests,inherited-from-ancestor
gem5/src/systemc/tests/systemc/datatypes/int/sc_int_base/bitselect/32bit/signed,directory,,1,2,main-source-tree,原生SystemC测试,组件验证,gem5/src/systemc/tests,inherited-from-ancestor
gem5/src/systemc/tests/systemc/datatypes/int/sc_int_base/bitselect/32bit/signed/golden,directory,,1,1,main-source-tree,原生SystemC测试,组件验证,gem5/src/systemc/tests,inherited-from-ancestor
gem5/src/systemc/tests/systemc/datatypes/int/sc_int_base/bitselect/32bit/unsigned,directory,,1,2,main-source-tree,原生SystemC测试,组件验证,gem5/src/systemc/tests,inherited-from-ancestor
gem5/src/systemc/tests/systemc/datatypes/int/sc_int_base/bitselect/32bit/unsigned/golden,directory,,1,1,main-source-tree,原生SystemC测试,组件验证,gem5/src/systemc/tests,inherited-from-ancestor
gem5/src/systemc/tests/systemc/datatypes/int/sc_int_base/bitselect/64bit,directory,,0,4,main-source-tree,原生SystemC测试,组件验证,gem5/src/systemc/tests,inherited-from-ancestor
gem5/src/systemc/tests/systemc/datatypes/int/sc_int_base/bitselect/64bit/signed,directory,,1,2,main-source-tree,原生SystemC测试,组件验证,gem5/src/systemc/tests,inherited-from-ancestor
gem5/src/systemc/tests/systemc/datatypes/int/sc_int_base/bitselect/64bit/signed/golden,directory,,1,1,main-source-tree,原生SystemC测试,组件验证,gem5/src/systemc/tests,inherited-from-ancestor
gem5/src/systemc/tests/systemc/datatypes/int/sc_int_base/bitselect/64bit/unsigned,directory,,1,2,main-source-tree,原生SystemC测试,组件验证,gem5/src/systemc/tests,inherited-from-ancestor
gem5/src/systemc/tests/systemc/datatypes/int/sc_int_base/bitselect/64bit/unsigned/golden,directory,,1,1,main-source-tree,原生SystemC测试,组件验证,gem5/src/systemc/tests,inherited-from-ancestor
gem5/src/systemc/tests/systemc/datatypes/int/sc_int_base/concat,directory,,0,8,main-source-tree,原生SystemC测试,组件验证,gem5/src/systemc/tests,inherited-from-ancestor
gem5/src/systemc/tests/systemc/datatypes/int/sc_int_base/concat/signed,directory,,0,4,main-source-tree,原生SystemC测试,组件验证,gem5/src/systemc/tests,inherited-from-ancestor
gem5/src/systemc/tests/systemc/datatypes/int/sc_int_base/concat/signed/32bit,directory,,1,2,main-source-tree,原生SystemC测试,组件验证,gem5/src/systemc/tests,inherited-from-ancestor
gem5/src/systemc/tests/systemc/datatypes/int/sc_int_base/concat/signed/32bit/golden,directory,,1,1,main-source-tree,原生SystemC测试,组件验证,gem5/src/systemc/tests,inherited-from-ancestor
gem5/src/systemc/tests/systemc/datatypes/int/sc_int_base/concat/signed/64bit,directory,,1,2,main-source-tree,原生SystemC测试,组件验证,gem5/src/systemc/tests,inherited-from-ancestor
gem5/src/systemc/tests/systemc/datatypes/int/sc_int_base/concat/signed/64bit/golden,directory,,1,1,main-source-tree,原生SystemC测试,组件验证,gem5/src/systemc/tests,inherited-from-ancestor
gem5/src/systemc/tests/systemc/datatypes/int/sc_int_base/concat/unsigned,directory,,0,4,main-source-tree,原生SystemC测试,组件验证,gem5/src/systemc/tests,inherited-from-ancestor
gem5/src/systemc/tests/systemc/datatypes/int/sc_int_base/concat/unsigned/32bit,directory,,1,2,main-source-tree,原生SystemC测试,组件验证,gem5/src/systemc/tests,inherited-from-ancestor
gem5/src/systemc/tests/systemc/datatypes/int/sc_int_base/concat/unsigned/32bit/golden,directory,,1,1,main-source-tree,原生SystemC测试,组件验证,gem5/src/systemc/tests,inherited-from-ancestor
gem5/src/systemc/tests/systemc/datatypes/int/sc_int_base/concat/unsigned/64bit,directory,,1,2,main-source-tree,原生SystemC测试,组件验证,gem5/src/systemc/tests,inherited-from-ancestor
gem5/src/systemc/tests/systemc/datatypes/int/sc_int_base/concat/unsigned/64bit/golden,directory,,1,1,main-source-tree,原生SystemC测试,组件验证,gem5/src/systemc/tests,inherited-from-ancestor
gem5/src/systemc/tests/systemc/datatypes/int/sc_int_base/mixed,directory,,1,2,main-source-tree,原生SystemC测试,组件验证,gem5/src/systemc/tests,inherited-from-ancestor
gem5/src/systemc/tests/systemc/datatypes/int/sc_int_base/mixed/golden,directory,,1,1,main-source-tree,原生SystemC测试,组件验证,gem5/src/systemc/tests,inherited-from-ancestor
gem5/src/systemc/tests/systemc/datatypes/int/sc_int_base/partselect,directory,,0,8,main-source-tree,原生SystemC测试,组件验证,gem5/src/systemc/tests,inherited-from-ancestor
gem5/src/systemc/tests/systemc/datatypes/int/sc_int_base/partselect/32bit,directory,,0,4,main-source-tree,原生SystemC测试,组件验证,gem5/src/systemc/tests,inherited-from-ancestor
gem5/src/systemc/tests/systemc/datatypes/int/sc_int_base/partselect/32bit/signed,directory,,1,2,main-source-tree,原生SystemC测试,组件验证,gem5/src/systemc/tests,inherited-from-ancestor
gem5/src/systemc/tests/systemc/datatypes/int/sc_int_base/partselect/32bit/signed/golden,directory,,1,1,main-source-tree,原生SystemC测试,组件验证,gem5/src/systemc/tests,inherited-from-ancestor
gem5/src/systemc/tests/systemc/datatypes/int/sc_int_base/partselect/32bit/unsigned,directory,,1,2,main-source-tree,原生SystemC测试,组件验证,gem5/src/systemc/tests,inherited-from-ancestor
gem5/src/systemc/tests/systemc/datatypes/int/sc_int_base/partselect/32bit/unsigned/golden,directory,,1,1,main-source-tree,原生SystemC测试,组件验证,gem5/src/systemc/tests,inherited-from-ancestor
gem5/src/systemc/tests/systemc/datatypes/int/sc_int_base/partselect/64bit,directory,,0,4,main-source-tree,原生SystemC测试,组件验证,gem5/src/systemc/tests,inherited-from-ancestor
gem5/src/systemc/tests/systemc/datatypes/int/sc_int_base/partselect/64bit/signed,directory,,1,2,main-source-tree,原生SystemC测试,组件验证,gem5/src/systemc/tests,inherited-from-ancestor
gem5/src/systemc/tests/systemc/datatypes/int/sc_int_base/partselect/64bit/signed/golden,directory,,1,1,main-source-tree,原生SystemC测试,组件验证,gem5/src/systemc/tests,inherited-from-ancestor
gem5/src/systemc/tests/systemc/datatypes/int/sc_int_base/partselect/64bit/unsigned,directory,,1,2,main-source-tree,原生SystemC测试,组件验证,gem5/src/systemc/tests,inherited-from-ancestor
gem5/src/systemc/tests/systemc/datatypes/int/sc_int_base/partselect/64bit/unsigned/golden,directory,,1,1,main-source-tree,原生SystemC测试,组件验证,gem5/src/systemc/tests,inherited-from-ancestor
gem5/src/systemc/tests/systemc/datatypes/int/sc_signed,directory,,0,12,main-source-tree,原生SystemC测试,组件验证,gem5/src/systemc/tests,inherited-from-ancestor
gem5/src/systemc/tests/systemc/datatypes/int/sc_signed/bit_select,directory,,0,3,main-source-tree,原生SystemC测试,组件验证,gem5/src/systemc/tests,inherited-from-ancestor
gem5/src/systemc/tests/systemc/datatypes/int/sc_signed/bit_select/test01,directory,,2,3,main-source-tree,原生SystemC测试,组件验证,gem5/src/systemc/tests,inherited-from-ancestor
gem5/src/systemc/tests/systemc/datatypes/int/sc_signed/bit_select/test01/golden,directory,,1,1,main-source-tree,原生SystemC测试,组件验证,gem5/src/systemc/tests,inherited-from-ancestor
gem5/src/systemc/tests/systemc/datatypes/int/sc_signed/part_select,directory,,0,9,main-source-tree,原生SystemC测试,组件验证,gem5/src/systemc/tests,inherited-from-ancestor
gem5/src/systemc/tests/systemc/datatypes/int/sc_signed/part_select/test01,directory,,2,3,main-source-tree,原生SystemC测试,组件验证,gem5/src/systemc/tests,inherited-from-ancestor
gem5/src/systemc/tests/systemc/datatypes/int/sc_signed/part_select/test01/golden,directory,,1,1,main-source-tree,原生SystemC测试,组件验证,gem5/src/systemc/tests,inherited-from-ancestor
gem5/src/systemc/tests/systemc/datatypes/int/sc_signed/part_select/test02,directory,,1,2,main-source-tree,原生SystemC测试,组件验证,gem5/src/systemc/tests,inherited-from-ancestor
gem5/src/systemc/tests/systemc/datatypes/int/sc_signed/part_select/test02/golden,directory,,1,1,main-source-tree,原生SystemC测试,组件验证,gem5/src/systemc/tests,inherited-from-ancestor
gem5/src/systemc/tests/systemc/datatypes/int/sc_signed/part_select/test03,directory,,1,2,main-source-tree,原生SystemC测试,组件验证,gem5/src/systemc/tests,inherited-from-ancestor
gem5/src/systemc/tests/systemc/datatypes/int/sc_signed/part_select/test03/golden,directory,,1,1,main-source-tree,原生SystemC测试,组件验证,gem5/src/systemc/tests,inherited-from-ancestor
gem5/src/systemc/tests/systemc/datatypes/int/sc_signed/part_select/test04,directory,,1,2,main-source-tree,原生SystemC测试,组件验证,gem5/src/systemc/tests,inherited-from-ancestor
gem5/src/systemc/tests/systemc/datatypes/int/sc_signed/part_select/test04/golden,directory,,1,1,main-source-tree,原生SystemC测试,组件验证,gem5/src/systemc/tests,inherited-from-ancestor
gem5/src/systemc/tests/systemc/datatypes/int/sc_small,directory,,0,4,main-source-tree,原生SystemC测试,组件验证,gem5/src/systemc/tests,inherited-from-ancestor
gem5/src/systemc/tests/systemc/datatypes/int/sc_small/bsps1,directory,,1,2,main-source-tree,原生SystemC测试,组件验证,gem5/src/systemc/tests,inherited-from-ancestor
gem5/src/systemc/tests/systemc/datatypes/int/sc_small/bsps1/golden,directory,,1,1,main-source-tree,原生SystemC测试,组件验证,gem5/src/systemc/tests,inherited-from-ancestor
gem5/src/systemc/tests/systemc/datatypes/int/sc_small/test_small,directory,,1,2,main-source-tree,原生SystemC测试,组件验证,gem5/src/systemc/tests,inherited-from-ancestor
gem5/src/systemc/tests/systemc/datatypes/int/sc_small/test_small/golden,directory,,1,1,main-source-tree,原生SystemC测试,组件验证,gem5/src/systemc/tests,inherited-from-ancestor
gem5/src/systemc/tests/systemc/datatypes/int/sc_unsigned,directory,,0,12,main-source-tree,原生SystemC测试,组件验证,gem5/src/systemc/tests,inherited-from-ancestor
gem5/src/systemc/tests/systemc/datatypes/int/sc_unsigned/bit_select,directory,,0,3,main-source-tree,原生SystemC测试,组件验证,gem5/src/systemc/tests,inherited-from-ancestor
gem5/src/systemc/tests/systemc/datatypes/int/sc_unsigned/bit_select/test01,directory,,2,3,main-source-tree,原生SystemC测试,组件验证,gem5/src/systemc/tests,inherited-from-ancestor
gem5/src/systemc/tests/systemc/datatypes/int/sc_unsigned/bit_select/test01/golden,directory,,1,1,main-source-tree,原生SystemC测试,组件验证,gem5/src/systemc/tests,inherited-from-ancestor
gem5/src/systemc/tests/systemc/datatypes/int/sc_unsigned/minus,directory,,1,2,main-source-tree,原生SystemC测试,组件验证,gem5/src/systemc/tests,inherited-from-ancestor
gem5/src/systemc/tests/systemc/datatypes/int/sc_unsigned/minus/golden,directory,,1,1,main-source-tree,原生SystemC测试,组件验证,gem5/src/systemc/tests,inherited-from-ancestor
gem5/src/systemc/tests/systemc/datatypes/int/sc_unsigned/part_select,directory,,0,7,main-source-tree,原生SystemC测试,组件验证,gem5/src/systemc/tests,inherited-from-ancestor
gem5/src/systemc/tests/systemc/datatypes/int/sc_unsigned/part_select/test01,directory,,2,3,main-source-tree,原生SystemC测试,组件验证,gem5/src/systemc/tests,inherited-from-ancestor
gem5/src/systemc/tests/systemc/datatypes/int/sc_unsigned/part_select/test01/golden,directory,,1,1,main-source-tree,原生SystemC测试,组件验证,gem5/src/systemc/tests,inherited-from-ancestor
gem5/src/systemc/tests/systemc/datatypes/int/sc_unsigned/part_select/test02,directory,,1,2,main-source-tree,原生SystemC测试,组件验证,gem5/src/systemc/tests,inherited-from-ancestor
gem5/src/systemc/tests/systemc/datatypes/int/sc_unsigned/part_select/test02/golden,directory,,1,1,main-source-tree,原生SystemC测试,组件验证,gem5/src/systemc/tests,inherited-from-ancestor
gem5/src/systemc/tests/systemc/datatypes/int/sc_unsigned/part_select/test03,directory,,1,2,main-source-tree,原生SystemC测试,组件验证,gem5/src/systemc/tests,inherited-from-ancestor
gem5/src/systemc/tests/systemc/datatypes/int/sc_unsigned/part_select/test03/golden,directory,,1,1,main-source-tree,原生SystemC测试,组件验证,gem5/src/systemc/tests,inherited-from-ancestor
gem5/src/systemc/tests/systemc/datatypes/int/string_conversion,directory,,0,6,main-source-tree,原生SystemC测试,组件验证,gem5/src/systemc/tests,inherited-from-ancestor
gem5/src/systemc/tests/systemc/datatypes/int/string_conversion/test01,directory,,1,2,main-source-tree,原生SystemC测试,组件验证,gem5/src/systemc/tests,inherited-from-ancestor
gem5/src/systemc/tests/systemc/datatypes/int/string_conversion/test01/golden,directory,,1,1,main-source-tree,原生SystemC测试,组件验证,gem5/src/systemc/tests,inherited-from-ancestor
gem5/src/systemc/tests/systemc/datatypes/int/string_conversion/test02,directory,,1,2,main-source-tree,原生SystemC测试,组件验证,gem5/src/systemc/tests,inherited-from-ancestor
gem5/src/systemc/tests/systemc/datatypes/int/string_conversion/test02/golden,directory,,1,1,main-source-tree,原生SystemC测试,组件验证,gem5/src/systemc/tests,inherited-from-ancestor
gem5/src/systemc/tests/systemc/datatypes/int/string_conversion/test03,directory,,1,2,main-source-tree,原生SystemC测试,组件验证,gem5/src/systemc/tests,inherited-from-ancestor
gem5/src/systemc/tests/systemc/datatypes/int/string_conversion/test03/golden,directory,,1,1,main-source-tree,原生SystemC测试,组件验证,gem5/src/systemc/tests,inherited-from-ancestor
gem5/src/systemc/tests/systemc/datatypes/misc,directory,,0,39,main-source-tree,原生SystemC测试,组件验证,gem5/src/systemc/tests,inherited-from-ancestor
gem5/src/systemc/tests/systemc/datatypes/misc/concat,directory,,0,24,main-source-tree,原生SystemC测试,组件验证,gem5/src/systemc/tests,inherited-from-ancestor
gem5/src/systemc/tests/systemc/datatypes/misc/concat/test01,directory,,1,2,main-source-tree,原生SystemC测试,组件验证,gem5/src/systemc/tests,inherited-from-ancestor
gem5/src/systemc/tests/systemc/datatypes/misc/concat/test01/golden,directory,,1,1,main-source-tree,原生SystemC测试,组件验证,gem5/src/systemc/tests,inherited-from-ancestor
gem5/src/systemc/tests/systemc/datatypes/misc/concat/test02,directory,,1,2,main-source-tree,原生SystemC测试,组件验证,gem5/src/systemc/tests,inherited-from-ancestor
gem5/src/systemc/tests/systemc/datatypes/misc/concat/test02/golden,directory,,1,1,main-source-tree,原生SystemC测试,组件验证,gem5/src/systemc/tests,inherited-from-ancestor
gem5/src/systemc/tests/systemc/datatypes/misc/concat/test03,directory,,1,2,main-source-tree,原生SystemC测试,组件验证,gem5/src/systemc/tests,inherited-from-ancestor
gem5/src/systemc/tests/systemc/datatypes/misc/concat/test03/golden,directory,,1,1,main-source-tree,原生SystemC测试,组件验证,gem5/src/systemc/tests,inherited-from-ancestor
gem5/src/systemc/tests/systemc/datatypes/misc/concat/test04,directory,,1,2,main-source-tree,原生SystemC测试,组件验证,gem5/src/systemc/tests,inherited-from-ancestor
gem5/src/systemc/tests/systemc/datatypes/misc/concat/test04/golden,directory,,1,1,main-source-tree,原生SystemC测试,组件验证,gem5/src/systemc/tests,inherited-from-ancestor
gem5/src/systemc/tests/systemc/datatypes/misc/concat/test05,directory,,1,2,main-source-tree,原生SystemC测试,组件验证,gem5/src/systemc/tests,inherited-from-ancestor
gem5/src/systemc/tests/systemc/datatypes/misc/concat/test05/golden,directory,,1,1,main-source-tree,原生SystemC测试,组件验证,gem5/src/systemc/tests,inherited-from-ancestor
gem5/src/systemc/tests/systemc/datatypes/misc/concat/test06,directory,,1,2,main-source-tree,原生SystemC测试,组件验证,gem5/src/systemc/tests,inherited-from-ancestor
gem5/src/systemc/tests/systemc/datatypes/misc/concat/test06/golden,directory,,1,1,main-source-tree,原生SystemC测试,组件验证,gem5/src/systemc/tests,inherited-from-ancestor
gem5/src/systemc/tests/systemc/datatypes/misc/concat/test07,directory,,1,2,main-source-tree,原生SystemC测试,组件验证,gem5/src/systemc/tests,inherited-from-ancestor
gem5/src/systemc/tests/systemc/datatypes/misc/concat/test07/golden,directory,,1,1,main-source-tree,原生SystemC测试,组件验证,gem5/src/systemc/tests,inherited-from-ancestor
gem5/src/systemc/tests/systemc/datatypes/misc/concat/test08,directory,,1,2,main-source-tree,原生SystemC测试,组件验证,gem5/src/systemc/tests,inherited-from-ancestor
gem5/src/systemc/tests/systemc/datatypes/misc/concat/test08/golden,directory,,1,1,main-source-tree,原生SystemC测试,组件验证,gem5/src/systemc/tests,inherited-from-ancestor
gem5/src/systemc/tests/systemc/datatypes/misc/concat/test09,directory,,1,2,main-source-tree,原生SystemC测试,组件验证,gem5/src/systemc/tests,inherited-from-ancestor
gem5/src/systemc/tests/systemc/datatypes/misc/concat/test09/golden,directory,,1,1,main-source-tree,原生SystemC测试,组件验证,gem5/src/systemc/tests,inherited-from-ancestor
gem5/src/systemc/tests/systemc/datatypes/misc/concat/test10,directory,,1,2,main-source-tree,原生SystemC测试,组件验证,gem5/src/systemc/tests,inherited-from-ancestor
gem5/src/systemc/tests/systemc/datatypes/misc/concat/test10/golden,directory,,1,1,main-source-tree,原生SystemC测试,组件验证,gem5/src/systemc/tests,inherited-from-ancestor
gem5/src/systemc/tests/systemc/datatypes/misc/concat/test11,directory,,1,2,main-source-tree,原生SystemC测试,组件验证,gem5/src/systemc/tests,inherited-from-ancestor
gem5/src/systemc/tests/systemc/datatypes/misc/concat/test11/golden,directory,,1,1,main-source-tree,原生SystemC测试,组件验证,gem5/src/systemc/tests,inherited-from-ancestor
gem5/src/systemc/tests/systemc/datatypes/misc/concat/test12,directory,,1,2,main-source-tree,原生SystemC测试,组件验证,gem5/src/systemc/tests,inherited-from-ancestor
gem5/src/systemc/tests/systemc/datatypes/misc/concat/test12/golden,directory,,1,1,main-source-tree,原生SystemC测试,组件验证,gem5/src/systemc/tests,inherited-from-ancestor
gem5/src/systemc/tests/systemc/datatypes/misc/sign_propagation,directory,,1,2,main-source-tree,原生SystemC测试,组件验证,gem5/src/systemc/tests,inherited-from-ancestor
gem5/src/systemc/tests/systemc/datatypes/misc/sign_propagation/golden,directory,,1,1,main-source-tree,原生SystemC测试,组件验证,gem5/src/systemc/tests,inherited-from-ancestor
gem5/src/systemc/tests/systemc/datatypes/misc/signless_conversion,directory,,1,2,main-source-tree,原生SystemC测试,组件验证,gem5/src/systemc/tests,inherited-from-ancestor
gem5/src/systemc/tests/systemc/datatypes/misc/signless_conversion/golden,directory,,1,1,main-source-tree,原生SystemC测试,组件验证,gem5/src/systemc/tests,inherited-from-ancestor
gem5/src/systemc/tests/systemc/datatypes/misc/test01,directory,,1,2,main-source-tree,原生SystemC测试,组件验证,gem5/src/systemc/tests,inherited-from-ancestor
gem5/src/systemc/tests/systemc/datatypes/misc/test01/golden,directory,,1,1,main-source-tree,原生SystemC测试,组件验证,gem5/src/systemc/tests,inherited-from-ancestor
gem5/src/systemc/tests/systemc/datatypes/misc/test02,directory,,1,7,main-source-tree,原生SystemC测试,组件验证,gem5/src/systemc/tests,inherited-from-ancestor
gem5/src/systemc/tests/systemc/datatypes/misc/test02/golden,directory,,6,6,main-source-tree,原生SystemC测试,组件验证,gem5/src/systemc/tests,inherited-from-ancestor
gem5/src/systemc/tests/systemc/datatypes/misc/test03,directory,,1,2,main-source-tree,原生SystemC测试,组件验证,gem5/src/systemc/tests,inherited-from-ancestor
gem5/src/systemc/tests/systemc/datatypes/misc/test03/golden,directory,,1,1,main-source-tree,原生SystemC测试,组件验证,gem5/src/systemc/tests,inherited-from-ancestor
gem5/src/systemc/tests/systemc/examples,directory,,0,8,main-source-tree,原生SystemC测试,组件验证,gem5/src/systemc/tests,inherited-from-ancestor
gem5/src/systemc/tests/systemc/examples/aes,directory,,1,2,main-source-tree,原生SystemC测试,组件验证,gem5/src/systemc/tests,inherited-from-ancestor
gem5/src/systemc/tests/systemc/examples/aes/golden,directory,,1,1,main-source-tree,原生SystemC测试,组件验证,gem5/src/systemc/tests,inherited-from-ancestor
gem5/src/systemc/tests/systemc/examples/isqrt,directory,,1,2,main-source-tree,原生SystemC测试,组件验证,gem5/src/systemc/tests,inherited-from-ancestor
gem5/src/systemc/tests/systemc/examples/isqrt/golden,directory,,1,1,main-source-tree,原生SystemC测试,组件验证,gem5/src/systemc/tests,inherited-from-ancestor
gem5/src/systemc/tests/systemc/examples/trie,directory,,1,2,main-source-tree,原生SystemC测试,组件验证,gem5/src/systemc/tests,inherited-from-ancestor
gem5/src/systemc/tests/systemc/examples/trie/golden,directory,,1,1,main-source-tree,原生SystemC测试,组件验证,gem5/src/systemc/tests,inherited-from-ancestor
gem5/src/systemc/tests/systemc/examples/updown,directory,,1,2,main-source-tree,原生SystemC测试,组件验证,gem5/src/systemc/tests,inherited-from-ancestor
gem5/src/systemc/tests/systemc/examples/updown/golden,directory,,1,1,main-source-tree,原生SystemC测试,组件验证,gem5/src/systemc/tests,inherited-from-ancestor
gem5/src/systemc/tests/systemc/kernel,directory,,0,270,main-source-tree,原生SystemC测试,组件验证,gem5/src/systemc/tests,inherited-from-ancestor
gem5/src/systemc/tests/systemc/kernel/dynamic_processes,directory,,0,37,main-source-tree,原生SystemC测试,组件验证,gem5/src/systemc/tests,inherited-from-ancestor
gem5/src/systemc/tests/systemc/kernel/dynamic_processes/sc_barrier,directory,,0,3,main-source-tree,原生SystemC测试,组件验证,gem5/src/systemc/tests,inherited-from-ancestor
gem5/src/systemc/tests/systemc/kernel/dynamic_processes/sc_barrier/test01,directory,,2,3,main-source-tree,原生SystemC测试,组件验证,gem5/src/systemc/tests,inherited-from-ancestor
gem5/src/systemc/tests/systemc/kernel/dynamic_processes/sc_barrier/test01/golden,directory,,1,1,main-source-tree,原生SystemC测试,组件验证,gem5/src/systemc/tests,inherited-from-ancestor
gem5/src/systemc/tests/systemc/kernel/dynamic_processes/sc_join,directory,,0,10,main-source-tree,原生SystemC测试,组件验证,gem5/src/systemc/tests,inherited-from-ancestor
gem5/src/systemc/tests/systemc/kernel/dynamic_processes/sc_join/test01,directory,,1,2,main-source-tree,原生SystemC测试,组件验证,gem5/src/systemc/tests,inherited-from-ancestor
gem5/src/systemc/tests/systemc/kernel/dynamic_processes/sc_join/test01/golden,directory,,1,1,main-source-tree,原生SystemC测试,组件验证,gem5/src/systemc/tests,inherited-from-ancestor
gem5/src/systemc/tests/systemc/kernel/dynamic_processes/sc_join/test02,directory,,1,2,main-source-tree,原生SystemC测试,组件验证,gem5/src/systemc/tests,inherited-from-ancestor
gem5/src/systemc/tests/systemc/kernel/dynamic_processes/sc_join/test02/golden,directory,,1,1,main-source-tree,原生SystemC测试,组件验证,gem5/src/systemc/tests,inherited-from-ancestor
gem5/src/systemc/tests/systemc/kernel/dynamic_processes/sc_join/test03,directory,,1,2,main-source-tree,原生SystemC测试,组件验证,gem5/src/systemc/tests,inherited-from-ancestor
gem5/src/systemc/tests/systemc/kernel/dynamic_processes/sc_join/test03/golden,directory,,1,1,main-source-tree,原生SystemC测试,组件验证,gem5/src/systemc/tests,inherited-from-ancestor
gem5/src/systemc/tests/systemc/kernel/dynamic_processes/sc_join/test04,directory,,1,2,main-source-tree,原生SystemC测试,组件验证,gem5/src/systemc/tests,inherited-from-ancestor
gem5/src/systemc/tests/systemc/kernel/dynamic_processes/sc_join/test04/golden,directory,,1,1,main-source-tree,原生SystemC测试,组件验证,gem5/src/systemc/tests,inherited-from-ancestor
gem5/src/systemc/tests/systemc/kernel/dynamic_processes/sc_join/test05,directory,,1,2,main-source-tree,原生SystemC测试,组件验证,gem5/src/systemc/tests,inherited-from-ancestor
gem5/src/systemc/tests/systemc/kernel/dynamic_processes/sc_join/test05/golden,directory,,1,1,main-source-tree,原生SystemC测试,组件验证,gem5/src/systemc/tests,inherited-from-ancestor
gem5/src/systemc/tests/systemc/kernel/dynamic_processes/sc_spawn_options,directory,,0,2,main-source-tree,原生SystemC测试,组件验证,gem5/src/systemc/tests,inherited-from-ancestor
gem5/src/systemc/tests/systemc/kernel/dynamic_processes/sc_spawn_options/test01,directory,,1,2,main-source-tree,原生SystemC测试,组件验证,gem5/src/systemc/tests,inherited-from-ancestor
gem5/src/systemc/tests/systemc/kernel/dynamic_processes/sc_spawn_options/test01/golden,directory,,1,1,main-source-tree,原生SystemC测试,组件验证,gem5/src/systemc/tests,inherited-from-ancestor
gem5/src/systemc/tests/systemc/kernel/dynamic_processes/test01,directory,,1,2,main-source-tree,原生SystemC测试,组件验证,gem5/src/systemc/tests,inherited-from-ancestor
gem5/src/systemc/tests/systemc/kernel/dynamic_processes/test01/golden,directory,,1,1,main-source-tree,原生SystemC测试,组件验证,gem5/src/systemc/tests,inherited-from-ancestor
gem5/src/systemc/tests/systemc/kernel/dynamic_processes/test02,directory,,1,2,main-source-tree,原生SystemC测试,组件验证,gem5/src/systemc/tests,inherited-from-ancestor
gem5/src/systemc/tests/systemc/kernel/dynamic_processes/test02/golden,directory,,1,1,main-source-tree,原生SystemC测试,组件验证,gem5/src/systemc/tests,inherited-from-ancestor
gem5/src/systemc/tests/systemc/kernel/dynamic_processes/test03,directory,,2,3,main-source-tree,原生SystemC测试,组件验证,gem5/src/systemc/tests,inherited-from-ancestor
gem5/src/systemc/tests/systemc/kernel/dynamic_processes/test03/golden,directory,,1,1,main-source-tree,原生SystemC测试,组件验证,gem5/src/systemc/tests,inherited-from-ancestor
gem5/src/systemc/tests/systemc/kernel/dynamic_processes/test04,directory,,2,3,main-source-tree,原生SystemC测试,组件验证,gem5/src/systemc/tests,inherited-from-ancestor
gem5/src/systemc/tests/systemc/kernel/dynamic_processes/test04/golden,directory,,1,1,main-source-tree,原生SystemC测试,组件验证,gem5/src/systemc/tests,inherited-from-ancestor
gem5/src/systemc/tests/systemc/kernel/dynamic_processes/test05,directory,,1,2,main-source-tree,原生SystemC测试,组件验证,gem5/src/systemc/tests,inherited-from-ancestor
gem5/src/systemc/tests/systemc/kernel/dynamic_processes/test05/golden,directory,,1,1,main-source-tree,原生SystemC测试,组件验证,gem5/src/systemc/tests,inherited-from-ancestor
gem5/src/systemc/tests/systemc/kernel/dynamic_processes/test06,directory,,1,2,main-source-tree,原生SystemC测试,组件验证,gem5/src/systemc/tests,inherited-from-ancestor
gem5/src/systemc/tests/systemc/kernel/dynamic_processes/test06/golden,directory,,1,1,main-source-tree,原生SystemC测试,组件验证,gem5/src/systemc/tests,inherited-from-ancestor
gem5/src/systemc/tests/systemc/kernel/dynamic_processes/test07,directory,,1,2,main-source-tree,原生SystemC测试,组件验证,gem5/src/systemc/tests,inherited-from-ancestor
gem5/src/systemc/tests/systemc/kernel/dynamic_processes/test07/golden,directory,,1,1,main-source-tree,原生SystemC测试,组件验证,gem5/src/systemc/tests,inherited-from-ancestor
gem5/src/systemc/tests/systemc/kernel/dynamic_processes/test08,directory,,1,2,main-source-tree,原生SystemC测试,组件验证,gem5/src/systemc/tests,inherited-from-ancestor
gem5/src/systemc/tests/systemc/kernel/dynamic_processes/test08/golden,directory,,1,1,main-source-tree,原生SystemC测试,组件验证,gem5/src/systemc/tests,inherited-from-ancestor
gem5/src/systemc/tests/systemc/kernel/dynamic_processes/test09,directory,,1,2,main-source-tree,原生SystemC测试,组件验证,gem5/src/systemc/tests,inherited-from-ancestor
gem5/src/systemc/tests/systemc/kernel/dynamic_processes/test09/golden,directory,,1,1,main-source-tree,原生SystemC测试,组件验证,gem5/src/systemc/tests,inherited-from-ancestor
gem5/src/systemc/tests/systemc/kernel/dynamic_processes/test10,directory,,1,2,main-source-tree,原生SystemC测试,组件验证,gem5/src/systemc/tests,inherited-from-ancestor
gem5/src/systemc/tests/systemc/kernel/dynamic_processes/test10/golden,directory,,1,1,main-source-tree,原生SystemC测试,组件验证,gem5/src/systemc/tests,inherited-from-ancestor
gem5/src/systemc/tests/systemc/kernel/kind_string,directory,,0,4,main-source-tree,原生SystemC测试,组件验证,gem5/src/systemc/tests,inherited-from-ancestor
gem5/src/systemc/tests/systemc/kernel/kind_string/test01,directory,,3,4,main-source-tree,原生SystemC测试,组件验证,gem5/src/systemc/tests,inherited-from-ancestor
gem5/src/systemc/tests/systemc/kernel/kind_string/test01/golden,directory,,1,1,main-source-tree,原生SystemC测试,组件验证,gem5/src/systemc/tests,inherited-from-ancestor
gem5/src/systemc/tests/systemc/kernel/module_method_after_sc_start,directory,,2,3,main-source-tree,原生SystemC测试,组件验证,gem5/src/systemc/tests,inherited-from-ancestor
gem5/src/systemc/tests/systemc/kernel/module_method_after_sc_start/golden,directory,,1,1,main-source-tree,原生SystemC测试,组件验证,gem5/src/systemc/tests,inherited-from-ancestor
gem5/src/systemc/tests/systemc/kernel/module_thread_after_sc_start,directory,,2,3,main-source-tree,原生SystemC测试,组件验证,gem5/src/systemc/tests,inherited-from-ancestor
gem5/src/systemc/tests/systemc/kernel/module_thread_after_sc_start/golden,directory,,1,1,main-source-tree,原生SystemC测试,组件验证,gem5/src/systemc/tests,inherited-from-ancestor
gem5/src/systemc/tests/systemc/kernel/phase_callbacks,directory,,0,10,main-source-tree,原生SystemC测试,组件验证,gem5/src/systemc/tests,inherited-from-ancestor
gem5/src/systemc/tests/systemc/kernel/phase_callbacks/test01,directory,,1,2,main-source-tree,原生SystemC测试,组件验证,gem5/src/systemc/tests,inherited-from-ancestor
gem5/src/systemc/tests/systemc/kernel/phase_callbacks/test01/golden,directory,,1,1,main-source-tree,原生SystemC测试,组件验证,gem5/src/systemc/tests,inherited-from-ancestor
gem5/src/systemc/tests/systemc/kernel/phase_callbacks/test02,directory,,1,2,main-source-tree,原生SystemC测试,组件验证,gem5/src/systemc/tests,inherited-from-ancestor
gem5/src/systemc/tests/systemc/kernel/phase_callbacks/test02/golden,directory,,1,1,main-source-tree,原生SystemC测试,组件验证,gem5/src/systemc/tests,inherited-from-ancestor
gem5/src/systemc/tests/systemc/kernel/phase_callbacks/test03,directory,,1,2,main-source-tree,原生SystemC测试,组件验证,gem5/src/systemc/tests,inherited-from-ancestor
gem5/src/systemc/tests/systemc/kernel/phase_callbacks/test03/golden,directory,,1,1,main-source-tree,原生SystemC测试,组件验证,gem5/src/systemc/tests,inherited-from-ancestor
gem5/src/systemc/tests/systemc/kernel/phase_callbacks/test04,directory,,1,2,main-source-tree,原生SystemC测试,组件验证,gem5/src/systemc/tests,inherited-from-ancestor
gem5/src/systemc/tests/systemc/kernel/phase_callbacks/test04/golden,directory,,1,1,main-source-tree,原生SystemC测试,组件验证,gem5/src/systemc/tests,inherited-from-ancestor
gem5/src/systemc/tests/systemc/kernel/phase_callbacks/test05,directory,,1,2,main-source-tree,原生SystemC测试,组件验证,gem5/src/systemc/tests,inherited-from-ancestor
gem5/src/systemc/tests/systemc/kernel/phase_callbacks/test05/golden,directory,,1,1,main-source-tree,原生SystemC测试,组件验证,gem5/src/systemc/tests,inherited-from-ancestor
gem5/src/systemc/tests/systemc/kernel/process_control,directory,,0,30,main-source-tree,原生SystemC测试,组件验证,gem5/src/systemc/tests,inherited-from-ancestor
gem5/src/systemc/tests/systemc/kernel/process_control/disable_enable,directory,,0,4,main-source-tree,原生SystemC测试,组件验证,gem5/src/systemc/tests,inherited-from-ancestor
gem5/src/systemc/tests/systemc/kernel/process_control/disable_enable/test1,directory,,1,2,main-source-tree,原生SystemC测试,组件验证,gem5/src/systemc/tests,inherited-from-ancestor
gem5/src/systemc/tests/systemc/kernel/process_control/disable_enable/test1/golden,directory,,1,1,main-source-tree,原生SystemC测试,组件验证,gem5/src/systemc/tests,inherited-from-ancestor
gem5/src/systemc/tests/systemc/kernel/process_control/disable_enable/test2,directory,,1,2,main-source-tree,原生SystemC测试,组件验证,gem5/src/systemc/tests,inherited-from-ancestor
gem5/src/systemc/tests/systemc/kernel/process_control/disable_enable/test2/golden,directory,,1,1,main-source-tree,原生SystemC测试,组件验证,gem5/src/systemc/tests,inherited-from-ancestor
gem5/src/systemc/tests/systemc/kernel/process_control/reset,directory,,0,4,main-source-tree,原生SystemC测试,组件验证,gem5/src/systemc/tests,inherited-from-ancestor
gem5/src/systemc/tests/systemc/kernel/process_control/reset/method_reset_throw,directory,,1,2,main-source-tree,原生SystemC测试,组件验证,gem5/src/systemc/tests,inherited-from-ancestor
gem5/src/systemc/tests/systemc/kernel/process_control/reset/method_reset_throw/golden,directory,,1,1,main-source-tree,原生SystemC测试,组件验证,gem5/src/systemc/tests,inherited-from-ancestor
gem5/src/systemc/tests/systemc/kernel/process_control/reset/method_self_reset,directory,,1,2,main-source-tree,原生SystemC测试,组件验证,gem5/src/systemc/tests,inherited-from-ancestor
gem5/src/systemc/tests/systemc/kernel/process_control/reset/method_self_reset/golden,directory,,1,1,main-source-tree,原生SystemC测试,组件验证,gem5/src/systemc/tests,inherited-from-ancestor
gem5/src/systemc/tests/systemc/kernel/process_control/suspend_resume,directory,,0,4,main-source-tree,原生SystemC测试,组件验证,gem5/src/systemc/tests,inherited-from-ancestor
gem5/src/systemc/tests/systemc/kernel/process_control/suspend_resume/test1,directory,,1,2,main-source-tree,原生SystemC测试,组件验证,gem5/src/systemc/tests,inherited-from-ancestor
gem5/src/systemc/tests/systemc/kernel/process_control/suspend_resume/test1/golden,directory,,1,1,main-source-tree,原生SystemC测试,组件验证,gem5/src/systemc/tests,inherited-from-ancestor
gem5/src/systemc/tests/systemc/kernel/process_control/suspend_resume/test2,directory,,1,2,main-source-tree,原生SystemC测试,组件验证,gem5/src/systemc/tests,inherited-from-ancestor
gem5/src/systemc/tests/systemc/kernel/process_control/suspend_resume/test2/golden,directory,,1,1,main-source-tree,原生SystemC测试,组件验证,gem5/src/systemc/tests,inherited-from-ancestor
gem5/src/systemc/tests/systemc/kernel/process_control/test01,directory,,1,2,main-source-tree,原生SystemC测试,组件验证,gem5/src/systemc/tests,inherited-from-ancestor
gem5/src/systemc/tests/systemc/kernel/process_control/test01/golden,directory,,1,1,main-source-tree,原生SystemC测试,组件验证,gem5/src/systemc/tests,inherited-from-ancestor
gem5/src/systemc/tests/systemc/kernel/process_control/test02,directory,,1,2,main-source-tree,原生SystemC测试,组件验证,gem5/src/systemc/tests,inherited-from-ancestor
gem5/src/systemc/tests/systemc/kernel/process_control/test02/golden,directory,,1,1,main-source-tree,原生SystemC测试,组件验证,gem5/src/systemc/tests,inherited-from-ancestor
gem5/src/systemc/tests/systemc/kernel/process_control/test03,directory,,1,2,main-source-tree,原生SystemC测试,组件验证,gem5/src/systemc/tests,inherited-from-ancestor
gem5/src/systemc/tests/systemc/kernel/process_control/test03/golden,directory,,1,1,main-source-tree,原生SystemC测试,组件验证,gem5/src/systemc/tests,inherited-from-ancestor
gem5/src/systemc/tests/systemc/kernel/process_control/test04,directory,,1,2,main-source-tree,原生SystemC测试,组件验证,gem5/src/systemc/tests,inherited-from-ancestor
gem5/src/systemc/tests/systemc/kernel/process_control/test04/golden,directory,,1,1,main-source-tree,原生SystemC测试,组件验证,gem5/src/systemc/tests,inherited-from-ancestor
gem5/src/systemc/tests/systemc/kernel/process_control/test05,directory,,1,2,main-source-tree,原生SystemC测试,组件验证,gem5/src/systemc/tests,inherited-from-ancestor
gem5/src/systemc/tests/systemc/kernel/process_control/test05/golden,directory,,1,1,main-source-tree,原生SystemC测试,组件验证,gem5/src/systemc/tests,inherited-from-ancestor
gem5/src/systemc/tests/systemc/kernel/process_control/test06,directory,,1,2,main-source-tree,原生SystemC测试,组件验证,gem5/src/systemc/tests,inherited-from-ancestor
gem5/src/systemc/tests/systemc/kernel/process_control/test06/golden,directory,,1,1,main-source-tree,原生SystemC测试,组件验证,gem5/src/systemc/tests,inherited-from-ancestor
gem5/src/systemc/tests/systemc/kernel/process_control/test07,directory,,1,2,main-source-tree,原生SystemC测试,组件验证,gem5/src/systemc/tests,inherited-from-ancestor
gem5/src/systemc/tests/systemc/kernel/process_control/test07/golden,directory,,1,1,main-source-tree,原生SystemC测试,组件验证,gem5/src/systemc/tests,inherited-from-ancestor
gem5/src/systemc/tests/systemc/kernel/process_control/test08,directory,,1,2,main-source-tree,原生SystemC测试,组件验证,gem5/src/systemc/tests,inherited-from-ancestor
gem5/src/systemc/tests/systemc/kernel/process_control/test08/golden,directory,,1,1,main-source-tree,原生SystemC测试,组件验证,gem5/src/systemc/tests,inherited-from-ancestor
gem5/src/systemc/tests/systemc/kernel/process_control/throw_it,directory,,0,2,main-source-tree,原生SystemC测试,组件验证,gem5/src/systemc/tests,inherited-from-ancestor
gem5/src/systemc/tests/systemc/kernel/process_control/throw_it/test1,directory,,1,2,main-source-tree,原生SystemC测试,组件验证,gem5/src/systemc/tests,inherited-from-ancestor
gem5/src/systemc/tests/systemc/kernel/process_control/throw_it/test1/golden,directory,,1,1,main-source-tree,原生SystemC测试,组件验证,gem5/src/systemc/tests,inherited-from-ancestor
gem5/src/systemc/tests/systemc/kernel/reset_signal_is,directory,,0,10,main-source-tree,原生SystemC测试,组件验证,gem5/src/systemc/tests,inherited-from-ancestor
gem5/src/systemc/tests/systemc/kernel/reset_signal_is/test01,directory,,1,2,main-source-tree,原生SystemC测试,组件验证,gem5/src/systemc/tests,inherited-from-ancestor
gem5/src/systemc/tests/systemc/kernel/reset_signal_is/test01/golden,directory,,1,1,main-source-tree,原生SystemC测试,组件验证,gem5/src/systemc/tests,inherited-from-ancestor
gem5/src/systemc/tests/systemc/kernel/reset_signal_is/test02,directory,,1,2,main-source-tree,原生SystemC测试,组件验证,gem5/src/systemc/tests,inherited-from-ancestor
gem5/src/systemc/tests/systemc/kernel/reset_signal_is/test02/golden,directory,,1,1,main-source-tree,原生SystemC测试,组件验证,gem5/src/systemc/tests,inherited-from-ancestor
gem5/src/systemc/tests/systemc/kernel/reset_signal_is/test03,directory,,1,2,main-source-tree,原生SystemC测试,组件验证,gem5/src/systemc/tests,inherited-from-ancestor
gem5/src/systemc/tests/systemc/kernel/reset_signal_is/test03/golden,directory,,1,1,main-source-tree,原生SystemC测试,组件验证,gem5/src/systemc/tests,inherited-from-ancestor
gem5/src/systemc/tests/systemc/kernel/reset_signal_is/test04,directory,,1,2,main-source-tree,原生SystemC测试,组件验证,gem5/src/systemc/tests,inherited-from-ancestor
gem5/src/systemc/tests/systemc/kernel/reset_signal_is/test04/golden,directory,,1,1,main-source-tree,原生SystemC测试,组件验证,gem5/src/systemc/tests,inherited-from-ancestor
gem5/src/systemc/tests/systemc/kernel/reset_signal_is/test05,directory,,1,2,main-source-tree,原生SystemC测试,组件验证,gem5/src/systemc/tests,inherited-from-ancestor
gem5/src/systemc/tests/systemc/kernel/reset_signal_is/test05/golden,directory,,1,1,main-source-tree,原生SystemC测试,组件验证,gem5/src/systemc/tests,inherited-from-ancestor
gem5/src/systemc/tests/systemc/kernel/sc_attribute,directory,,0,4,main-source-tree,原生SystemC测试,组件验证,gem5/src/systemc/tests,inherited-from-ancestor
gem5/src/systemc/tests/systemc/kernel/sc_attribute/test01,directory,,1,2,main-source-tree,原生SystemC测试,组件验证,gem5/src/systemc/tests,inherited-from-ancestor
gem5/src/systemc/tests/systemc/kernel/sc_attribute/test01/golden,directory,,1,1,main-source-tree,原生SystemC测试,组件验证,gem5/src/systemc/tests,inherited-from-ancestor
gem5/src/systemc/tests/systemc/kernel/sc_attribute/test02,directory,,1,2,main-source-tree,原生SystemC测试,组件验证,gem5/src/systemc/tests,inherited-from-ancestor
gem5/src/systemc/tests/systemc/kernel/sc_attribute/test02/golden,directory,,1,1,main-source-tree,原生SystemC测试,组件验证,gem5/src/systemc/tests,inherited-from-ancestor
gem5/src/systemc/tests/systemc/kernel/sc_elab_and_sim,directory,,1,2,main-source-tree,原生SystemC测试,组件验证,gem5/src/systemc/tests,inherited-from-ancestor
gem5/src/systemc/tests/systemc/kernel/sc_elab_and_sim/golden,directory,,1,1,main-source-tree,原生SystemC测试,组件验证,gem5/src/systemc/tests,inherited-from-ancestor
gem5/src/systemc/tests/systemc/kernel/sc_event,directory,,0,31,main-source-tree,原生SystemC测试,组件验证,gem5/src/systemc/tests,inherited-from-ancestor
gem5/src/systemc/tests/systemc/kernel/sc_event/test01,directory,,1,2,main-source-tree,原生SystemC测试,组件验证,gem5/src/systemc/tests,inherited-from-ancestor
gem5/src/systemc/tests/systemc/kernel/sc_event/test01/golden,directory,,1,1,main-source-tree,原生SystemC测试,组件验证,gem5/src/systemc/tests,inherited-from-ancestor
gem5/src/systemc/tests/systemc/kernel/sc_event/test02,directory,,1,2,main-source-tree,原生SystemC测试,组件验证,gem5/src/systemc/tests,inherited-from-ancestor
gem5/src/systemc/tests/systemc/kernel/sc_event/test02/golden,directory,,1,1,main-source-tree,原生SystemC测试,组件验证,gem5/src/systemc/tests,inherited-from-ancestor
gem5/src/systemc/tests/systemc/kernel/sc_event/test03,directory,,2,3,main-source-tree,原生SystemC测试,组件验证,gem5/src/systemc/tests,inherited-from-ancestor
gem5/src/systemc/tests/systemc/kernel/sc_event/test03/golden,directory,,1,1,main-source-tree,原生SystemC测试,组件验证,gem5/src/systemc/tests,inherited-from-ancestor
gem5/src/systemc/tests/systemc/kernel/sc_event/test04,directory,,1,2,main-source-tree,原生SystemC测试,组件验证,gem5/src/systemc/tests,inherited-from-ancestor
gem5/src/systemc/tests/systemc/kernel/sc_event/test04/golden,directory,,1,1,main-source-tree,原生SystemC测试,组件验证,gem5/src/systemc/tests,inherited-from-ancestor
gem5/src/systemc/tests/systemc/kernel/sc_event/test05,directory,,1,2,main-source-tree,原生SystemC测试,组件验证,gem5/src/systemc/tests,inherited-from-ancestor
gem5/src/systemc/tests/systemc/kernel/sc_event/test05/golden,directory,,1,1,main-source-tree,原生SystemC测试,组件验证,gem5/src/systemc/tests,inherited-from-ancestor
gem5/src/systemc/tests/systemc/kernel/sc_event/test06,directory,,1,2,main-source-tree,原生SystemC测试,组件验证,gem5/src/systemc/tests,inherited-from-ancestor
gem5/src/systemc/tests/systemc/kernel/sc_event/test06/golden,directory,,1,1,main-source-tree,原生SystemC测试,组件验证,gem5/src/systemc/tests,inherited-from-ancestor
gem5/src/systemc/tests/systemc/kernel/sc_event/test07,directory,,1,2,main-source-tree,原生SystemC测试,组件验证,gem5/src/systemc/tests,inherited-from-ancestor
gem5/src/systemc/tests/systemc/kernel/sc_event/test07/golden,directory,,1,1,main-source-tree,原生SystemC测试,组件验证,gem5/src/systemc/tests,inherited-from-ancestor
gem5/src/systemc/tests/systemc/kernel/sc_event/test08,directory,,1,2,main-source-tree,原生SystemC测试,组件验证,gem5/src/systemc/tests,inherited-from-ancestor
gem5/src/systemc/tests/systemc/kernel/sc_event/test08/golden,directory,,1,1,main-source-tree,原生SystemC测试,组件验证,gem5/src/systemc/tests,inherited-from-ancestor
gem5/src/systemc/tests/systemc/kernel/sc_event/test09,directory,,1,2,main-source-tree,原生SystemC测试,组件验证,gem5/src/systemc/tests,inherited-from-ancestor
gem5/src/systemc/tests/systemc/kernel/sc_event/test09/golden,directory,,1,1,main-source-tree,原生SystemC测试,组件验证,gem5/src/systemc/tests,inherited-from-ancestor
gem5/src/systemc/tests/systemc/kernel/sc_event/test10,directory,,1,2,main-source-tree,原生SystemC测试,组件验证,gem5/src/systemc/tests,inherited-from-ancestor
gem5/src/systemc/tests/systemc/kernel/sc_event/test10/golden,directory,,1,1,main-source-tree,原生SystemC测试,组件验证,gem5/src/systemc/tests,inherited-from-ancestor
gem5/src/systemc/tests/systemc/kernel/sc_event/test11,directory,,1,2,main-source-tree,原生SystemC测试,组件验证,gem5/src/systemc/tests,inherited-from-ancestor
gem5/src/systemc/tests/systemc/kernel/sc_event/test11/golden,directory,,1,1,main-source-tree,原生SystemC测试,组件验证,gem5/src/systemc/tests,inherited-from-ancestor
gem5/src/systemc/tests/systemc/kernel/sc_event/test12,directory,,1,2,main-source-tree,原生SystemC测试,组件验证,gem5/src/systemc/tests,inherited-from-ancestor
gem5/src/systemc/tests/systemc/kernel/sc_event/test12/golden,directory,,1,1,main-source-tree,原生SystemC测试,组件验证,gem5/src/systemc/tests,inherited-from-ancestor
gem5/src/systemc/tests/systemc/kernel/sc_event/test13,directory,,1,2,main-source-tree,原生SystemC测试,组件验证,gem5/src/systemc/tests,inherited-from-ancestor
gem5/src/systemc/tests/systemc/kernel/sc_event/test13/golden,directory,,1,1,main-source-tree,原生SystemC测试,组件验证,gem5/src/systemc/tests,inherited-from-ancestor
gem5/src/systemc/tests/systemc/kernel/sc_event/test14,directory,,1,2,main-source-tree,原生SystemC测试,组件验证,gem5/src/systemc/tests,inherited-from-ancestor
gem5/src/systemc/tests/systemc/kernel/sc_event/test14/golden,directory,,1,1,main-source-tree,原生SystemC测试,组件验证,gem5/src/systemc/tests,inherited-from-ancestor
gem5/src/systemc/tests/systemc/kernel/sc_event/test15,directory,,1,2,main-source-tree,原生SystemC测试,组件验证,gem5/src/systemc/tests,inherited-from-ancestor
gem5/src/systemc/tests/systemc/kernel/sc_event/test15/golden,directory,,1,1,main-source-tree,原生SystemC测试,组件验证,gem5/src/systemc/tests,inherited-from-ancestor
gem5/src/systemc/tests/systemc/kernel/sc_lambda,directory,,0,2,main-source-tree,原生SystemC测试,组件验证,gem5/src/systemc/tests,inherited-from-ancestor
gem5/src/systemc/tests/systemc/kernel/sc_lambda/test01,directory,,1,2,main-source-tree,原生SystemC测试,组件验证,gem5/src/systemc/tests,inherited-from-ancestor
gem5/src/systemc/tests/systemc/kernel/sc_lambda/test01/golden,directory,,1,1,main-source-tree,原生SystemC测试,组件验证,gem5/src/systemc/tests,inherited-from-ancestor
gem5/src/systemc/tests/systemc/kernel/sc_macros,directory,,0,2,main-source-tree,原生SystemC测试,组件验证,gem5/src/systemc/tests,inherited-from-ancestor
gem5/src/systemc/tests/systemc/kernel/sc_macros/test01,directory,,1,2,main-source-tree,原生SystemC测试,组件验证,gem5/src/systemc/tests,inherited-from-ancestor
gem5/src/systemc/tests/systemc/kernel/sc_macros/test01/golden,directory,,1,1,main-source-tree,原生SystemC测试,组件验证,gem5/src/systemc/tests,inherited-from-ancestor
gem5/src/systemc/tests/systemc/kernel/sc_main_main,directory,,1,2,main-source-tree,原生SystemC测试,组件验证,gem5/src/systemc/tests,inherited-from-ancestor
gem5/src/systemc/tests/systemc/kernel/sc_main_main/golden,directory,,1,1,main-source-tree,原生SystemC测试,组件验证,gem5/src/systemc/tests,inherited-from-ancestor
gem5/src/systemc/tests/systemc/kernel/sc_module,directory,,0,21,main-source-tree,原生SystemC测试,组件验证,gem5/src/systemc/tests,inherited-from-ancestor
gem5/src/systemc/tests/systemc/kernel/sc_module/test01,directory,,1,2,main-source-tree,原生SystemC测试,组件验证,gem5/src/systemc/tests,inherited-from-ancestor
gem5/src/systemc/tests/systemc/kernel/sc_module/test01/golden,directory,,1,1,main-source-tree,原生SystemC测试,组件验证,gem5/src/systemc/tests,inherited-from-ancestor
gem5/src/systemc/tests/systemc/kernel/sc_module/test02,directory,,1,2,main-source-tree,原生SystemC测试,组件验证,gem5/src/systemc/tests,inherited-from-ancestor
gem5/src/systemc/tests/systemc/kernel/sc_module/test02/golden,directory,,1,1,main-source-tree,原生SystemC测试,组件验证,gem5/src/systemc/tests,inherited-from-ancestor
gem5/src/systemc/tests/systemc/kernel/sc_module/test03,directory,,1,2,main-source-tree,原生SystemC测试,组件验证,gem5/src/systemc/tests,inherited-from-ancestor
gem5/src/systemc/tests/systemc/kernel/sc_module/test03/golden,directory,,1,1,main-source-tree,原生SystemC测试,组件验证,gem5/src/systemc/tests,inherited-from-ancestor
gem5/src/systemc/tests/systemc/kernel/sc_module/test04,directory,,1,2,main-source-tree,原生SystemC测试,组件验证,gem5/src/systemc/tests,inherited-from-ancestor
gem5/src/systemc/tests/systemc/kernel/sc_module/test04/golden,directory,,1,1,main-source-tree,原生SystemC测试,组件验证,gem5/src/systemc/tests,inherited-from-ancestor
gem5/src/systemc/tests/systemc/kernel/sc_module/test05,directory,,1,2,main-source-tree,原生SystemC测试,组件验证,gem5/src/systemc/tests,inherited-from-ancestor
gem5/src/systemc/tests/systemc/kernel/sc_module/test05/golden,directory,,1,1,main-source-tree,原生SystemC测试,组件验证,gem5/src/systemc/tests,inherited-from-ancestor
gem5/src/systemc/tests/systemc/kernel/sc_module/test06,directory,,1,2,main-source-tree,原生SystemC测试,组件验证,gem5/src/systemc/tests,inherited-from-ancestor
gem5/src/systemc/tests/systemc/kernel/sc_module/test06/golden,directory,,1,1,main-source-tree,原生SystemC测试,组件验证,gem5/src/systemc/tests,inherited-from-ancestor
gem5/src/systemc/tests/systemc/kernel/sc_module/test07,directory,,1,2,main-source-tree,原生SystemC测试,组件验证,gem5/src/systemc/tests,inherited-from-ancestor
gem5/src/systemc/tests/systemc/kernel/sc_module/test07/golden,directory,,1,1,main-source-tree,原生SystemC测试,组件验证,gem5/src/systemc/tests,inherited-from-ancestor
gem5/src/systemc/tests/systemc/kernel/sc_module/test08,directory,,2,3,main-source-tree,原生SystemC测试,组件验证,gem5/src/systemc/tests,inherited-from-ancestor
gem5/src/systemc/tests/systemc/kernel/sc_module/test08/golden,directory,,1,1,main-source-tree,原生SystemC测试,组件验证,gem5/src/systemc/tests,inherited-from-ancestor
gem5/src/systemc/tests/systemc/kernel/sc_module/test09,directory,,1,2,main-source-tree,原生SystemC测试,组件验证,gem5/src/systemc/tests,inherited-from-ancestor
gem5/src/systemc/tests/systemc/kernel/sc_module/test09/golden,directory,,1,1,main-source-tree,原生SystemC测试,组件验证,gem5/src/systemc/tests,inherited-from-ancestor
gem5/src/systemc/tests/systemc/kernel/sc_module/test10,directory,,1,2,main-source-tree,原生SystemC测试,组件验证,gem5/src/systemc/tests,inherited-from-ancestor
gem5/src/systemc/tests/systemc/kernel/sc_module/test10/golden,directory,,1,1,main-source-tree,原生SystemC测试,组件验证,gem5/src/systemc/tests,inherited-from-ancestor
gem5/src/systemc/tests/systemc/kernel/sc_module_name,directory,,0,2,main-source-tree,原生SystemC测试,组件验证,gem5/src/systemc/tests,inherited-from-ancestor
gem5/src/systemc/tests/systemc/kernel/sc_module_name/test01,directory,,1,2,main-source-tree,原生SystemC测试,组件验证,gem5/src/systemc/tests,inherited-from-ancestor
gem5/src/systemc/tests/systemc/kernel/sc_module_name/test01/golden,directory,,1,1,main-source-tree,原生SystemC测试,组件验证,gem5/src/systemc/tests,inherited-from-ancestor
gem5/src/systemc/tests/systemc/kernel/sc_name_gen,directory,,0,2,main-source-tree,原生SystemC测试,组件验证,gem5/src/systemc/tests,inherited-from-ancestor
gem5/src/systemc/tests/systemc/kernel/sc_name_gen/test1,directory,,1,2,main-source-tree,原生SystemC测试,组件验证,gem5/src/systemc/tests,inherited-from-ancestor
gem5/src/systemc/tests/systemc/kernel/sc_name_gen/test1/golden,directory,,1,1,main-source-tree,原生SystemC测试,组件验证,gem5/src/systemc/tests,inherited-from-ancestor
gem5/src/systemc/tests/systemc/kernel/sc_object,directory,,0,4,main-source-tree,原生SystemC测试,组件验证,gem5/src/systemc/tests,inherited-from-ancestor
gem5/src/systemc/tests/systemc/kernel/sc_object/test01,directory,,1,2,main-source-tree,原生SystemC测试,组件验证,gem5/src/systemc/tests,inherited-from-ancestor
gem5/src/systemc/tests/systemc/kernel/sc_object/test01/golden,directory,,1,1,main-source-tree,原生SystemC测试,组件验证,gem5/src/systemc/tests,inherited-from-ancestor
gem5/src/systemc/tests/systemc/kernel/sc_object/test02,directory,,1,2,main-source-tree,原生SystemC测试,组件验证,gem5/src/systemc/tests,inherited-from-ancestor
gem5/src/systemc/tests/systemc/kernel/sc_object/test02/golden,directory,,1,1,main-source-tree,原生SystemC测试,组件验证,gem5/src/systemc/tests,inherited-from-ancestor
gem5/src/systemc/tests/systemc/kernel/sc_object_manager,directory,,0,4,main-source-tree,原生SystemC测试,组件验证,gem5/src/systemc/tests,inherited-from-ancestor
gem5/src/systemc/tests/systemc/kernel/sc_object_manager/test01,directory,,1,2,main-source-tree,原生SystemC测试,组件验证,gem5/src/systemc/tests,inherited-from-ancestor
gem5/src/systemc/tests/systemc/kernel/sc_object_manager/test01/golden,directory,,1,1,main-source-tree,原生SystemC测试,组件验证,gem5/src/systemc/tests,inherited-from-ancestor
gem5/src/systemc/tests/systemc/kernel/sc_object_manager/test02,directory,,1,2,main-source-tree,原生SystemC测试,组件验证,gem5/src/systemc/tests,inherited-from-ancestor
gem5/src/systemc/tests/systemc/kernel/sc_object_manager/test02/golden,directory,,1,1,main-source-tree,原生SystemC测试,组件验证,gem5/src/systemc/tests,inherited-from-ancestor
gem5/src/systemc/tests/systemc/kernel/sc_process_b,directory,,0,6,main-source-tree,原生SystemC测试,组件验证,gem5/src/systemc/tests,inherited-from-ancestor
gem5/src/systemc/tests/systemc/kernel/sc_process_b/test01,directory,,1,2,main-source-tree,原生SystemC测试,组件验证,gem5/src/systemc/tests,inherited-from-ancestor
gem5/src/systemc/tests/systemc/kernel/sc_process_b/test01/golden,directory,,1,1,main-source-tree,原生SystemC测试,组件验证,gem5/src/systemc/tests,inherited-from-ancestor
gem5/src/systemc/tests/systemc/kernel/sc_process_b/test02,directory,,1,2,main-source-tree,原生SystemC测试,组件验证,gem5/src/systemc/tests,inherited-from-ancestor
gem5/src/systemc/tests/systemc/kernel/sc_process_b/test02/golden,directory,,1,1,main-source-tree,原生SystemC测试,组件验证,gem5/src/systemc/tests,inherited-from-ancestor
gem5/src/systemc/tests/systemc/kernel/sc_process_b/test03,directory,,1,2,main-source-tree,原生SystemC测试,组件验证,gem5/src/systemc/tests,inherited-from-ancestor
gem5/src/systemc/tests/systemc/kernel/sc_process_b/test03/golden,directory,,1,1,main-source-tree,原生SystemC测试,组件验证,gem5/src/systemc/tests,inherited-from-ancestor
gem5/src/systemc/tests/systemc/kernel/sc_process_handle,directory,,0,4,main-source-tree,原生SystemC测试,组件验证,gem5/src/systemc/tests,inherited-from-ancestor
gem5/src/systemc/tests/systemc/kernel/sc_process_handle/test01,directory,,1,2,main-source-tree,原生SystemC测试,组件验证,gem5/src/systemc/tests,inherited-from-ancestor
gem5/src/systemc/tests/systemc/kernel/sc_process_handle/test01/golden,directory,,1,1,main-source-tree,原生SystemC测试,组件验证,gem5/src/systemc/tests,inherited-from-ancestor
gem5/src/systemc/tests/systemc/kernel/sc_process_handle/test02,directory,,1,2,main-source-tree,原生SystemC测试,组件验证,gem5/src/systemc/tests,inherited-from-ancestor
gem5/src/systemc/tests/systemc/kernel/sc_process_handle/test02/golden,directory,,1,1,main-source-tree,原生SystemC测试,组件验证,gem5/src/systemc/tests,inherited-from-ancestor
gem5/src/systemc/tests/systemc/kernel/sc_sensitive,directory,,0,11,main-source-tree,原生SystemC测试,组件验证,gem5/src/systemc/tests,inherited-from-ancestor
gem5/src/systemc/tests/systemc/kernel/sc_sensitive/test01,directory,,1,2,main-source-tree,原生SystemC测试,组件验证,gem5/src/systemc/tests,inherited-from-ancestor
gem5/src/systemc/tests/systemc/kernel/sc_sensitive/test01/golden,directory,,1,1,main-source-tree,原生SystemC测试,组件验证,gem5/src/systemc/tests,inherited-from-ancestor
gem5/src/systemc/tests/systemc/kernel/sc_sensitive/test02,directory,,1,2,main-source-tree,原生SystemC测试,组件验证,gem5/src/systemc/tests,inherited-from-ancestor
gem5/src/systemc/tests/systemc/kernel/sc_sensitive/test02/golden,directory,,1,1,main-source-tree,原生SystemC测试,组件验证,gem5/src/systemc/tests,inherited-from-ancestor
gem5/src/systemc/tests/systemc/kernel/sc_sensitive/test03,directory,,1,2,main-source-tree,原生SystemC测试,组件验证,gem5/src/systemc/tests,inherited-from-ancestor
gem5/src/systemc/tests/systemc/kernel/sc_sensitive/test03/golden,directory,,1,1,main-source-tree,原生SystemC测试,组件验证,gem5/src/systemc/tests,inherited-from-ancestor
gem5/src/systemc/tests/systemc/kernel/sc_sensitive/test04,directory,,2,3,main-source-tree,原生SystemC测试,组件验证,gem5/src/systemc/tests,inherited-from-ancestor
gem5/src/systemc/tests/systemc/kernel/sc_sensitive/test04/golden,directory,,1,1,main-source-tree,原生SystemC测试,组件验证,gem5/src/systemc/tests,inherited-from-ancestor
gem5/src/systemc/tests/systemc/kernel/sc_sensitive/test05,directory,,1,2,main-source-tree,原生SystemC测试,组件验证,gem5/src/systemc/tests,inherited-from-ancestor
gem5/src/systemc/tests/systemc/kernel/sc_sensitive/test05/golden,directory,,1,1,main-source-tree,原生SystemC测试,组件验证,gem5/src/systemc/tests,inherited-from-ancestor
gem5/src/systemc/tests/systemc/kernel/sc_simcontext,directory,,0,6,main-source-tree,原生SystemC测试,组件验证,gem5/src/systemc/tests,inherited-from-ancestor
gem5/src/systemc/tests/systemc/kernel/sc_simcontext/sc_delta_count,directory,,1,2,main-source-tree,原生SystemC测试,组件验证,gem5/src/systemc/tests,inherited-from-ancestor
gem5/src/systemc/tests/systemc/kernel/sc_simcontext/sc_delta_count/golden,directory,,1,1,main-source-tree,原生SystemC测试,组件验证,gem5/src/systemc/tests,inherited-from-ancestor
gem5/src/systemc/tests/systemc/kernel/sc_simcontext/test01,directory,,1,2,main-source-tree,原生SystemC测试,组件验证,gem5/src/systemc/tests,inherited-from-ancestor
gem5/src/systemc/tests/systemc/kernel/sc_simcontext/test01/golden,directory,,1,1,main-source-tree,原生SystemC测试,组件验证,gem5/src/systemc/tests,inherited-from-ancestor
gem5/src/systemc/tests/systemc/kernel/sc_simcontext/test02,directory,,1,2,main-source-tree,原生SystemC测试,组件验证,gem5/src/systemc/tests,inherited-from-ancestor
gem5/src/systemc/tests/systemc/kernel/sc_simcontext/test02/golden,directory,,1,1,main-source-tree,原生SystemC测试,组件验证,gem5/src/systemc/tests,inherited-from-ancestor
gem5/src/systemc/tests/systemc/kernel/sc_start,directory,,0,7,main-source-tree,原生SystemC测试,组件验证,gem5/src/systemc/tests,inherited-from-ancestor
gem5/src/systemc/tests/systemc/kernel/sc_start/sc_start_0,directory,,0,4,main-source-tree,原生SystemC测试,组件验证,gem5/src/systemc/tests,inherited-from-ancestor
gem5/src/systemc/tests/systemc/kernel/sc_start/sc_start_0/test1,directory,,1,2,main-source-tree,原生SystemC测试,组件验证,gem5/src/systemc/tests,inherited-from-ancestor
gem5/src/systemc/tests/systemc/kernel/sc_start/sc_start_0/test1/golden,directory,,1,1,main-source-tree,原生SystemC测试,组件验证,gem5/src/systemc/tests,inherited-from-ancestor
gem5/src/systemc/tests/systemc/kernel/sc_start/sc_start_0/test2,directory,,1,2,main-source-tree,原生SystemC测试,组件验证,gem5/src/systemc/tests,inherited-from-ancestor
gem5/src/systemc/tests/systemc/kernel/sc_start/sc_start_0/test2/golden,directory,,1,1,main-source-tree,原生SystemC测试,组件验证,gem5/src/systemc/tests,inherited-from-ancestor
gem5/src/systemc/tests/systemc/kernel/sc_start/time_overflow,directory,,2,3,main-source-tree,原生SystemC测试,组件验证,gem5/src/systemc/tests,inherited-from-ancestor
gem5/src/systemc/tests/systemc/kernel/sc_start/time_overflow/golden,directory,,1,1,main-source-tree,原生SystemC测试,组件验证,gem5/src/systemc/tests,inherited-from-ancestor
gem5/src/systemc/tests/systemc/kernel/sc_stop,directory,,0,6,main-source-tree,原生SystemC测试,组件验证,gem5/src/systemc/tests,inherited-from-ancestor
gem5/src/systemc/tests/systemc/kernel/sc_stop/test01,directory,,1,2,main-source-tree,原生SystemC测试,组件验证,gem5/src/systemc/tests,inherited-from-ancestor
gem5/src/systemc/tests/systemc/kernel/sc_stop/test01/golden,directory,,1,1,main-source-tree,原生SystemC测试,组件验证,gem5/src/systemc/tests,inherited-from-ancestor
gem5/src/systemc/tests/systemc/kernel/sc_stop/test02,directory,,1,2,main-source-tree,原生SystemC测试,组件验证,gem5/src/systemc/tests,inherited-from-ancestor
gem5/src/systemc/tests/systemc/kernel/sc_stop/test02/golden,directory,,1,1,main-source-tree,原生SystemC测试,组件验证,gem5/src/systemc/tests,inherited-from-ancestor
gem5/src/systemc/tests/systemc/kernel/sc_stop/test03,directory,,1,2,main-source-tree,原生SystemC测试,组件验证,gem5/src/systemc/tests,inherited-from-ancestor
gem5/src/systemc/tests/systemc/kernel/sc_stop/test03/golden,directory,,1,1,main-source-tree,原生SystemC测试,组件验证,gem5/src/systemc/tests,inherited-from-ancestor
gem5/src/systemc/tests/systemc/kernel/sc_time,directory,,0,53,main-source-tree,原生SystemC测试,组件验证,gem5/src/systemc/tests,inherited-from-ancestor
gem5/src/systemc/tests/systemc/kernel/sc_time/test01,directory,,1,4,main-source-tree,原生SystemC测试,组件验证,gem5/src/systemc/tests,inherited-from-ancestor
gem5/src/systemc/tests/systemc/kernel/sc_time/test01/golden,directory,,3,3,main-source-tree,原生SystemC测试,组件验证,gem5/src/systemc/tests,inherited-from-ancestor
gem5/src/systemc/tests/systemc/kernel/sc_time/test02,directory,,2,3,main-source-tree,原生SystemC测试,组件验证,gem5/src/systemc/tests,inherited-from-ancestor
gem5/src/systemc/tests/systemc/kernel/sc_time/test02/golden,directory,,1,1,main-source-tree,原生SystemC测试,组件验证,gem5/src/systemc/tests,inherited-from-ancestor
gem5/src/systemc/tests/systemc/kernel/sc_time/test03,directory,,2,3,main-source-tree,原生SystemC测试,组件验证,gem5/src/systemc/tests,inherited-from-ancestor
gem5/src/systemc/tests/systemc/kernel/sc_time/test03/golden,directory,,1,1,main-source-tree,原生SystemC测试,组件验证,gem5/src/systemc/tests,inherited-from-ancestor
gem5/src/systemc/tests/systemc/kernel/sc_time/test04,directory,,2,3,main-source-tree,原生SystemC测试,组件验证,gem5/src/systemc/tests,inherited-from-ancestor
gem5/src/systemc/tests/systemc/kernel/sc_time/test04/golden,directory,,1,1,main-source-tree,原生SystemC测试,组件验证,gem5/src/systemc/tests,inherited-from-ancestor
gem5/src/systemc/tests/systemc/kernel/sc_time/test05,directory,,2,3,main-source-tree,原生SystemC测试,组件验证,gem5/src/systemc/tests,inherited-from-ancestor
gem5/src/systemc/tests/systemc/kernel/sc_time/test05/golden,directory,,1,1,main-source-tree,原生SystemC测试,组件验证,gem5/src/systemc/tests,inherited-from-ancestor
gem5/src/systemc/tests/systemc/kernel/sc_time/test06,directory,,2,3,main-source-tree,原生SystemC测试,组件验证,gem5/src/systemc/tests,inherited-from-ancestor
gem5/src/systemc/tests/systemc/kernel/sc_time/test06/golden,directory,,1,1,main-source-tree,原生SystemC测试,组件验证,gem5/src/systemc/tests,inherited-from-ancestor
gem5/src/systemc/tests/systemc/kernel/sc_time/test07,directory,,2,3,main-source-tree,原生SystemC测试,组件验证,gem5/src/systemc/tests,inherited-from-ancestor
gem5/src/systemc/tests/systemc/kernel/sc_time/test07/golden,directory,,1,1,main-source-tree,原生SystemC测试,组件验证,gem5/src/systemc/tests,inherited-from-ancestor
gem5/src/systemc/tests/systemc/kernel/sc_time/test08,directory,,2,3,main-source-tree,原生SystemC测试,组件验证,gem5/src/systemc/tests,inherited-from-ancestor
gem5/src/systemc/tests/systemc/kernel/sc_time/test08/golden,directory,,1,1,main-source-tree,原生SystemC测试,组件验证,gem5/src/systemc/tests,inherited-from-ancestor
gem5/src/systemc/tests/systemc/kernel/sc_time/test09,directory,,2,3,main-source-tree,原生SystemC测试,组件验证,gem5/src/systemc/tests,inherited-from-ancestor
gem5/src/systemc/tests/systemc/kernel/sc_time/test09/golden,directory,,1,1,main-source-tree,原生SystemC测试,组件验证,gem5/src/systemc/tests,inherited-from-ancestor
gem5/src/systemc/tests/systemc/kernel/sc_time/test10,directory,,1,2,main-source-tree,原生SystemC测试,组件验证,gem5/src/systemc/tests,inherited-from-ancestor
gem5/src/systemc/tests/systemc/kernel/sc_time/test10/golden,directory,,1,1,main-source-tree,原生SystemC测试,组件验证,gem5/src/systemc/tests,inherited-from-ancestor
gem5/src/systemc/tests/systemc/kernel/sc_time/test11,directory,,1,2,main-source-tree,原生SystemC测试,组件验证,gem5/src/systemc/tests,inherited-from-ancestor
gem5/src/systemc/tests/systemc/kernel/sc_time/test11/golden,directory,,1,1,main-source-tree,原生SystemC测试,组件验证,gem5/src/systemc/tests,inherited-from-ancestor
gem5/src/systemc/tests/systemc/kernel/sc_time/test12,directory,,2,3,main-source-tree,原生SystemC测试,组件验证,gem5/src/systemc/tests,inherited-from-ancestor
gem5/src/systemc/tests/systemc/kernel/sc_time/test12/golden,directory,,1,1,main-source-tree,原生SystemC测试,组件验证,gem5/src/systemc/tests,inherited-from-ancestor
gem5/src/systemc/tests/systemc/kernel/sc_time/test13,directory,,2,3,main-source-tree,原生SystemC测试,组件验证,gem5/src/systemc/tests,inherited-from-ancestor
gem5/src/systemc/tests/systemc/kernel/sc_time/test13/golden,directory,,1,1,main-source-tree,原生SystemC测试,组件验证,gem5/src/systemc/tests,inherited-from-ancestor
gem5/src/systemc/tests/systemc/kernel/sc_time/test14,directory,,2,3,main-source-tree,原生SystemC测试,组件验证,gem5/src/systemc/tests,inherited-from-ancestor
gem5/src/systemc/tests/systemc/kernel/sc_time/test14/golden,directory,,1,1,main-source-tree,原生SystemC测试,组件验证,gem5/src/systemc/tests,inherited-from-ancestor
gem5/src/systemc/tests/systemc/kernel/sc_time/test15,directory,,2,3,main-source-tree,原生SystemC测试,组件验证,gem5/src/systemc/tests,inherited-from-ancestor
gem5/src/systemc/tests/systemc/kernel/sc_time/test15/golden,directory,,1,1,main-source-tree,原生SystemC测试,组件验证,gem5/src/systemc/tests,inherited-from-ancestor
gem5/src/systemc/tests/systemc/kernel/sc_time/test16,directory,,2,3,main-source-tree,原生SystemC测试,组件验证,gem5/src/systemc/tests,inherited-from-ancestor
gem5/src/systemc/tests/systemc/kernel/sc_time/test16/golden,directory,,1,1,main-source-tree,原生SystemC测试,组件验证,gem5/src/systemc/tests,inherited-from-ancestor
gem5/src/systemc/tests/systemc/kernel/sc_time/test17,directory,,1,2,main-source-tree,原生SystemC测试,组件验证,gem5/src/systemc/tests,inherited-from-ancestor
gem5/src/systemc/tests/systemc/kernel/sc_time/test17/golden,directory,,1,1,main-source-tree,原生SystemC测试,组件验证,gem5/src/systemc/tests,inherited-from-ancestor
gem5/src/systemc/tests/systemc/kernel/sc_time/test18,directory,,1,2,main-source-tree,原生SystemC测试,组件验证,gem5/src/systemc/tests,inherited-from-ancestor
gem5/src/systemc/tests/systemc/kernel/sc_time/test18/golden,directory,,1,1,main-source-tree,原生SystemC测试,组件验证,gem5/src/systemc/tests,inherited-from-ancestor
gem5/src/systemc/tests/systemc/kernel/sc_time/test19,directory,,1,2,main-source-tree,原生SystemC测试,组件验证,gem5/src/systemc/tests,inherited-from-ancestor
gem5/src/systemc/tests/systemc/kernel/sc_time/test19/golden,directory,,1,1,main-source-tree,原生SystemC测试,组件验证,gem5/src/systemc/tests,inherited-from-ancestor
gem5/src/systemc/tests/systemc/kernel/sc_ver,directory,,0,4,main-source-tree,原生SystemC测试,组件验证,gem5/src/systemc/tests,inherited-from-ancestor
gem5/src/systemc/tests/systemc/kernel/sc_ver/test01,directory,,3,4,main-source-tree,原生SystemC测试,组件验证,gem5/src/systemc/tests,inherited-from-ancestor
gem5/src/systemc/tests/systemc/kernel/sc_ver/test01/golden,directory,,1,1,main-source-tree,原生SystemC测试,组件验证,gem5/src/systemc/tests,inherited-from-ancestor
gem5/src/systemc/tests/systemc/misc,directory,,0,2327,main-source-tree,原生SystemC测试,组件验证,gem5/src/systemc/tests,inherited-from-ancestor
gem5/src/systemc/tests/systemc/misc/cae_test,directory,,0,419,main-source-tree,原生SystemC测试,组件验证,gem5/src/systemc/tests,inherited-from-ancestor
gem5/src/systemc/tests/systemc/misc/cae_test/general,directory,,0,419,main-source-tree,原生SystemC测试,组件验证,gem5/src/systemc/tests,inherited-from-ancestor
gem5/src/systemc/tests/systemc/misc/cae_test/general/arith,directory,,0,142,main-source-tree,原生SystemC测试,组件验证,gem5/src/systemc/tests,inherited-from-ancestor
gem5/src/systemc/tests/systemc/misc/cae_test/general/arith/addition,directory,,0,51,main-source-tree,原生SystemC测试,组件验证,gem5/src/systemc/tests,inherited-from-ancestor
gem5/src/systemc/tests/systemc/misc/cae_test/general/arith/addition/addition,directory,,9,10,main-source-tree,原生SystemC测试,组件验证,gem5/src/systemc/tests,inherited-from-ancestor
gem5/src/systemc/tests/systemc/misc/cae_test/general/arith/addition/addition/golden,directory,,1,1,main-source-tree,原生SystemC测试,组件验证,gem5/src/systemc/tests,inherited-from-ancestor
gem5/src/systemc/tests/systemc/misc/cae_test/general/arith/addition/bitwidth,directory,,9,10,main-source-tree,原生SystemC测试,组件验证,gem5/src/systemc/tests,inherited-from-ancestor
gem5/src/systemc/tests/systemc/misc/cae_test/general/arith/addition/bitwidth/golden,directory,,1,1,main-source-tree,原生SystemC测试,组件验证,gem5/src/systemc/tests,inherited-from-ancestor
gem5/src/systemc/tests/systemc/misc/cae_test/general/arith/addition/datatypes,directory,,9,11,main-source-tree,原生SystemC测试,组件验证,gem5/src/systemc/tests,inherited-from-ancestor
gem5/src/systemc/tests/systemc/misc/cae_test/general/arith/addition/datatypes/golden,directory,,2,2,main-source-tree,原生SystemC测试,组件验证,gem5/src/systemc/tests,inherited-from-ancestor
gem5/src/systemc/tests/systemc/misc/cae_test/general/arith/addition/increment,directory,,9,10,main-source-tree,原生SystemC测试,组件验证,gem5/src/systemc/tests,inherited-from-ancestor
gem5/src/systemc/tests/systemc/misc/cae_test/general/arith/addition/increment/golden,directory,,1,1,main-source-tree,原生SystemC测试,组件验证,gem5/src/systemc/tests,inherited-from-ancestor
gem5/src/systemc/tests/systemc/misc/cae_test/general/arith/addition/sharing,directory,,9,10,main-source-tree,原生SystemC测试,组件验证,gem5/src/systemc/tests,inherited-from-ancestor
gem5/src/systemc/tests/systemc/misc/cae_test/general/arith/addition/sharing/golden,directory,,1,1,main-source-tree,原生SystemC测试,组件验证,gem5/src/systemc/tests,inherited-from-ancestor
gem5/src/systemc/tests/systemc/misc/cae_test/general/arith/divide,directory,,0,20,main-source-tree,原生SystemC测试,组件验证,gem5/src/systemc/tests,inherited-from-ancestor
gem5/src/systemc/tests/systemc/misc/cae_test/general/arith/divide/datatypes,directory,,9,10,main-source-tree,原生SystemC测试,组件验证,gem5/src/systemc/tests,inherited-from-ancestor
gem5/src/systemc/tests/systemc/misc/cae_test/general/arith/divide/datatypes/golden,directory,,1,1,main-source-tree,原生SystemC测试,组件验证,gem5/src/systemc/tests,inherited-from-ancestor
gem5/src/systemc/tests/systemc/misc/cae_test/general/arith/divide/divide,directory,,9,10,main-source-tree,原生SystemC测试,组件验证,gem5/src/systemc/tests,inherited-from-ancestor
gem5/src/systemc/tests/systemc/misc/cae_test/general/arith/divide/divide/golden,directory,,1,1,main-source-tree,原生SystemC测试,组件验证,gem5/src/systemc/tests,inherited-from-ancestor
gem5/src/systemc/tests/systemc/misc/cae_test/general/arith/modulo,directory,,9,10,main-source-tree,原生SystemC测试,组件验证,gem5/src/systemc/tests,inherited-from-ancestor
gem5/src/systemc/tests/systemc/misc/cae_test/general/arith/modulo/golden,directory,,1,1,main-source-tree,原生SystemC测试,组件验证,gem5/src/systemc/tests,inherited-from-ancestor
gem5/src/systemc/tests/systemc/misc/cae_test/general/arith/mult,directory,,9,10,main-source-tree,原生SystemC测试,组件验证,gem5/src/systemc/tests,inherited-from-ancestor
gem5/src/systemc/tests/systemc/misc/cae_test/general/arith/mult/golden,directory,,1,1,main-source-tree,原生SystemC测试,组件验证,gem5/src/systemc/tests,inherited-from-ancestor
gem5/src/systemc/tests/systemc/misc/cae_test/general/arith/subtract,directory,,0,51,main-source-tree,原生SystemC测试,组件验证,gem5/src/systemc/tests,inherited-from-ancestor
gem5/src/systemc/tests/systemc/misc/cae_test/general/arith/subtract/bitwidth,directory,,9,10,main-source-tree,原生SystemC测试,组件验证,gem5/src/systemc/tests,inherited-from-ancestor
gem5/src/systemc/tests/systemc/misc/cae_test/general/arith/subtract/bitwidth/golden,directory,,1,1,main-source-tree,原生SystemC测试,组件验证,gem5/src/systemc/tests,inherited-from-ancestor
gem5/src/systemc/tests/systemc/misc/cae_test/general/arith/subtract/datatypes,directory,,9,11,main-source-tree,原生SystemC测试,组件验证,gem5/src/systemc/tests,inherited-from-ancestor
gem5/src/systemc/tests/systemc/misc/cae_test/general/arith/subtract/datatypes/golden,directory,,2,2,main-source-tree,原生SystemC测试,组件验证,gem5/src/systemc/tests,inherited-from-ancestor
gem5/src/systemc/tests/systemc/misc/cae_test/general/arith/subtract/decrement,directory,,9,10,main-source-tree,原生SystemC测试,组件验证,gem5/src/systemc/tests,inherited-from-ancestor
gem5/src/systemc/tests/systemc/misc/cae_test/general/arith/subtract/decrement/golden,directory,,1,1,main-source-tree,原生SystemC测试,组件验证,gem5/src/systemc/tests,inherited-from-ancestor
gem5/src/systemc/tests/systemc/misc/cae_test/general/arith/subtract/sharing,directory,,9,10,main-source-tree,原生SystemC测试,组件验证,gem5/src/systemc/tests,inherited-from-ancestor
gem5/src/systemc/tests/systemc/misc/cae_test/general/arith/subtract/sharing/golden,directory,,1,1,main-source-tree,原生SystemC测试,组件验证,gem5/src/systemc/tests,inherited-from-ancestor
gem5/src/systemc/tests/systemc/misc/cae_test/general/arith/subtract/subtract,directory,,9,10,main-source-tree,原生SystemC测试,组件验证,gem5/src/systemc/tests,inherited-from-ancestor
gem5/src/systemc/tests/systemc/misc/cae_test/general/arith/subtract/subtract/golden,directory,,1,1,main-source-tree,原生SystemC测试,组件验证,gem5/src/systemc/tests,inherited-from-ancestor
gem5/src/systemc/tests/systemc/misc/cae_test/general/bitwise,directory,,0,123,main-source-tree,原生SystemC测试,组件验证,gem5/src/systemc/tests,inherited-from-ancestor
gem5/src/systemc/tests/systemc/misc/cae_test/general/bitwise/and,directory,,0,20,main-source-tree,原生SystemC测试,组件验证,gem5/src/systemc/tests,inherited-from-ancestor
gem5/src/systemc/tests/systemc/misc/cae_test/general/bitwise/and/and_1,directory,,9,10,main-source-tree,原生SystemC测试,组件验证,gem5/src/systemc/tests,inherited-from-ancestor
gem5/src/systemc/tests/systemc/misc/cae_test/general/bitwise/and/and_1/golden,directory,,1,1,main-source-tree,原生SystemC测试,组件验证,gem5/src/systemc/tests,inherited-from-ancestor
gem5/src/systemc/tests/systemc/misc/cae_test/general/bitwise/and/datatypes,directory,,9,10,main-source-tree,原生SystemC测试,组件验证,gem5/src/systemc/tests,inherited-from-ancestor
gem5/src/systemc/tests/systemc/misc/cae_test/general/bitwise/and/datatypes/golden,directory,,1,1,main-source-tree,原生SystemC测试,组件验证,gem5/src/systemc/tests,inherited-from-ancestor
gem5/src/systemc/tests/systemc/misc/cae_test/general/bitwise/not,directory,,0,21,main-source-tree,原生SystemC测试,组件验证,gem5/src/systemc/tests,inherited-from-ancestor
gem5/src/systemc/tests/systemc/misc/cae_test/general/bitwise/not/datatypes,directory,,9,11,main-source-tree,原生SystemC测试,组件验证,gem5/src/systemc/tests,inherited-from-ancestor
gem5/src/systemc/tests/systemc/misc/cae_test/general/bitwise/not/datatypes/golden,directory,,2,2,main-source-tree,原生SystemC测试,组件验证,gem5/src/systemc/tests,inherited-from-ancestor
gem5/src/systemc/tests/systemc/misc/cae_test/general/bitwise/not/not_1,directory,,9,10,main-source-tree,原生SystemC测试,组件验证,gem5/src/systemc/tests,inherited-from-ancestor
gem5/src/systemc/tests/systemc/misc/cae_test/general/bitwise/not/not_1/golden,directory,,1,1,main-source-tree,原生SystemC测试,组件验证,gem5/src/systemc/tests,inherited-from-ancestor
gem5/src/systemc/tests/systemc/misc/cae_test/general/bitwise/or,directory,,0,20,main-source-tree,原生SystemC测试,组件验证,gem5/src/systemc/tests,inherited-from-ancestor
gem5/src/systemc/tests/systemc/misc/cae_test/general/bitwise/or/datatypes,directory,,9,10,main-source-tree,原生SystemC测试,组件验证,gem5/src/systemc/tests,inherited-from-ancestor
gem5/src/systemc/tests/systemc/misc/cae_test/general/bitwise/or/datatypes/golden,directory,,1,1,main-source-tree,原生SystemC测试,组件验证,gem5/src/systemc/tests,inherited-from-ancestor
gem5/src/systemc/tests/systemc/misc/cae_test/general/bitwise/or/or_1,directory,,9,10,main-source-tree,原生SystemC测试,组件验证,gem5/src/systemc/tests,inherited-from-ancestor
gem5/src/systemc/tests/systemc/misc/cae_test/general/bitwise/or/or_1/golden,directory,,1,1,main-source-tree,原生SystemC测试,组件验证,gem5/src/systemc/tests,inherited-from-ancestor
gem5/src/systemc/tests/systemc/misc/cae_test/general/bitwise/shl,directory,,0,31,main-source-tree,原生SystemC测试,组件验证,gem5/src/systemc/tests,inherited-from-ancestor
gem5/src/systemc/tests/systemc/misc/cae_test/general/bitwise/shl/bitwidth,directory,,9,10,main-source-tree,原生SystemC测试,组件验证,gem5/src/systemc/tests,inherited-from-ancestor
gem5/src/systemc/tests/systemc/misc/cae_test/general/bitwise/shl/bitwidth/golden,directory,,1,1,main-source-tree,原生SystemC测试,组件验证,gem5/src/systemc/tests,inherited-from-ancestor
gem5/src/systemc/tests/systemc/misc/cae_test/general/bitwise/shl/datatypes,directory,,9,11,main-source-tree,原生SystemC测试,组件验证,gem5/src/systemc/tests,inherited-from-ancestor
gem5/src/systemc/tests/systemc/misc/cae_test/general/bitwise/shl/datatypes/golden,directory,,2,2,main-source-tree,原生SystemC测试,组件验证,gem5/src/systemc/tests,inherited-from-ancestor
gem5/src/systemc/tests/systemc/misc/cae_test/general/bitwise/shl/sharing,directory,,9,10,main-source-tree,原生SystemC测试,组件验证,gem5/src/systemc/tests,inherited-from-ancestor
gem5/src/systemc/tests/systemc/misc/cae_test/general/bitwise/shl/sharing/golden,directory,,1,1,main-source-tree,原生SystemC测试,组件验证,gem5/src/systemc/tests,inherited-from-ancestor
gem5/src/systemc/tests/systemc/misc/cae_test/general/bitwise/shr,directory,,0,11,main-source-tree,原生SystemC测试,组件验证,gem5/src/systemc/tests,inherited-from-ancestor
gem5/src/systemc/tests/systemc/misc/cae_test/general/bitwise/shr/sharing,directory,,9,11,main-source-tree,原生SystemC测试,组件验证,gem5/src/systemc/tests,inherited-from-ancestor
gem5/src/systemc/tests/systemc/misc/cae_test/general/bitwise/shr/sharing/golden,directory,,2,2,main-source-tree,原生SystemC测试,组件验证,gem5/src/systemc/tests,inherited-from-ancestor
gem5/src/systemc/tests/systemc/misc/cae_test/general/bitwise/xor,directory,,0,20,main-source-tree,原生SystemC测试,组件验证,gem5/src/systemc/tests,inherited-from-ancestor
gem5/src/systemc/tests/systemc/misc/cae_test/general/bitwise/xor/datatypes,directory,,9,10,main-source-tree,原生SystemC测试,组件验证,gem5/src/systemc/tests,inherited-from-ancestor
gem5/src/systemc/tests/systemc/misc/cae_test/general/bitwise/xor/datatypes/golden,directory,,1,1,main-source-tree,原生SystemC测试,组件验证,gem5/src/systemc/tests,inherited-from-ancestor
gem5/src/systemc/tests/systemc/misc/cae_test/general/bitwise/xor/xor_1,directory,,9,10,main-source-tree,原生SystemC测试,组件验证,gem5/src/systemc/tests,inherited-from-ancestor
gem5/src/systemc/tests/systemc/misc/cae_test/general/bitwise/xor/xor_1/golden,directory,,1,1,main-source-tree,原生SystemC测试,组件验证,gem5/src/systemc/tests,inherited-from-ancestor
gem5/src/systemc/tests/systemc/misc/cae_test/general/control,directory,,0,154,main-source-tree,原生SystemC测试,组件验证,gem5/src/systemc/tests,inherited-from-ancestor
gem5/src/systemc/tests/systemc/misc/cae_test/general/control/case,directory,,0,40,main-source-tree,原生SystemC测试,组件验证,gem5/src/systemc/tests,inherited-from-ancestor
gem5/src/systemc/tests/systemc/misc/cae_test/general/control/case/balancing,directory,,9,10,main-source-tree,原生SystemC测试,组件验证,gem5/src/systemc/tests,inherited-from-ancestor
gem5/src/systemc/tests/systemc/misc/cae_test/general/control/case/balancing/golden,directory,,1,1,main-source-tree,原生SystemC测试,组件验证,gem5/src/systemc/tests,inherited-from-ancestor
gem5/src/systemc/tests/systemc/misc/cae_test/general/control/case/datatypes,directory,,9,10,main-source-tree,原生SystemC测试,组件验证,gem5/src/systemc/tests,inherited-from-ancestor
gem5/src/systemc/tests/systemc/misc/cae_test/general/control/case/datatypes/golden,directory,,1,1,main-source-tree,原生SystemC测试,组件验证,gem5/src/systemc/tests,inherited-from-ancestor
gem5/src/systemc/tests/systemc/misc/cae_test/general/control/case/fsm,directory,,9,10,main-source-tree,原生SystemC测试,组件验证,gem5/src/systemc/tests,inherited-from-ancestor
gem5/src/systemc/tests/systemc/misc/cae_test/general/control/case/fsm/golden,directory,,1,1,main-source-tree,原生SystemC测试,组件验证,gem5/src/systemc/tests,inherited-from-ancestor
gem5/src/systemc/tests/systemc/misc/cae_test/general/control/case/inlining,directory,,9,10,main-source-tree,原生SystemC测试,组件验证,gem5/src/systemc/tests,inherited-from-ancestor
gem5/src/systemc/tests/systemc/misc/cae_test/general/control/case/inlining/golden,directory,,1,1,main-source-tree,原生SystemC测试,组件验证,gem5/src/systemc/tests,inherited-from-ancestor
gem5/src/systemc/tests/systemc/misc/cae_test/general/control/if_test,directory,,0,60,main-source-tree,原生SystemC测试,组件验证,gem5/src/systemc/tests,inherited-from-ancestor
gem5/src/systemc/tests/systemc/misc/cae_test/general/control/if_test/balancing,directory,,9,10,main-source-tree,原生SystemC测试,组件验证,gem5/src/systemc/tests,inherited-from-ancestor
gem5/src/systemc/tests/systemc/misc/cae_test/general/control/if_test/balancing/golden,directory,,1,1,main-source-tree,原生SystemC测试,组件验证,gem5/src/systemc/tests,inherited-from-ancestor
gem5/src/systemc/tests/systemc/misc/cae_test/general/control/if_test/conditions,directory,,9,10,main-source-tree,原生SystemC测试,组件验证,gem5/src/systemc/tests,inherited-from-ancestor
gem5/src/systemc/tests/systemc/misc/cae_test/general/control/if_test/conditions/golden,directory,,1,1,main-source-tree,原生SystemC测试,组件验证,gem5/src/systemc/tests,inherited-from-ancestor
gem5/src/systemc/tests/systemc/misc/cae_test/general/control/if_test/datatypes,directory,,9,10,main-source-tree,原生SystemC测试,组件验证,gem5/src/systemc/tests,inherited-from-ancestor
gem5/src/systemc/tests/systemc/misc/cae_test/general/control/if_test/datatypes/golden,directory,,1,1,main-source-tree,原生SystemC测试,组件验证,gem5/src/systemc/tests,inherited-from-ancestor
gem5/src/systemc/tests/systemc/misc/cae_test/general/control/if_test/fsm,directory,,9,10,main-source-tree,原生SystemC测试,组件验证,gem5/src/systemc/tests,inherited-from-ancestor
gem5/src/systemc/tests/systemc/misc/cae_test/general/control/if_test/fsm/golden,directory,,1,1,main-source-tree,原生SystemC测试,组件验证,gem5/src/systemc/tests,inherited-from-ancestor
gem5/src/systemc/tests/systemc/misc/cae_test/general/control/if_test/if_test,directory,,9,10,main-source-tree,原生SystemC测试,组件验证,gem5/src/systemc/tests,inherited-from-ancestor
gem5/src/systemc/tests/systemc/misc/cae_test/general/control/if_test/if_test/golden,directory,,1,1,main-source-tree,原生SystemC测试,组件验证,gem5/src/systemc/tests,inherited-from-ancestor
gem5/src/systemc/tests/systemc/misc/cae_test/general/control/if_test/inlining,directory,,9,10,main-source-tree,原生SystemC测试,组件验证,gem5/src/systemc/tests,inherited-from-ancestor
gem5/src/systemc/tests/systemc/misc/cae_test/general/control/if_test/inlining/golden,directory,,1,1,main-source-tree,原生SystemC测试,组件验证,gem5/src/systemc/tests,inherited-from-ancestor
gem5/src/systemc/tests/systemc/misc/cae_test/general/control/loop,directory,,0,54,main-source-tree,原生SystemC测试,组件验证,gem5/src/systemc/tests,inherited-from-ancestor
gem5/src/systemc/tests/systemc/misc/cae_test/general/control/loop/for_datatypes,directory,,8,9,main-source-tree,原生SystemC测试,组件验证,gem5/src/systemc/tests,inherited-from-ancestor
gem5/src/systemc/tests/systemc/misc/cae_test/general/control/loop/for_datatypes/golden,directory,,1,1,main-source-tree,原生SystemC测试,组件验证,gem5/src/systemc/tests,inherited-from-ancestor
gem5/src/systemc/tests/systemc/misc/cae_test/general/control/loop/for_exit,directory,,8,9,main-source-tree,原生SystemC测试,组件验证,gem5/src/systemc/tests,inherited-from-ancestor
gem5/src/systemc/tests/systemc/misc/cae_test/general/control/loop/for_exit/golden,directory,,1,1,main-source-tree,原生SystemC测试,组件验证,gem5/src/systemc/tests,inherited-from-ancestor
gem5/src/systemc/tests/systemc/misc/cae_test/general/control/loop/for_fsm,directory,,8,9,main-source-tree,原生SystemC测试,组件验证,gem5/src/systemc/tests,inherited-from-ancestor
gem5/src/systemc/tests/systemc/misc/cae_test/general/control/loop/for_fsm/golden,directory,,1,1,main-source-tree,原生SystemC测试,组件验证,gem5/src/systemc/tests,inherited-from-ancestor
gem5/src/systemc/tests/systemc/misc/cae_test/general/control/loop/while_datatypes,directory,,8,9,main-source-tree,原生SystemC测试,组件验证,gem5/src/systemc/tests,inherited-from-ancestor
gem5/src/systemc/tests/systemc/misc/cae_test/general/control/loop/while_datatypes/golden,directory,,1,1,main-source-tree,原生SystemC测试,组件验证,gem5/src/systemc/tests,inherited-from-ancestor
gem5/src/systemc/tests/systemc/misc/cae_test/general/control/loop/while_exit,directory,,8,9,main-source-tree,原生SystemC测试,组件验证,gem5/src/systemc/tests,inherited-from-ancestor
gem5/src/systemc/tests/systemc/misc/cae_test/general/control/loop/while_exit/golden,directory,,1,1,main-source-tree,原生SystemC测试,组件验证,gem5/src/systemc/tests,inherited-from-ancestor
gem5/src/systemc/tests/systemc/misc/cae_test/general/control/loop/while_fsm,directory,,8,9,main-source-tree,原生SystemC测试,组件验证,gem5/src/systemc/tests,inherited-from-ancestor
gem5/src/systemc/tests/systemc/misc/cae_test/general/control/loop/while_fsm/golden,directory,,1,1,main-source-tree,原生SystemC测试,组件验证,gem5/src/systemc/tests,inherited-from-ancestor
gem5/src/systemc/tests/systemc/misc/communication,directory,,0,66,main-source-tree,原生SystemC测试,组件验证,gem5/src/systemc/tests,inherited-from-ancestor
gem5/src/systemc/tests/systemc/misc/communication/channel,directory,,0,19,main-source-tree,原生SystemC测试,组件验证,gem5/src/systemc/tests,inherited-from-ancestor
gem5/src/systemc/tests/systemc/misc/communication/channel/aggregate,directory,,2,3,main-source-tree,原生SystemC测试,组件验证,gem5/src/systemc/tests,inherited-from-ancestor
gem5/src/systemc/tests/systemc/misc/communication/channel/aggregate/golden,directory,,1,1,main-source-tree,原生SystemC测试,组件验证,gem5/src/systemc/tests,inherited-from-ancestor
gem5/src/systemc/tests/systemc/misc/communication/channel/dataflow,directory,,1,2,main-source-tree,原生SystemC测试,组件验证,gem5/src/systemc/tests,inherited-from-ancestor
gem5/src/systemc/tests/systemc/misc/communication/channel/dataflow/golden,directory,,1,1,main-source-tree,原生SystemC测试,组件验证,gem5/src/systemc/tests,inherited-from-ancestor
gem5/src/systemc/tests/systemc/misc/communication/channel/hshake1,directory,,1,2,main-source-tree,原生SystemC测试,组件验证,gem5/src/systemc/tests,inherited-from-ancestor
gem5/src/systemc/tests/systemc/misc/communication/channel/hshake1/golden,directory,,1,1,main-source-tree,原生SystemC测试,组件验证,gem5/src/systemc/tests,inherited-from-ancestor
gem5/src/systemc/tests/systemc/misc/communication/channel/hshake2,directory,,1,2,main-source-tree,原生SystemC测试,组件验证,gem5/src/systemc/tests,inherited-from-ancestor
gem5/src/systemc/tests/systemc/misc/communication/channel/hshake2/golden,directory,,1,1,main-source-tree,原生SystemC测试,组件验证,gem5/src/systemc/tests,inherited-from-ancestor
gem5/src/systemc/tests/systemc/misc/communication/channel/hwsw,directory,,1,2,main-source-tree,原生SystemC测试,组件验证,gem5/src/systemc/tests,inherited-from-ancestor
gem5/src/systemc/tests/systemc/misc/communication/channel/hwsw/golden,directory,,1,1,main-source-tree,原生SystemC测试,组件验证,gem5/src/systemc/tests,inherited-from-ancestor
gem5/src/systemc/tests/systemc/misc/communication/channel/test1,directory,,1,2,main-source-tree,原生SystemC测试,组件验证,gem5/src/systemc/tests,inherited-from-ancestor
gem5/src/systemc/tests/systemc/misc/communication/channel/test1/golden,directory,,1,1,main-source-tree,原生SystemC测试,组件验证,gem5/src/systemc/tests,inherited-from-ancestor
gem5/src/systemc/tests/systemc/misc/communication/channel/test2,directory,,1,2,main-source-tree,原生SystemC测试,组件验证,gem5/src/systemc/tests,inherited-from-ancestor
gem5/src/systemc/tests/systemc/misc/communication/channel/test2/golden,directory,,1,1,main-source-tree,原生SystemC测试,组件验证,gem5/src/systemc/tests,inherited-from-ancestor
gem5/src/systemc/tests/systemc/misc/communication/channel/test3,directory,,1,2,main-source-tree,原生SystemC测试,组件验证,gem5/src/systemc/tests,inherited-from-ancestor
gem5/src/systemc/tests/systemc/misc/communication/channel/test3/golden,directory,,1,1,main-source-tree,原生SystemC测试,组件验证,gem5/src/systemc/tests,inherited-from-ancestor
gem5/src/systemc/tests/systemc/misc/communication/channel/test4,directory,,1,2,main-source-tree,原生SystemC测试,组件验证,gem5/src/systemc/tests,inherited-from-ancestor
gem5/src/systemc/tests/systemc/misc/communication/channel/test4/golden,directory,,1,1,main-source-tree,原生SystemC测试,组件验证,gem5/src/systemc/tests,inherited-from-ancestor
gem5/src/systemc/tests/systemc/misc/communication/reslv,directory,,0,16,main-source-tree,原生SystemC测试,组件验证,gem5/src/systemc/tests,inherited-from-ancestor
gem5/src/systemc/tests/systemc/misc/communication/reslv/test1,directory,,1,2,main-source-tree,原生SystemC测试,组件验证,gem5/src/systemc/tests,inherited-from-ancestor
gem5/src/systemc/tests/systemc/misc/communication/reslv/test1/golden,directory,,1,1,main-source-tree,原生SystemC测试,组件验证,gem5/src/systemc/tests,inherited-from-ancestor
gem5/src/systemc/tests/systemc/misc/communication/reslv/test2,directory,,1,2,main-source-tree,原生SystemC测试,组件验证,gem5/src/systemc/tests,inherited-from-ancestor
gem5/src/systemc/tests/systemc/misc/communication/reslv/test2/golden,directory,,1,1,main-source-tree,原生SystemC测试,组件验证,gem5/src/systemc/tests,inherited-from-ancestor
gem5/src/systemc/tests/systemc/misc/communication/reslv/test3,directory,,1,2,main-source-tree,原生SystemC测试,组件验证,gem5/src/systemc/tests,inherited-from-ancestor
gem5/src/systemc/tests/systemc/misc/communication/reslv/test3/golden,directory,,1,1,main-source-tree,原生SystemC测试,组件验证,gem5/src/systemc/tests,inherited-from-ancestor
gem5/src/systemc/tests/systemc/misc/communication/reslv/test4,directory,,1,2,main-source-tree,原生SystemC测试,组件验证,gem5/src/systemc/tests,inherited-from-ancestor
gem5/src/systemc/tests/systemc/misc/communication/reslv/test4/golden,directory,,1,1,main-source-tree,原生SystemC测试,组件验证,gem5/src/systemc/tests,inherited-from-ancestor
gem5/src/systemc/tests/systemc/misc/communication/reslv/tvec1,directory,,1,2,main-source-tree,原生SystemC测试,组件验证,gem5/src/systemc/tests,inherited-from-ancestor
gem5/src/systemc/tests/systemc/misc/communication/reslv/tvec1/golden,directory,,1,1,main-source-tree,原生SystemC测试,组件验证,gem5/src/systemc/tests,inherited-from-ancestor
gem5/src/systemc/tests/systemc/misc/communication/reslv/tvec2,directory,,1,2,main-source-tree,原生SystemC测试,组件验证,gem5/src/systemc/tests,inherited-from-ancestor
gem5/src/systemc/tests/systemc/misc/communication/reslv/tvec2/golden,directory,,1,1,main-source-tree,原生SystemC测试,组件验证,gem5/src/systemc/tests,inherited-from-ancestor
gem5/src/systemc/tests/systemc/misc/communication/reslv/tvec3,directory,,1,2,main-source-tree,原生SystemC测试,组件验证,gem5/src/systemc/tests,inherited-from-ancestor
gem5/src/systemc/tests/systemc/misc/communication/reslv/tvec3/golden,directory,,1,1,main-source-tree,原生SystemC测试,组件验证,gem5/src/systemc/tests,inherited-from-ancestor
gem5/src/systemc/tests/systemc/misc/communication/reslv/tvec4,directory,,1,2,main-source-tree,原生SystemC测试,组件验证,gem5/src/systemc/tests,inherited-from-ancestor
gem5/src/systemc/tests/systemc/misc/communication/reslv/tvec4/golden,directory,,1,1,main-source-tree,原生SystemC测试,组件验证,gem5/src/systemc/tests,inherited-from-ancestor
gem5/src/systemc/tests/systemc/misc/communication/signals,directory,,0,31,main-source-tree,原生SystemC测试,组件验证,gem5/src/systemc/tests,inherited-from-ancestor
gem5/src/systemc/tests/systemc/misc/communication/signals/aggregate,directory,,2,3,main-source-tree,原生SystemC测试,组件验证,gem5/src/systemc/tests,inherited-from-ancestor
gem5/src/systemc/tests/systemc/misc/communication/signals/aggregate/golden,directory,,1,1,main-source-tree,原生SystemC测试,组件验证,gem5/src/systemc/tests,inherited-from-ancestor
gem5/src/systemc/tests/systemc/misc/communication/signals/bool,directory,,6,7,main-source-tree,原生SystemC测试,组件验证,gem5/src/systemc/tests,inherited-from-ancestor
gem5/src/systemc/tests/systemc/misc/communication/signals/bool/golden,directory,,1,1,main-source-tree,原生SystemC测试,组件验证,gem5/src/systemc/tests,inherited-from-ancestor
gem5/src/systemc/tests/systemc/misc/communication/signals/float,directory,,6,7,main-source-tree,原生SystemC测试,组件验证,gem5/src/systemc/tests,inherited-from-ancestor
gem5/src/systemc/tests/systemc/misc/communication/signals/float/golden,directory,,1,1,main-source-tree,原生SystemC测试,组件验证,gem5/src/systemc/tests,inherited-from-ancestor
gem5/src/systemc/tests/systemc/misc/communication/signals/int,directory,,6,7,main-source-tree,原生SystemC测试,组件验证,gem5/src/systemc/tests,inherited-from-ancestor
gem5/src/systemc/tests/systemc/misc/communication/signals/int/golden,directory,,1,1,main-source-tree,原生SystemC测试,组件验证,gem5/src/systemc/tests,inherited-from-ancestor
gem5/src/systemc/tests/systemc/misc/communication/signals/unsigned,directory,,6,7,main-source-tree,原生SystemC测试,组件验证,gem5/src/systemc/tests,inherited-from-ancestor
gem5/src/systemc/tests/systemc/misc/communication/signals/unsigned/golden,directory,,1,1,main-source-tree,原生SystemC测试,组件验证,gem5/src/systemc/tests,inherited-from-ancestor
gem5/src/systemc/tests/systemc/misc/examples,directory,,1,29,main-source-tree,原生SystemC测试,组件验证,gem5/src/systemc/tests,inherited-from-ancestor
gem5/src/systemc/tests/systemc/misc/examples/a2901,directory,,14,15,main-source-tree,原生SystemC测试,组件验证,gem5/src/systemc/tests,inherited-from-ancestor
gem5/src/systemc/tests/systemc/misc/examples/a2901/golden,directory,,1,1,main-source-tree,原生SystemC测试,组件验证,gem5/src/systemc/tests,inherited-from-ancestor
gem5/src/systemc/tests/systemc/misc/examples/datawidth_int_c,directory,,3,4,main-source-tree,原生SystemC测试,组件验证,gem5/src/systemc/tests,inherited-from-ancestor
gem5/src/systemc/tests/systemc/misc/examples/datawidth_int_c/golden,directory,,1,1,main-source-tree,原生SystemC测试,组件验证,gem5/src/systemc/tests,inherited-from-ancestor
gem5/src/systemc/tests/systemc/misc/examples/datawidth_int_file,directory,,6,7,main-source-tree,原生SystemC测试,组件验证,gem5/src/systemc/tests,inherited-from-ancestor
gem5/src/systemc/tests/systemc/misc/examples/datawidth_int_file/golden,directory,,1,1,main-source-tree,原生SystemC测试,组件验证,gem5/src/systemc/tests,inherited-from-ancestor
gem5/src/systemc/tests/systemc/misc/examples/parsing,directory,,1,2,main-source-tree,原生SystemC测试,组件验证,gem5/src/systemc/tests,inherited-from-ancestor
gem5/src/systemc/tests/systemc/misc/examples/parsing/golden,directory,,1,1,main-source-tree,原生SystemC测试,组件验证,gem5/src/systemc/tests,inherited-from-ancestor
gem5/src/systemc/tests/systemc/misc/gnats,directory,,0,30,main-source-tree,原生SystemC测试,组件验证,gem5/src/systemc/tests,inherited-from-ancestor
gem5/src/systemc/tests/systemc/misc/gnats/pr-130,directory,,2,2,main-source-tree,原生SystemC测试,组件验证,gem5/src/systemc/tests,inherited-from-ancestor
gem5/src/systemc/tests/systemc/misc/gnats/pr-134,directory,,1,2,main-source-tree,原生SystemC测试,组件验证,gem5/src/systemc/tests,inherited-from-ancestor
gem5/src/systemc/tests/systemc/misc/gnats/pr-134/golden,directory,,1,1,main-source-tree,原生SystemC测试,组件验证,gem5/src/systemc/tests,inherited-from-ancestor
gem5/src/systemc/tests/systemc/misc/gnats/pr-2,directory,,1,2,main-source-tree,原生SystemC测试,组件验证,gem5/src/systemc/tests,inherited-from-ancestor
gem5/src/systemc/tests/systemc/misc/gnats/pr-2/golden,directory,,1,1,main-source-tree,原生SystemC测试,组件验证,gem5/src/systemc/tests,inherited-from-ancestor
gem5/src/systemc/tests/systemc/misc/gnats/pr-233,directory,,1,2,main-source-tree,原生SystemC测试,组件验证,gem5/src/systemc/tests,inherited-from-ancestor
gem5/src/systemc/tests/systemc/misc/gnats/pr-233/golden,directory,,1,1,main-source-tree,原生SystemC测试,组件验证,gem5/src/systemc/tests,inherited-from-ancestor
gem5/src/systemc/tests/systemc/misc/gnats/pr-25,directory,,1,2,main-source-tree,原生SystemC测试,组件验证,gem5/src/systemc/tests,inherited-from-ancestor
gem5/src/systemc/tests/systemc/misc/gnats/pr-25/golden,directory,,1,1,main-source-tree,原生SystemC测试,组件验证,gem5/src/systemc/tests,inherited-from-ancestor
gem5/src/systemc/tests/systemc/misc/gnats/pr-47_3,directory,,1,2,main-source-tree,原生SystemC测试,组件验证,gem5/src/systemc/tests,inherited-from-ancestor
gem5/src/systemc/tests/systemc/misc/gnats/pr-47_3/golden,directory,,1,1,main-source-tree,原生SystemC测试,组件验证,gem5/src/systemc/tests,inherited-from-ancestor
gem5/src/systemc/tests/systemc/misc/gnats/pr-480,directory,,2,2,main-source-tree,原生SystemC测试,组件验证,gem5/src/systemc/tests,inherited-from-ancestor
gem5/src/systemc/tests/systemc/misc/gnats/pr-503,directory,,1,2,main-source-tree,原生SystemC测试,组件验证,gem5/src/systemc/tests,inherited-from-ancestor
gem5/src/systemc/tests/systemc/misc/gnats/pr-503-neg,directory,,1,2,main-source-tree,原生SystemC测试,组件验证,gem5/src/systemc/tests,inherited-from-ancestor
gem5/src/systemc/tests/systemc/misc/gnats/pr-503-neg/golden,directory,,1,1,main-source-tree,原生SystemC测试,组件验证,gem5/src/systemc/tests,inherited-from-ancestor
gem5/src/systemc/tests/systemc/misc/gnats/pr-503/golden,directory,,1,1,main-source-tree,原生SystemC测试,组件验证,gem5/src/systemc/tests,inherited-from-ancestor
gem5/src/systemc/tests/systemc/misc/gnats/pr-51_pos,directory,,2,2,main-source-tree,原生SystemC测试,组件验证,gem5/src/systemc/tests,inherited-from-ancestor
gem5/src/systemc/tests/systemc/misc/gnats/pr-52,directory,,2,2,main-source-tree,原生SystemC测试,组件验证,gem5/src/systemc/tests,inherited-from-ancestor
gem5/src/systemc/tests/systemc/misc/gnats/pr-56,directory,,2,2,main-source-tree,原生SystemC测试,组件验证,gem5/src/systemc/tests,inherited-from-ancestor
gem5/src/systemc/tests/systemc/misc/gnats/pr-5_1,directory,,2,2,main-source-tree,原生SystemC测试,组件验证,gem5/src/systemc/tests,inherited-from-ancestor
gem5/src/systemc/tests/systemc/misc/gnats/pr213,directory,,1,2,main-source-tree,原生SystemC测试,组件验证,gem5/src/systemc/tests,inherited-from-ancestor
gem5/src/systemc/tests/systemc/misc/gnats/pr213/golden,directory,,1,1,main-source-tree,原生SystemC测试,组件验证,gem5/src/systemc/tests,inherited-from-ancestor
gem5/src/systemc/tests/systemc/misc/gnats/pr57,directory,,1,2,main-source-tree,原生SystemC测试,组件验证,gem5/src/systemc/tests,inherited-from-ancestor
gem5/src/systemc/tests/systemc/misc/gnats/pr57/golden,directory,,1,1,main-source-tree,原生SystemC测试,组件验证,gem5/src/systemc/tests,inherited-from-ancestor
gem5/src/systemc/tests/systemc/misc/if_transforms,directory,,0,70,main-source-tree,原生SystemC测试,组件验证,gem5/src/systemc/tests,inherited-from-ancestor
gem5/src/systemc/tests/systemc/misc/if_transforms/loop_unrolling,directory,,0,70,main-source-tree,原生SystemC测试,组件验证,gem5/src/systemc/tests,inherited-from-ancestor
gem5/src/systemc/tests/systemc/misc/if_transforms/loop_unrolling/pr476,directory,,9,10,main-source-tree,原生SystemC测试,组件验证,gem5/src/systemc/tests,inherited-from-ancestor
gem5/src/systemc/tests/systemc/misc/if_transforms/loop_unrolling/pr476/golden,directory,,1,1,main-source-tree,原生SystemC测试,组件验证,gem5/src/systemc/tests,inherited-from-ancestor
gem5/src/systemc/tests/systemc/misc/if_transforms/loop_unrolling/test1,directory,,9,10,main-source-tree,原生SystemC测试,组件验证,gem5/src/systemc/tests,inherited-from-ancestor
gem5/src/systemc/tests/systemc/misc/if_transforms/loop_unrolling/test1/golden,directory,,1,1,main-source-tree,原生SystemC测试,组件验证,gem5/src/systemc/tests,inherited-from-ancestor
gem5/src/systemc/tests/systemc/misc/if_transforms/loop_unrolling/test2,directory,,9,10,main-source-tree,原生SystemC测试,组件验证,gem5/src/systemc/tests,inherited-from-ancestor
gem5/src/systemc/tests/systemc/misc/if_transforms/loop_unrolling/test2/golden,directory,,1,1,main-source-tree,原生SystemC测试,组件验证,gem5/src/systemc/tests,inherited-from-ancestor
gem5/src/systemc/tests/systemc/misc/if_transforms/loop_unrolling/test3,directory,,9,10,main-source-tree,原生SystemC测试,组件验证,gem5/src/systemc/tests,inherited-from-ancestor
gem5/src/systemc/tests/systemc/misc/if_transforms/loop_unrolling/test3/golden,directory,,1,1,main-source-tree,原生SystemC测试,组件验证,gem5/src/systemc/tests,inherited-from-ancestor
gem5/src/systemc/tests/systemc/misc/if_transforms/loop_unrolling/test4,directory,,9,10,main-source-tree,原生SystemC测试,组件验证,gem5/src/systemc/tests,inherited-from-ancestor
gem5/src/systemc/tests/systemc/misc/if_transforms/loop_unrolling/test4/golden,directory,,1,1,main-source-tree,原生SystemC测试,组件验证,gem5/src/systemc/tests,inherited-from-ancestor
gem5/src/systemc/tests/systemc/misc/if_transforms/loop_unrolling/test5,directory,,9,10,main-source-tree,原生SystemC测试,组件验证,gem5/src/systemc/tests,inherited-from-ancestor
gem5/src/systemc/tests/systemc/misc/if_transforms/loop_unrolling/test5/golden,directory,,1,1,main-source-tree,原生SystemC测试,组件验证,gem5/src/systemc/tests,inherited-from-ancestor
gem5/src/systemc/tests/systemc/misc/if_transforms/loop_unrolling/test6,directory,,9,10,main-source-tree,原生SystemC测试,组件验证,gem5/src/systemc/tests,inherited-from-ancestor
gem5/src/systemc/tests/systemc/misc/if_transforms/loop_unrolling/test6/golden,directory,,1,1,main-source-tree,原生SystemC测试,组件验证,gem5/src/systemc/tests,inherited-from-ancestor
gem5/src/systemc/tests/systemc/misc/memory_explosion,directory,,0,4,main-source-tree,原生SystemC测试,组件验证,gem5/src/systemc/tests,inherited-from-ancestor
gem5/src/systemc/tests/systemc/misc/memory_explosion/test01,directory,,1,2,main-source-tree,原生SystemC测试,组件验证,gem5/src/systemc/tests,inherited-from-ancestor
gem5/src/systemc/tests/systemc/misc/memory_explosion/test01/golden,directory,,1,1,main-source-tree,原生SystemC测试,组件验证,gem5/src/systemc/tests,inherited-from-ancestor
gem5/src/systemc/tests/systemc/misc/memory_explosion/test02,directory,,1,2,main-source-tree,原生SystemC测试,组件验证,gem5/src/systemc/tests,inherited-from-ancestor
gem5/src/systemc/tests/systemc/misc/memory_explosion/test02/golden,directory,,1,1,main-source-tree,原生SystemC测试,组件验证,gem5/src/systemc/tests,inherited-from-ancestor
gem5/src/systemc/tests/systemc/misc/parsing,directory,,0,10,main-source-tree,原生SystemC测试,组件验证,gem5/src/systemc/tests,inherited-from-ancestor
gem5/src/systemc/tests/systemc/misc/parsing/T_1_1_2_1,directory,,2,2,main-source-tree,原生SystemC测试,组件验证,gem5/src/systemc/tests,inherited-from-ancestor
gem5/src/systemc/tests/systemc/misc/parsing/T_1_1_2_3,directory,,2,2,main-source-tree,原生SystemC测试,组件验证,gem5/src/systemc/tests,inherited-from-ancestor
gem5/src/systemc/tests/systemc/misc/parsing/T_1_1_2_4,directory,,2,2,main-source-tree,原生SystemC测试,组件验证,gem5/src/systemc/tests,inherited-from-ancestor
gem5/src/systemc/tests/systemc/misc/parsing/T_1_1_2_5,directory,,2,2,main-source-tree,原生SystemC测试,组件验证,gem5/src/systemc/tests,inherited-from-ancestor
gem5/src/systemc/tests/systemc/misc/parsing/T_1_1_2_6,directory,,2,2,main-source-tree,原生SystemC测试,组件验证,gem5/src/systemc/tests,inherited-from-ancestor
gem5/src/systemc/tests/systemc/misc/reports,directory,,0,2,main-source-tree,原生SystemC测试,组件验证,gem5/src/systemc/tests,inherited-from-ancestor
gem5/src/systemc/tests/systemc/misc/reports/test01,directory,,1,2,main-source-tree,原生SystemC测试,组件验证,gem5/src/systemc/tests,inherited-from-ancestor
gem5/src/systemc/tests/systemc/misc/reports/test01/golden,directory,,1,1,main-source-tree,原生SystemC测试,组件验证,gem5/src/systemc/tests,inherited-from-ancestor
gem5/src/systemc/tests/systemc/misc/semantic,directory,,0,36,main-source-tree,原生SystemC测试,组件验证,gem5/src/systemc/tests,inherited-from-ancestor
gem5/src/systemc/tests/systemc/misc/semantic/2.3,directory,,0,30,main-source-tree,原生SystemC测试,组件验证,gem5/src/systemc/tests,inherited-from-ancestor
gem5/src/systemc/tests/systemc/misc/semantic/2.3/T_2_3_1_1,directory,,2,3,main-source-tree,原生SystemC测试,组件验证,gem5/src/systemc/tests,inherited-from-ancestor
gem5/src/systemc/tests/systemc/misc/semantic/2.3/T_2_3_1_1/golden,directory,,1,1,main-source-tree,原生SystemC测试,组件验证,gem5/src/systemc/tests,inherited-from-ancestor
gem5/src/systemc/tests/systemc/misc/semantic/2.3/T_2_3_1_2,directory,,2,3,main-source-tree,原生SystemC测试,组件验证,gem5/src/systemc/tests,inherited-from-ancestor
gem5/src/systemc/tests/systemc/misc/semantic/2.3/T_2_3_1_2/golden,directory,,1,1,main-source-tree,原生SystemC测试,组件验证,gem5/src/systemc/tests,inherited-from-ancestor
gem5/src/systemc/tests/systemc/misc/semantic/2.3/T_2_3_1_3,directory,,2,3,main-source-tree,原生SystemC测试,组件验证,gem5/src/systemc/tests,inherited-from-ancestor
gem5/src/systemc/tests/systemc/misc/semantic/2.3/T_2_3_1_3/golden,directory,,1,1,main-source-tree,原生SystemC测试,组件验证,gem5/src/systemc/tests,inherited-from-ancestor
gem5/src/systemc/tests/systemc/misc/semantic/2.3/T_2_3_1_4,directory,,2,3,main-source-tree,原生SystemC测试,组件验证,gem5/src/systemc/tests,inherited-from-ancestor
gem5/src/systemc/tests/systemc/misc/semantic/2.3/T_2_3_1_4/golden,directory,,1,1,main-source-tree,原生SystemC测试,组件验证,gem5/src/systemc/tests,inherited-from-ancestor
gem5/src/systemc/tests/systemc/misc/semantic/2.3/T_2_3_1_5_neg,directory,,2,3,main-source-tree,原生SystemC测试,组件验证,gem5/src/systemc/tests,inherited-from-ancestor
gem5/src/systemc/tests/systemc/misc/semantic/2.3/T_2_3_1_5_neg/golden,directory,,1,1,main-source-tree,原生SystemC测试,组件验证,gem5/src/systemc/tests,inherited-from-ancestor
gem5/src/systemc/tests/systemc/misc/semantic/2.3/T_2_3_2_1,directory,,2,3,main-source-tree,原生SystemC测试,组件验证,gem5/src/systemc/tests,inherited-from-ancestor
gem5/src/systemc/tests/systemc/misc/semantic/2.3/T_2_3_2_1/golden,directory,,1,1,main-source-tree,原生SystemC测试,组件验证,gem5/src/systemc/tests,inherited-from-ancestor
gem5/src/systemc/tests/systemc/misc/semantic/2.3/T_2_3_2_5_neg,directory,,2,3,main-source-tree,原生SystemC测试,组件验证,gem5/src/systemc/tests,inherited-from-ancestor
gem5/src/systemc/tests/systemc/misc/semantic/2.3/T_2_3_2_5_neg/golden,directory,,1,1,main-source-tree,原生SystemC测试,组件验证,gem5/src/systemc/tests,inherited-from-ancestor
gem5/src/systemc/tests/systemc/misc/semantic/2.3/T_2_3_3_1,directory,,2,3,main-source-tree,原生SystemC测试,组件验证,gem5/src/systemc/tests,inherited-from-ancestor
gem5/src/systemc/tests/systemc/misc/semantic/2.3/T_2_3_3_1/golden,directory,,1,1,main-source-tree,原生SystemC测试,组件验证,gem5/src/systemc/tests,inherited-from-ancestor
gem5/src/systemc/tests/systemc/misc/semantic/2.3/T_2_3_4_1,directory,,2,3,main-source-tree,原生SystemC测试,组件验证,gem5/src/systemc/tests,inherited-from-ancestor
gem5/src/systemc/tests/systemc/misc/semantic/2.3/T_2_3_4_1/golden,directory,,1,1,main-source-tree,原生SystemC测试,组件验证,gem5/src/systemc/tests,inherited-from-ancestor
gem5/src/systemc/tests/systemc/misc/semantic/2.3/T_2_3_5_1,directory,,2,3,main-source-tree,原生SystemC测试,组件验证,gem5/src/systemc/tests,inherited-from-ancestor
gem5/src/systemc/tests/systemc/misc/semantic/2.3/T_2_3_5_1/golden,directory,,1,1,main-source-tree,原生SystemC测试,组件验证,gem5/src/systemc/tests,inherited-from-ancestor
gem5/src/systemc/tests/systemc/misc/semantic/2.4,directory,,2,3,main-source-tree,原生SystemC测试,组件验证,gem5/src/systemc/tests,inherited-from-ancestor
gem5/src/systemc/tests/systemc/misc/semantic/2.4/golden,directory,,1,1,main-source-tree,原生SystemC测试,组件验证,gem5/src/systemc/tests,inherited-from-ancestor
gem5/src/systemc/tests/systemc/misc/semantic/2.5,directory,,2,3,main-source-tree,原生SystemC测试,组件验证,gem5/src/systemc/tests,inherited-from-ancestor
gem5/src/systemc/tests/systemc/misc/semantic/2.5/golden,directory,,1,1,main-source-tree,原生SystemC测试,组件验证,gem5/src/systemc/tests,inherited-from-ancestor
gem5/src/systemc/tests/systemc/misc/sim,directory,,0,10,main-source-tree,原生SystemC测试,组件验证,gem5/src/systemc/tests,inherited-from-ancestor
gem5/src/systemc/tests/systemc/misc/sim/prime_do_while,directory,,9,10,main-source-tree,原生SystemC测试,组件验证,gem5/src/systemc/tests,inherited-from-ancestor
gem5/src/systemc/tests/systemc/misc/sim/prime_do_while/golden,directory,,1,1,main-source-tree,原生SystemC测试,组件验证,gem5/src/systemc/tests,inherited-from-ancestor
gem5/src/systemc/tests/systemc/misc/sim_tests,directory,,0,98,main-source-tree,原生SystemC测试,组件验证,gem5/src/systemc/tests,inherited-from-ancestor
gem5/src/systemc/tests/systemc/misc/sim_tests/async_clock,directory,,1,2,main-source-tree,原生SystemC测试,组件验证,gem5/src/systemc/tests,inherited-from-ancestor
gem5/src/systemc/tests/systemc/misc/sim_tests/async_clock/golden,directory,,1,1,main-source-tree,原生SystemC测试,组件验证,gem5/src/systemc/tests,inherited-from-ancestor
gem5/src/systemc/tests/systemc/misc/sim_tests/biquad,directory,,0,41,main-source-tree,原生SystemC测试,组件验证,gem5/src/systemc/tests,inherited-from-ancestor
gem5/src/systemc/tests/systemc/misc/sim_tests/biquad/biquad1,directory,,6,13,main-source-tree,原生SystemC测试,组件验证,gem5/src/systemc/tests,inherited-from-ancestor
gem5/src/systemc/tests/systemc/misc/sim_tests/biquad/biquad1/golden,directory,,7,7,main-source-tree,原生SystemC测试,组件验证,gem5/src/systemc/tests,inherited-from-ancestor
gem5/src/systemc/tests/systemc/misc/sim_tests/biquad/biquad2,directory,,12,13,main-source-tree,原生SystemC测试,组件验证,gem5/src/systemc/tests,inherited-from-ancestor
gem5/src/systemc/tests/systemc/misc/sim_tests/biquad/biquad2/golden,directory,,1,1,main-source-tree,原生SystemC测试,组件验证,gem5/src/systemc/tests,inherited-from-ancestor
gem5/src/systemc/tests/systemc/misc/sim_tests/biquad/biquad3,directory,,8,15,main-source-tree,原生SystemC测试,组件验证,gem5/src/systemc/tests,inherited-from-ancestor
gem5/src/systemc/tests/systemc/misc/sim_tests/biquad/biquad3/golden,directory,,7,7,main-source-tree,原生SystemC测试,组件验证,gem5/src/systemc/tests,inherited-from-ancestor
gem5/src/systemc/tests/systemc/misc/sim_tests/cgen,directory,,1,2,main-source-tree,原生SystemC测试,组件验证,gem5/src/systemc/tests,inherited-from-ancestor
gem5/src/systemc/tests/systemc/misc/sim_tests/cgen/golden,directory,,1,1,main-source-tree,原生SystemC测试,组件验证,gem5/src/systemc/tests,inherited-from-ancestor
gem5/src/systemc/tests/systemc/misc/sim_tests/cycle_dw8051_demo,directory,,9,10,main-source-tree,原生SystemC测试,组件验证,gem5/src/systemc/tests,inherited-from-ancestor
gem5/src/systemc/tests/systemc/misc/sim_tests/cycle_dw8051_demo/golden,directory,,1,1,main-source-tree,原生SystemC测试,组件验证,gem5/src/systemc/tests,inherited-from-ancestor
gem5/src/systemc/tests/systemc/misc/sim_tests/hshake2,directory,,6,7,main-source-tree,原生SystemC测试,组件验证,gem5/src/systemc/tests,inherited-from-ancestor
gem5/src/systemc/tests/systemc/misc/sim_tests/hshake2/golden,directory,,1,1,main-source-tree,原生SystemC测试,组件验证,gem5/src/systemc/tests,inherited-from-ancestor
gem5/src/systemc/tests/systemc/misc/sim_tests/irq,directory,,1,2,main-source-tree,原生SystemC测试,组件验证,gem5/src/systemc/tests,inherited-from-ancestor
gem5/src/systemc/tests/systemc/misc/sim_tests/irq/golden,directory,,1,1,main-source-tree,原生SystemC测试,组件验证,gem5/src/systemc/tests,inherited-from-ancestor
gem5/src/systemc/tests/systemc/misc/sim_tests/manual_clock,directory,,2,3,main-source-tree,原生SystemC测试,组件验证,gem5/src/systemc/tests,inherited-from-ancestor
gem5/src/systemc/tests/systemc/misc/sim_tests/manual_clock/golden,directory,,1,1,main-source-tree,原生SystemC测试,组件验证,gem5/src/systemc/tests,inherited-from-ancestor
gem5/src/systemc/tests/systemc/misc/sim_tests/multtrans,directory,,0,2,main-source-tree,原生SystemC测试,组件验证,gem5/src/systemc/tests,inherited-from-ancestor
gem5/src/systemc/tests/systemc/misc/sim_tests/multtrans/multtrans0,directory,,1,2,main-source-tree,原生SystemC测试,组件验证,gem5/src/systemc/tests,inherited-from-ancestor
gem5/src/systemc/tests/systemc/misc/sim_tests/multtrans/multtrans0/golden,directory,,1,1,main-source-tree,原生SystemC测试,组件验证,gem5/src/systemc/tests,inherited-from-ancestor
gem5/src/systemc/tests/systemc/misc/sim_tests/new_prop,directory,,0,4,main-source-tree,原生SystemC测试,组件验证,gem5/src/systemc/tests,inherited-from-ancestor
gem5/src/systemc/tests/systemc/misc/sim_tests/new_prop/new_prop1,directory,,1,2,main-source-tree,原生SystemC测试,组件验证,gem5/src/systemc/tests,inherited-from-ancestor
gem5/src/systemc/tests/systemc/misc/sim_tests/new_prop/new_prop1/golden,directory,,1,1,main-source-tree,原生SystemC测试,组件验证,gem5/src/systemc/tests,inherited-from-ancestor
gem5/src/systemc/tests/systemc/misc/sim_tests/new_prop/new_prop2,directory,,1,2,main-source-tree,原生SystemC测试,组件验证,gem5/src/systemc/tests,inherited-from-ancestor
gem5/src/systemc/tests/systemc/misc/sim_tests/new_prop/new_prop2/golden,directory,,1,1,main-source-tree,原生SystemC测试,组件验证,gem5/src/systemc/tests,inherited-from-ancestor
gem5/src/systemc/tests/systemc/misc/sim_tests/popc,directory,,1,2,main-source-tree,原生SystemC测试,组件验证,gem5/src/systemc/tests,inherited-from-ancestor
gem5/src/systemc/tests/systemc/misc/sim_tests/popc/golden,directory,,1,1,main-source-tree,原生SystemC测试,组件验证,gem5/src/systemc/tests,inherited-from-ancestor
gem5/src/systemc/tests/systemc/misc/sim_tests/simple_cpu,directory,,4,5,main-source-tree,原生SystemC测试,组件验证,gem5/src/systemc/tests,inherited-from-ancestor
gem5/src/systemc/tests/systemc/misc/sim_tests/simple_cpu/golden,directory,,1,1,main-source-tree,原生SystemC测试,组件验证,gem5/src/systemc/tests,inherited-from-ancestor
gem5/src/systemc/tests/systemc/misc/sim_tests/srlatch,directory,,6,7,main-source-tree,原生SystemC测试,组件验证,gem5/src/systemc/tests,inherited-from-ancestor
gem5/src/systemc/tests/systemc/misc/sim_tests/srlatch/golden,directory,,1,1,main-source-tree,原生SystemC测试,组件验证,gem5/src/systemc/tests,inherited-from-ancestor
gem5/src/systemc/tests/systemc/misc/sim_tests/tri_state2,directory,,10,11,main-source-tree,原生SystemC测试,组件验证,gem5/src/systemc/tests,inherited-from-ancestor
gem5/src/systemc/tests/systemc/misc/sim_tests/tri_state2/golden,directory,,1,1,main-source-tree,原生SystemC测试,组件验证,gem5/src/systemc/tests,inherited-from-ancestor
gem5/src/systemc/tests/systemc/misc/stars,directory,,0,160,main-source-tree,原生SystemC测试,组件验证,gem5/src/systemc/tests,inherited-from-ancestor
gem5/src/systemc/tests/systemc/misc/stars/star102573,directory,,3,3,main-source-tree,原生SystemC测试,组件验证,gem5/src/systemc/tests,inherited-from-ancestor
gem5/src/systemc/tests/systemc/misc/stars/star102574,directory,,3,3,main-source-tree,原生SystemC测试,组件验证,gem5/src/systemc/tests,inherited-from-ancestor
gem5/src/systemc/tests/systemc/misc/stars/star103601-2,directory,,3,3,main-source-tree,原生SystemC测试,组件验证,gem5/src/systemc/tests,inherited-from-ancestor
gem5/src/systemc/tests/systemc/misc/stars/star103765,directory,,3,3,main-source-tree,原生SystemC测试,组件验证,gem5/src/systemc/tests,inherited-from-ancestor
gem5/src/systemc/tests/systemc/misc/stars/star103832,directory,,2,2,main-source-tree,原生SystemC测试,组件验证,gem5/src/systemc/tests,inherited-from-ancestor
gem5/src/systemc/tests/systemc/misc/stars/star104726,directory,,4,4,main-source-tree,原生SystemC测试,组件验证,gem5/src/systemc/tests,inherited-from-ancestor
gem5/src/systemc/tests/systemc/misc/stars/star105234,directory,,1,2,main-source-tree,原生SystemC测试,组件验证,gem5/src/systemc/tests,inherited-from-ancestor
gem5/src/systemc/tests/systemc/misc/stars/star105234/golden,directory,,1,1,main-source-tree,原生SystemC测试,组件验证,gem5/src/systemc/tests,inherited-from-ancestor
gem5/src/systemc/tests/systemc/misc/stars/star106015,directory,,3,3,main-source-tree,原生SystemC测试,组件验证,gem5/src/systemc/tests,inherited-from-ancestor
gem5/src/systemc/tests/systemc/misc/stars/star107460,directory,,1,2,main-source-tree,原生SystemC测试,组件验证,gem5/src/systemc/tests,inherited-from-ancestor
gem5/src/systemc/tests/systemc/misc/stars/star107460/golden,directory,,1,1,main-source-tree,原生SystemC测试,组件验证,gem5/src/systemc/tests,inherited-from-ancestor
gem5/src/systemc/tests/systemc/misc/stars/star107464,directory,,1,2,main-source-tree,原生SystemC测试,组件验证,gem5/src/systemc/tests,inherited-from-ancestor
gem5/src/systemc/tests/systemc/misc/stars/star107464/golden,directory,,1,1,main-source-tree,原生SystemC测试,组件验证,gem5/src/systemc/tests,inherited-from-ancestor
gem5/src/systemc/tests/systemc/misc/stars/star107468,directory,,1,2,main-source-tree,原生SystemC测试,组件验证,gem5/src/systemc/tests,inherited-from-ancestor
gem5/src/systemc/tests/systemc/misc/stars/star107468/golden,directory,,1,1,main-source-tree,原生SystemC测试,组件验证,gem5/src/systemc/tests,inherited-from-ancestor
gem5/src/systemc/tests/systemc/misc/stars/star107755,directory,,3,3,main-source-tree,原生SystemC测试,组件验证,gem5/src/systemc/tests,inherited-from-ancestor
gem5/src/systemc/tests/systemc/misc/stars/star108117,directory,,3,3,main-source-tree,原生SystemC测试,组件验证,gem5/src/systemc/tests,inherited-from-ancestor
gem5/src/systemc/tests/systemc/misc/stars/star108761,directory,,2,2,main-source-tree,原生SystemC测试,组件验证,gem5/src/systemc/tests,inherited-from-ancestor
gem5/src/systemc/tests/systemc/misc/stars/star109180,directory,,3,3,main-source-tree,原生SystemC测试,组件验证,gem5/src/systemc/tests,inherited-from-ancestor
gem5/src/systemc/tests/systemc/misc/stars/star109218,directory,,2,2,main-source-tree,原生SystemC测试,组件验证,gem5/src/systemc/tests,inherited-from-ancestor
gem5/src/systemc/tests/systemc/misc/stars/star109218-2,directory,,3,3,main-source-tree,原生SystemC测试,组件验证,gem5/src/systemc/tests,inherited-from-ancestor
gem5/src/systemc/tests/systemc/misc/stars/star109678,directory,,2,2,main-source-tree,原生SystemC测试,组件验证,gem5/src/systemc/tests,inherited-from-ancestor
gem5/src/systemc/tests/systemc/misc/stars/star110069,directory,,3,3,main-source-tree,原生SystemC测试,组件验证,gem5/src/systemc/tests,inherited-from-ancestor
gem5/src/systemc/tests/systemc/misc/stars/star110089,directory,,2,2,main-source-tree,原生SystemC测试,组件验证,gem5/src/systemc/tests,inherited-from-ancestor
gem5/src/systemc/tests/systemc/misc/stars/star110668,directory,,2,2,main-source-tree,原生SystemC测试,组件验证,gem5/src/systemc/tests,inherited-from-ancestor
gem5/src/systemc/tests/systemc/misc/stars/star110672,directory,,4,4,main-source-tree,原生SystemC测试,组件验证,gem5/src/systemc/tests,inherited-from-ancestor
gem5/src/systemc/tests/systemc/misc/stars/star110998,directory,,3,3,main-source-tree,原生SystemC测试,组件验证,gem5/src/systemc/tests,inherited-from-ancestor
gem5/src/systemc/tests/systemc/misc/stars/star111004,directory,,3,3,main-source-tree,原生SystemC测试,组件验证,gem5/src/systemc/tests,inherited-from-ancestor
gem5/src/systemc/tests/systemc/misc/stars/star111657,directory,,3,3,main-source-tree,原生SystemC测试,组件验证,gem5/src/systemc/tests,inherited-from-ancestor
gem5/src/systemc/tests/systemc/misc/stars/star113320,directory,,1,2,main-source-tree,原生SystemC测试,组件验证,gem5/src/systemc/tests,inherited-from-ancestor
gem5/src/systemc/tests/systemc/misc/stars/star113320/golden,directory,,1,1,main-source-tree,原生SystemC测试,组件验证,gem5/src/systemc/tests,inherited-from-ancestor
gem5/src/systemc/tests/systemc/misc/stars/star113321,directory,,1,2,main-source-tree,原生SystemC测试,组件验证,gem5/src/systemc/tests,inherited-from-ancestor
gem5/src/systemc/tests/systemc/misc/stars/star113321/golden,directory,,1,1,main-source-tree,原生SystemC测试,组件验证,gem5/src/systemc/tests,inherited-from-ancestor
gem5/src/systemc/tests/systemc/misc/stars/star113623,directory,,1,2,main-source-tree,原生SystemC测试,组件验证,gem5/src/systemc/tests,inherited-from-ancestor
gem5/src/systemc/tests/systemc/misc/stars/star113623/golden,directory,,1,1,main-source-tree,原生SystemC测试,组件验证,gem5/src/systemc/tests,inherited-from-ancestor
gem5/src/systemc/tests/systemc/misc/stars/star113632,directory,,1,2,main-source-tree,原生SystemC测试,组件验证,gem5/src/systemc/tests,inherited-from-ancestor
gem5/src/systemc/tests/systemc/misc/stars/star113632/golden,directory,,1,1,main-source-tree,原生SystemC测试,组件验证,gem5/src/systemc/tests,inherited-from-ancestor
gem5/src/systemc/tests/systemc/misc/stars/star113726,directory,,1,2,main-source-tree,原生SystemC测试,组件验证,gem5/src/systemc/tests,inherited-from-ancestor
gem5/src/systemc/tests/systemc/misc/stars/star113726/golden,directory,,1,1,main-source-tree,原生SystemC测试,组件验证,gem5/src/systemc/tests,inherited-from-ancestor
gem5/src/systemc/tests/systemc/misc/stars/star113946,directory,,1,2,main-source-tree,原生SystemC测试,组件验证,gem5/src/systemc/tests,inherited-from-ancestor
gem5/src/systemc/tests/systemc/misc/stars/star113946/golden,directory,,1,1,main-source-tree,原生SystemC测试,组件验证,gem5/src/systemc/tests,inherited-from-ancestor
gem5/src/systemc/tests/systemc/misc/stars/star113999,directory,,2,3,main-source-tree,原生SystemC测试,组件验证,gem5/src/systemc/tests,inherited-from-ancestor
gem5/src/systemc/tests/systemc/misc/stars/star113999/golden,directory,,1,1,main-source-tree,原生SystemC测试,组件验证,gem5/src/systemc/tests,inherited-from-ancestor
gem5/src/systemc/tests/systemc/misc/stars/star114085,directory,,1,2,main-source-tree,原生SystemC测试,组件验证,gem5/src/systemc/tests,inherited-from-ancestor
gem5/src/systemc/tests/systemc/misc/stars/star114085/golden,directory,,1,1,main-source-tree,原生SystemC测试,组件验证,gem5/src/systemc/tests,inherited-from-ancestor
gem5/src/systemc/tests/systemc/misc/stars/star114104,directory,,1,2,main-source-tree,原生SystemC测试,组件验证,gem5/src/systemc/tests,inherited-from-ancestor
gem5/src/systemc/tests/systemc/misc/stars/star114104/golden,directory,,1,1,main-source-tree,原生SystemC测试,组件验证,gem5/src/systemc/tests,inherited-from-ancestor
gem5/src/systemc/tests/systemc/misc/stars/star114203,directory,,1,2,main-source-tree,原生SystemC测试,组件验证,gem5/src/systemc/tests,inherited-from-ancestor
gem5/src/systemc/tests/systemc/misc/stars/star114203/golden,directory,,1,1,main-source-tree,原生SystemC测试,组件验证,gem5/src/systemc/tests,inherited-from-ancestor
gem5/src/systemc/tests/systemc/misc/stars/star114477,directory,,3,4,main-source-tree,原生SystemC测试,组件验证,gem5/src/systemc/tests,inherited-from-ancestor
gem5/src/systemc/tests/systemc/misc/stars/star114477/golden,directory,,1,1,main-source-tree,原生SystemC测试,组件验证,gem5/src/systemc/tests,inherited-from-ancestor
gem5/src/systemc/tests/systemc/misc/stars/star114566,directory,,1,2,main-source-tree,原生SystemC测试,组件验证,gem5/src/systemc/tests,inherited-from-ancestor
gem5/src/systemc/tests/systemc/misc/stars/star114566/golden,directory,,1,1,main-source-tree,原生SystemC测试,组件验证,gem5/src/systemc/tests,inherited-from-ancestor
gem5/src/systemc/tests/systemc/misc/stars/star114633,directory,,1,2,main-source-tree,原生SystemC测试,组件验证,gem5/src/systemc/tests,inherited-from-ancestor
gem5/src/systemc/tests/systemc/misc/stars/star114633/golden,directory,,1,1,main-source-tree,原生SystemC测试,组件验证,gem5/src/systemc/tests,inherited-from-ancestor
gem5/src/systemc/tests/systemc/misc/stars/star114639,directory,,1,2,main-source-tree,原生SystemC测试,组件验证,gem5/src/systemc/tests,inherited-from-ancestor
gem5/src/systemc/tests/systemc/misc/stars/star114639/golden,directory,,1,1,main-source-tree,原生SystemC测试,组件验证,gem5/src/systemc/tests,inherited-from-ancestor
gem5/src/systemc/tests/systemc/misc/stars/star114678,directory,,1,2,main-source-tree,原生SystemC测试,组件验证,gem5/src/systemc/tests,inherited-from-ancestor
gem5/src/systemc/tests/systemc/misc/stars/star114678/golden,directory,,1,1,main-source-tree,原生SystemC测试,组件验证,gem5/src/systemc/tests,inherited-from-ancestor
gem5/src/systemc/tests/systemc/misc/stars/star114716,directory,,1,2,main-source-tree,原生SystemC测试,组件验证,gem5/src/systemc/tests,inherited-from-ancestor
gem5/src/systemc/tests/systemc/misc/stars/star114716/golden,directory,,1,1,main-source-tree,原生SystemC测试,组件验证,gem5/src/systemc/tests,inherited-from-ancestor
gem5/src/systemc/tests/systemc/misc/stars/star115038,directory,,1,2,main-source-tree,原生SystemC测试,组件验证,gem5/src/systemc/tests,inherited-from-ancestor
gem5/src/systemc/tests/systemc/misc/stars/star115038/golden,directory,,1,1,main-source-tree,原生SystemC测试,组件验证,gem5/src/systemc/tests,inherited-from-ancestor
gem5/src/systemc/tests/systemc/misc/stars/star115165,directory,,2,3,main-source-tree,原生SystemC测试,组件验证,gem5/src/systemc/tests,inherited-from-ancestor
gem5/src/systemc/tests/systemc/misc/stars/star115165/golden,directory,,1,1,main-source-tree,原生SystemC测试,组件验证,gem5/src/systemc/tests,inherited-from-ancestor
gem5/src/systemc/tests/systemc/misc/stars/star116072,directory,,1,2,main-source-tree,原生SystemC测试,组件验证,gem5/src/systemc/tests,inherited-from-ancestor
gem5/src/systemc/tests/systemc/misc/stars/star116072/golden,directory,,1,1,main-source-tree,原生SystemC测试,组件验证,gem5/src/systemc/tests,inherited-from-ancestor
gem5/src/systemc/tests/systemc/misc/stars/star116406,directory,,1,2,main-source-tree,原生SystemC测试,组件验证,gem5/src/systemc/tests,inherited-from-ancestor
gem5/src/systemc/tests/systemc/misc/stars/star116406/golden,directory,,1,1,main-source-tree,原生SystemC测试,组件验证,gem5/src/systemc/tests,inherited-from-ancestor
gem5/src/systemc/tests/systemc/misc/stars/star116568,directory,,1,2,main-source-tree,原生SystemC测试,组件验证,gem5/src/systemc/tests,inherited-from-ancestor
gem5/src/systemc/tests/systemc/misc/stars/star116568/golden,directory,,1,1,main-source-tree,原生SystemC测试,组件验证,gem5/src/systemc/tests,inherited-from-ancestor
gem5/src/systemc/tests/systemc/misc/stars/star117831,directory,,1,2,main-source-tree,原生SystemC测试,组件验证,gem5/src/systemc/tests,inherited-from-ancestor
gem5/src/systemc/tests/systemc/misc/stars/star117831/golden,directory,,1,1,main-source-tree,原生SystemC测试,组件验证,gem5/src/systemc/tests,inherited-from-ancestor
gem5/src/systemc/tests/systemc/misc/stars/star123845,directory,,1,2,main-source-tree,原生SystemC测试,组件验证,gem5/src/systemc/tests,inherited-from-ancestor
gem5/src/systemc/tests/systemc/misc/stars/star123845/golden,directory,,1,1,main-source-tree,原生SystemC测试,组件验证,gem5/src/systemc/tests,inherited-from-ancestor
gem5/src/systemc/tests/systemc/misc/stars/star124010,directory,,1,2,main-source-tree,原生SystemC测试,组件验证,gem5/src/systemc/tests,inherited-from-ancestor
gem5/src/systemc/tests/systemc/misc/stars/star124010/golden,directory,,1,1,main-source-tree,原生SystemC测试,组件验证,gem5/src/systemc/tests,inherited-from-ancestor
gem5/src/systemc/tests/systemc/misc/stars/star125338,directory,,1,2,main-source-tree,原生SystemC测试,组件验证,gem5/src/systemc/tests,inherited-from-ancestor
gem5/src/systemc/tests/systemc/misc/stars/star125338/golden,directory,,1,1,main-source-tree,原生SystemC测试,组件验证,gem5/src/systemc/tests,inherited-from-ancestor
gem5/src/systemc/tests/systemc/misc/stars/star125412,directory,,1,2,main-source-tree,原生SystemC测试,组件验证,gem5/src/systemc/tests,inherited-from-ancestor
gem5/src/systemc/tests/systemc/misc/stars/star125412/golden,directory,,1,1,main-source-tree,原生SystemC测试,组件验证,gem5/src/systemc/tests,inherited-from-ancestor
gem5/src/systemc/tests/systemc/misc/stars/star125422,directory,,1,2,main-source-tree,原生SystemC测试,组件验证,gem5/src/systemc/tests,inherited-from-ancestor
gem5/src/systemc/tests/systemc/misc/stars/star125422/golden,directory,,1,1,main-source-tree,原生SystemC测试,组件验证,gem5/src/systemc/tests,inherited-from-ancestor
gem5/src/systemc/tests/systemc/misc/stars/star125788,directory,,1,2,main-source-tree,原生SystemC测试,组件验证,gem5/src/systemc/tests,inherited-from-ancestor
gem5/src/systemc/tests/systemc/misc/stars/star125788/golden,directory,,1,1,main-source-tree,原生SystemC测试,组件验证,gem5/src/systemc/tests,inherited-from-ancestor
gem5/src/systemc/tests/systemc/misc/stars/star126360,directory,,1,2,main-source-tree,原生SystemC测试,组件验证,gem5/src/systemc/tests,inherited-from-ancestor
gem5/src/systemc/tests/systemc/misc/stars/star126360/golden,directory,,1,1,main-source-tree,原生SystemC测试,组件验证,gem5/src/systemc/tests,inherited-from-ancestor
gem5/src/systemc/tests/systemc/misc/stars/star127536,directory,,1,2,main-source-tree,原生SystemC测试,组件验证,gem5/src/systemc/tests,inherited-from-ancestor
gem5/src/systemc/tests/systemc/misc/stars/star127536/golden,directory,,1,1,main-source-tree,原生SystemC测试,组件验证,gem5/src/systemc/tests,inherited-from-ancestor
gem5/src/systemc/tests/systemc/misc/stars/star127624,directory,,1,2,main-source-tree,原生SystemC测试,组件验证,gem5/src/systemc/tests,inherited-from-ancestor
gem5/src/systemc/tests/systemc/misc/stars/star127624/golden,directory,,1,1,main-source-tree,原生SystemC测试,组件验证,gem5/src/systemc/tests,inherited-from-ancestor
gem5/src/systemc/tests/systemc/misc/stars/star127712,directory,,1,2,main-source-tree,原生SystemC测试,组件验证,gem5/src/systemc/tests,inherited-from-ancestor
gem5/src/systemc/tests/systemc/misc/stars/star127712/golden,directory,,1,1,main-source-tree,原生SystemC测试,组件验证,gem5/src/systemc/tests,inherited-from-ancestor
gem5/src/systemc/tests/systemc/misc/stars/star127848,directory,,1,2,main-source-tree,原生SystemC测试,组件验证,gem5/src/systemc/tests,inherited-from-ancestor
gem5/src/systemc/tests/systemc/misc/stars/star127848/golden,directory,,1,1,main-source-tree,原生SystemC测试,组件验证,gem5/src/systemc/tests,inherited-from-ancestor
gem5/src/systemc/tests/systemc/misc/stars/star127914,directory,,1,2,main-source-tree,原生SystemC测试,组件验证,gem5/src/systemc/tests,inherited-from-ancestor
gem5/src/systemc/tests/systemc/misc/stars/star127914/golden,directory,,1,1,main-source-tree,原生SystemC测试,组件验证,gem5/src/systemc/tests,inherited-from-ancestor
gem5/src/systemc/tests/systemc/misc/stars/star129901,directory,,1,2,main-source-tree,原生SystemC测试,组件验证,gem5/src/systemc/tests,inherited-from-ancestor
gem5/src/systemc/tests/systemc/misc/stars/star129901/golden,directory,,1,1,main-source-tree,原生SystemC测试,组件验证,gem5/src/systemc/tests,inherited-from-ancestor
gem5/src/systemc/tests/systemc/misc/stars/star130782,directory,,1,2,main-source-tree,原生SystemC测试,组件验证,gem5/src/systemc/tests,inherited-from-ancestor
gem5/src/systemc/tests/systemc/misc/stars/star130782/golden,directory,,1,1,main-source-tree,原生SystemC测试,组件验证,gem5/src/systemc/tests,inherited-from-ancestor
gem5/src/systemc/tests/systemc/misc/stars/star130786,directory,,1,2,main-source-tree,原生SystemC测试,组件验证,gem5/src/systemc/tests,inherited-from-ancestor
gem5/src/systemc/tests/systemc/misc/stars/star130786/golden,directory,,1,1,main-source-tree,原生SystemC测试,组件验证,gem5/src/systemc/tests,inherited-from-ancestor
gem5/src/systemc/tests/systemc/misc/stars/star132075,directory,,1,2,main-source-tree,原生SystemC测试,组件验证,gem5/src/systemc/tests,inherited-from-ancestor
gem5/src/systemc/tests/systemc/misc/stars/star132075/golden,directory,,1,1,main-source-tree,原生SystemC测试,组件验证,gem5/src/systemc/tests,inherited-from-ancestor
gem5/src/systemc/tests/systemc/misc/stars/star132136,directory,,1,2,main-source-tree,原生SystemC测试,组件验证,gem5/src/systemc/tests,inherited-from-ancestor
gem5/src/systemc/tests/systemc/misc/stars/star132136/golden,directory,,1,1,main-source-tree,原生SystemC测试,组件验证,gem5/src/systemc/tests,inherited-from-ancestor
gem5/src/systemc/tests/systemc/misc/stars/star133377,directory,,1,2,main-source-tree,原生SystemC测试,组件验证,gem5/src/systemc/tests,inherited-from-ancestor
gem5/src/systemc/tests/systemc/misc/stars/star133377/golden,directory,,1,1,main-source-tree,原生SystemC测试,组件验证,gem5/src/systemc/tests,inherited-from-ancestor
gem5/src/systemc/tests/systemc/misc/stars/star135771,directory,,1,2,main-source-tree,原生SystemC测试,组件验证,gem5/src/systemc/tests,inherited-from-ancestor
gem5/src/systemc/tests/systemc/misc/stars/star135771/golden,directory,,1,1,main-source-tree,原生SystemC测试,组件验证,gem5/src/systemc/tests,inherited-from-ancestor
gem5/src/systemc/tests/systemc/misc/stars/star137040,directory,,1,2,main-source-tree,原生SystemC测试,组件验证,gem5/src/systemc/tests,inherited-from-ancestor
gem5/src/systemc/tests/systemc/misc/stars/star137040/golden,directory,,1,1,main-source-tree,原生SystemC测试,组件验证,gem5/src/systemc/tests,inherited-from-ancestor
gem5/src/systemc/tests/systemc/misc/stars/vcd_trace,directory,,0,2,main-source-tree,原生SystemC测试,组件验证,gem5/src/systemc/tests,inherited-from-ancestor
gem5/src/systemc/tests/systemc/misc/stars/vcd_trace/star126273,directory,,1,2,main-source-tree,原生SystemC测试,组件验证,gem5/src/systemc/tests,inherited-from-ancestor
gem5/src/systemc/tests/systemc/misc/stars/vcd_trace/star126273/golden,directory,,1,1,main-source-tree,原生SystemC测试,组件验证,gem5/src/systemc/tests,inherited-from-ancestor
gem5/src/systemc/tests/systemc/misc/stars/wif_trace,directory,,0,3,main-source-tree,原生SystemC测试,组件验证,gem5/src/systemc/tests,inherited-from-ancestor
gem5/src/systemc/tests/systemc/misc/stars/wif_trace/star115332,directory,,2,3,main-source-tree,原生SystemC测试,组件验证,gem5/src/systemc/tests,inherited-from-ancestor
gem5/src/systemc/tests/systemc/misc/stars/wif_trace/star115332/golden,directory,,1,1,main-source-tree,原生SystemC测试,组件验证,gem5/src/systemc/tests,inherited-from-ancestor
gem5/src/systemc/tests/systemc/misc/synth,directory,,0,631,main-source-tree,原生SystemC测试,组件验证,gem5/src/systemc/tests,inherited-from-ancestor
gem5/src/systemc/tests/systemc/misc/synth/add_chain,directory,,10,11,main-source-tree,原生SystemC测试,组件验证,gem5/src/systemc/tests,inherited-from-ancestor
gem5/src/systemc/tests/systemc/misc/synth/add_chain/golden,directory,,1,1,main-source-tree,原生SystemC测试,组件验证,gem5/src/systemc/tests,inherited-from-ancestor
gem5/src/systemc/tests/systemc/misc/synth/add_chain_FUNC,directory,,11,12,main-source-tree,原生SystemC测试,组件验证,gem5/src/systemc/tests,inherited-from-ancestor
gem5/src/systemc/tests/systemc/misc/synth/add_chain_FUNC/golden,directory,,1,1,main-source-tree,原生SystemC测试,组件验证,gem5/src/systemc/tests,inherited-from-ancestor
gem5/src/systemc/tests/systemc/misc/synth/blast,directory,,0,6,main-source-tree,原生SystemC测试,组件验证,gem5/src/systemc/tests,inherited-from-ancestor
gem5/src/systemc/tests/systemc/misc/synth/blast/blast1,directory,,1,2,main-source-tree,原生SystemC测试,组件验证,gem5/src/systemc/tests,inherited-from-ancestor
gem5/src/systemc/tests/systemc/misc/synth/blast/blast1/golden,directory,,1,1,main-source-tree,原生SystemC测试,组件验证,gem5/src/systemc/tests,inherited-from-ancestor
gem5/src/systemc/tests/systemc/misc/synth/blast/blast2,directory,,1,2,main-source-tree,原生SystemC测试,组件验证,gem5/src/systemc/tests,inherited-from-ancestor
gem5/src/systemc/tests/systemc/misc/synth/blast/blast2/golden,directory,,1,1,main-source-tree,原生SystemC测试,组件验证,gem5/src/systemc/tests,inherited-from-ancestor
gem5/src/systemc/tests/systemc/misc/synth/blast/blast3,directory,,1,2,main-source-tree,原生SystemC测试,组件验证,gem5/src/systemc/tests,inherited-from-ancestor
gem5/src/systemc/tests/systemc/misc/synth/blast/blast3/golden,directory,,1,1,main-source-tree,原生SystemC测试,组件验证,gem5/src/systemc/tests,inherited-from-ancestor
gem5/src/systemc/tests/systemc/misc/synth/bubble,directory,,6,7,main-source-tree,原生SystemC测试,组件验证,gem5/src/systemc/tests,inherited-from-ancestor
gem5/src/systemc/tests/systemc/misc/synth/bubble/golden,directory,,1,1,main-source-tree,原生SystemC测试,组件验证,gem5/src/systemc/tests,inherited-from-ancestor
gem5/src/systemc/tests/systemc/misc/synth/circle,directory,,4,5,main-source-tree,原生SystemC测试,组件验证,gem5/src/systemc/tests,inherited-from-ancestor
gem5/src/systemc/tests/systemc/misc/synth/circle/golden,directory,,1,1,main-source-tree,原生SystemC测试,组件验证,gem5/src/systemc/tests,inherited-from-ancestor
gem5/src/systemc/tests/systemc/misc/synth/combo,directory,,0,10,main-source-tree,原生SystemC测试,组件验证,gem5/src/systemc/tests,inherited-from-ancestor
gem5/src/systemc/tests/systemc/misc/synth/combo/share,directory,,1,2,main-source-tree,原生SystemC测试,组件验证,gem5/src/systemc/tests,inherited-from-ancestor
gem5/src/systemc/tests/systemc/misc/synth/combo/share/golden,directory,,1,1,main-source-tree,原生SystemC测试,组件验证,gem5/src/systemc/tests,inherited-from-ancestor
gem5/src/systemc/tests/systemc/misc/synth/combo/switch3,directory,,1,2,main-source-tree,原生SystemC测试,组件验证,gem5/src/systemc/tests,inherited-from-ancestor
gem5/src/systemc/tests/systemc/misc/synth/combo/switch3/golden,directory,,1,1,main-source-tree,原生SystemC测试,组件验证,gem5/src/systemc/tests,inherited-from-ancestor
gem5/src/systemc/tests/systemc/misc/synth/combo/switch4,directory,,1,2,main-source-tree,原生SystemC测试,组件验证,gem5/src/systemc/tests,inherited-from-ancestor
gem5/src/systemc/tests/systemc/misc/synth/combo/switch4/golden,directory,,1,1,main-source-tree,原生SystemC测试,组件验证,gem5/src/systemc/tests,inherited-from-ancestor
gem5/src/systemc/tests/systemc/misc/synth/combo/switch5,directory,,1,2,main-source-tree,原生SystemC测试,组件验证,gem5/src/systemc/tests,inherited-from-ancestor
gem5/src/systemc/tests/systemc/misc/synth/combo/switch5/golden,directory,,1,1,main-source-tree,原生SystemC测试,组件验证,gem5/src/systemc/tests,inherited-from-ancestor
gem5/src/systemc/tests/systemc/misc/synth/combo/switch6,directory,,1,2,main-source-tree,原生SystemC测试,组件验证,gem5/src/systemc/tests,inherited-from-ancestor
gem5/src/systemc/tests/systemc/misc/synth/combo/switch6/golden,directory,,1,1,main-source-tree,原生SystemC测试,组件验证,gem5/src/systemc/tests,inherited-from-ancestor
gem5/src/systemc/tests/systemc/misc/synth/concat,directory,,0,30,main-source-tree,原生SystemC测试,组件验证,gem5/src/systemc/tests,inherited-from-ancestor
gem5/src/systemc/tests/systemc/misc/synth/concat/fncall,directory,,9,10,main-source-tree,原生SystemC测试,组件验证,gem5/src/systemc/tests,inherited-from-ancestor
gem5/src/systemc/tests/systemc/misc/synth/concat/fncall/golden,directory,,1,1,main-source-tree,原生SystemC测试,组件验证,gem5/src/systemc/tests,inherited-from-ancestor
gem5/src/systemc/tests/systemc/misc/synth/concat/lvalue,directory,,9,10,main-source-tree,原生SystemC测试,组件验证,gem5/src/systemc/tests,inherited-from-ancestor
gem5/src/systemc/tests/systemc/misc/synth/concat/lvalue/golden,directory,,1,1,main-source-tree,原生SystemC测试,组件验证,gem5/src/systemc/tests,inherited-from-ancestor
gem5/src/systemc/tests/systemc/misc/synth/concat/rvalue,directory,,9,10,main-source-tree,原生SystemC测试,组件验证,gem5/src/systemc/tests,inherited-from-ancestor
gem5/src/systemc/tests/systemc/misc/synth/concat/rvalue/golden,directory,,1,1,main-source-tree,原生SystemC测试,组件验证,gem5/src/systemc/tests,inherited-from-ancestor
gem5/src/systemc/tests/systemc/misc/synth/directives,directory,,0,289,main-source-tree,原生SystemC测试,组件验证,gem5/src/systemc/tests,inherited-from-ancestor
gem5/src/systemc/tests/systemc/misc/synth/directives/line_label,directory,,0,100,main-source-tree,原生SystemC测试,组件验证,gem5/src/systemc/tests,inherited-from-ancestor
gem5/src/systemc/tests/systemc/misc/synth/directives/line_label/misc,directory,,0,9,main-source-tree,原生SystemC测试,组件验证,gem5/src/systemc/tests,inherited-from-ancestor
gem5/src/systemc/tests/systemc/misc/synth/directives/line_label/misc/test1,directory,,2,3,main-source-tree,原生SystemC测试,组件验证,gem5/src/systemc/tests,inherited-from-ancestor
gem5/src/systemc/tests/systemc/misc/synth/directives/line_label/misc/test1/golden,directory,,1,1,main-source-tree,原生SystemC测试,组件验证,gem5/src/systemc/tests,inherited-from-ancestor
gem5/src/systemc/tests/systemc/misc/synth/directives/line_label/misc/test2,directory,,2,3,main-source-tree,原生SystemC测试,组件验证,gem5/src/systemc/tests,inherited-from-ancestor
gem5/src/systemc/tests/systemc/misc/synth/directives/line_label/misc/test2/golden,directory,,1,1,main-source-tree,原生SystemC测试,组件验证,gem5/src/systemc/tests,inherited-from-ancestor
gem5/src/systemc/tests/systemc/misc/synth/directives/line_label/misc/test3,directory,,2,3,main-source-tree,原生SystemC测试,组件验证,gem5/src/systemc/tests,inherited-from-ancestor
gem5/src/systemc/tests/systemc/misc/synth/directives/line_label/misc/test3/golden,directory,,1,1,main-source-tree,原生SystemC测试,组件验证,gem5/src/systemc/tests,inherited-from-ancestor
gem5/src/systemc/tests/systemc/misc/synth/directives/line_label/test1,directory,,9,10,main-source-tree,原生SystemC测试,组件验证,gem5/src/systemc/tests,inherited-from-ancestor
gem5/src/systemc/tests/systemc/misc/synth/directives/line_label/test1/golden,directory,,1,1,main-source-tree,原生SystemC测试,组件验证,gem5/src/systemc/tests,inherited-from-ancestor
gem5/src/systemc/tests/systemc/misc/synth/directives/line_label/test2,directory,,9,10,main-source-tree,原生SystemC测试,组件验证,gem5/src/systemc/tests,inherited-from-ancestor
gem5/src/systemc/tests/systemc/misc/synth/directives/line_label/test2/golden,directory,,1,1,main-source-tree,原生SystemC测试,组件验证,gem5/src/systemc/tests,inherited-from-ancestor
gem5/src/systemc/tests/systemc/misc/synth/directives/line_label/test3,directory,,9,10,main-source-tree,原生SystemC测试,组件验证,gem5/src/systemc/tests,inherited-from-ancestor
gem5/src/systemc/tests/systemc/misc/synth/directives/line_label/test3/golden,directory,,1,1,main-source-tree,原生SystemC测试,组件验证,gem5/src/systemc/tests,inherited-from-ancestor
gem5/src/systemc/tests/systemc/misc/synth/directives/line_label/test4,directory,,9,10,main-source-tree,原生SystemC测试,组件验证,gem5/src/systemc/tests,inherited-from-ancestor
gem5/src/systemc/tests/systemc/misc/synth/directives/line_label/test4/golden,directory,,1,1,main-source-tree,原生SystemC测试,组件验证,gem5/src/systemc/tests,inherited-from-ancestor
gem5/src/systemc/tests/systemc/misc/synth/directives/line_label/test5,directory,,9,10,main-source-tree,原生SystemC测试,组件验证,gem5/src/systemc/tests,inherited-from-ancestor
gem5/src/systemc/tests/systemc/misc/synth/directives/line_label/test5/golden,directory,,1,1,main-source-tree,原生SystemC测试,组件验证,gem5/src/systemc/tests,inherited-from-ancestor
gem5/src/systemc/tests/systemc/misc/synth/directives/line_label/test6,directory,,9,10,main-source-tree,原生SystemC测试,组件验证,gem5/src/systemc/tests,inherited-from-ancestor
gem5/src/systemc/tests/systemc/misc/synth/directives/line_label/test6/golden,directory,,1,1,main-source-tree,原生SystemC测试,组件验证,gem5/src/systemc/tests,inherited-from-ancestor
gem5/src/systemc/tests/systemc/misc/synth/directives/line_label/test7,directory,,9,10,main-source-tree,原生SystemC测试,组件验证,gem5/src/systemc/tests,inherited-from-ancestor
gem5/src/systemc/tests/systemc/misc/synth/directives/line_label/test7/golden,directory,,1,1,main-source-tree,原生SystemC测试,组件验证,gem5/src/systemc/tests,inherited-from-ancestor
gem5/src/systemc/tests/systemc/misc/synth/directives/line_label/test8,directory,,10,11,main-source-tree,原生SystemC测试,组件验证,gem5/src/systemc/tests,inherited-from-ancestor
gem5/src/systemc/tests/systemc/misc/synth/directives/line_label/test8/golden,directory,,1,1,main-source-tree,原生SystemC测试,组件验证,gem5/src/systemc/tests,inherited-from-ancestor
gem5/src/systemc/tests/systemc/misc/synth/directives/line_label/test9,directory,,9,10,main-source-tree,原生SystemC测试,组件验证,gem5/src/systemc/tests,inherited-from-ancestor
gem5/src/systemc/tests/systemc/misc/synth/directives/line_label/test9/golden,directory,,1,1,main-source-tree,原生SystemC测试,组件验证,gem5/src/systemc/tests,inherited-from-ancestor
gem5/src/systemc/tests/systemc/misc/synth/directives/misc,directory,,0,70,main-source-tree,原生SystemC测试,组件验证,gem5/src/systemc/tests,inherited-from-ancestor
gem5/src/systemc/tests/systemc/misc/synth/directives/misc/test1,directory,,9,10,main-source-tree,原生SystemC测试,组件验证,gem5/src/systemc/tests,inherited-from-ancestor
gem5/src/systemc/tests/systemc/misc/synth/directives/misc/test1/golden,directory,,1,1,main-source-tree,原生SystemC测试,组件验证,gem5/src/systemc/tests,inherited-from-ancestor
gem5/src/systemc/tests/systemc/misc/synth/directives/misc/test2,directory,,9,10,main-source-tree,原生SystemC测试,组件验证,gem5/src/systemc/tests,inherited-from-ancestor
gem5/src/systemc/tests/systemc/misc/synth/directives/misc/test2/golden,directory,,1,1,main-source-tree,原生SystemC测试,组件验证,gem5/src/systemc/tests,inherited-from-ancestor
gem5/src/systemc/tests/systemc/misc/synth/directives/misc/test3,directory,,9,10,main-source-tree,原生SystemC测试,组件验证,gem5/src/systemc/tests,inherited-from-ancestor
gem5/src/systemc/tests/systemc/misc/synth/directives/misc/test3/golden,directory,,1,1,main-source-tree,原生SystemC测试,组件验证,gem5/src/systemc/tests,inherited-from-ancestor
gem5/src/systemc/tests/systemc/misc/synth/directives/misc/test4,directory,,9,10,main-source-tree,原生SystemC测试,组件验证,gem5/src/systemc/tests,inherited-from-ancestor
gem5/src/systemc/tests/systemc/misc/synth/directives/misc/test4/golden,directory,,1,1,main-source-tree,原生SystemC测试,组件验证,gem5/src/systemc/tests,inherited-from-ancestor
gem5/src/systemc/tests/systemc/misc/synth/directives/misc/test5,directory,,9,10,main-source-tree,原生SystemC测试,组件验证,gem5/src/systemc/tests,inherited-from-ancestor
gem5/src/systemc/tests/systemc/misc/synth/directives/misc/test5/golden,directory,,1,1,main-source-tree,原生SystemC测试,组件验证,gem5/src/systemc/tests,inherited-from-ancestor
gem5/src/systemc/tests/systemc/misc/synth/directives/misc/test6,directory,,9,10,main-source-tree,原生SystemC测试,组件验证,gem5/src/systemc/tests,inherited-from-ancestor
gem5/src/systemc/tests/systemc/misc/synth/directives/misc/test6/golden,directory,,1,1,main-source-tree,原生SystemC测试,组件验证,gem5/src/systemc/tests,inherited-from-ancestor
gem5/src/systemc/tests/systemc/misc/synth/directives/misc/test7,directory,,9,10,main-source-tree,原生SystemC测试,组件验证,gem5/src/systemc/tests,inherited-from-ancestor
gem5/src/systemc/tests/systemc/misc/synth/directives/misc/test7/golden,directory,,1,1,main-source-tree,原生SystemC测试,组件验证,gem5/src/systemc/tests,inherited-from-ancestor
gem5/src/systemc/tests/systemc/misc/synth/directives/resource,directory,,0,69,main-source-tree,原生SystemC测试,组件验证,gem5/src/systemc/tests,inherited-from-ancestor
gem5/src/systemc/tests/systemc/misc/synth/directives/resource/misc,directory,,0,9,main-source-tree,原生SystemC测试,组件验证,gem5/src/systemc/tests,inherited-from-ancestor
gem5/src/systemc/tests/systemc/misc/synth/directives/resource/misc/test1,directory,,2,3,main-source-tree,原生SystemC测试,组件验证,gem5/src/systemc/tests,inherited-from-ancestor
gem5/src/systemc/tests/systemc/misc/synth/directives/resource/misc/test1/golden,directory,,1,1,main-source-tree,原生SystemC测试,组件验证,gem5/src/systemc/tests,inherited-from-ancestor
gem5/src/systemc/tests/systemc/misc/synth/directives/resource/misc/test2,directory,,2,3,main-source-tree,原生SystemC测试,组件验证,gem5/src/systemc/tests,inherited-from-ancestor
gem5/src/systemc/tests/systemc/misc/synth/directives/resource/misc/test2/golden,directory,,1,1,main-source-tree,原生SystemC测试,组件验证,gem5/src/systemc/tests,inherited-from-ancestor
gem5/src/systemc/tests/systemc/misc/synth/directives/resource/misc/test3,directory,,2,3,main-source-tree,原生SystemC测试,组件验证,gem5/src/systemc/tests,inherited-from-ancestor
gem5/src/systemc/tests/systemc/misc/synth/directives/resource/misc/test3/golden,directory,,1,1,main-source-tree,原生SystemC测试,组件验证,gem5/src/systemc/tests,inherited-from-ancestor
gem5/src/systemc/tests/systemc/misc/synth/directives/resource/test1,directory,,9,10,main-source-tree,原生SystemC测试,组件验证,gem5/src/systemc/tests,inherited-from-ancestor
gem5/src/systemc/tests/systemc/misc/synth/directives/resource/test1/golden,directory,,1,1,main-source-tree,原生SystemC测试,组件验证,gem5/src/systemc/tests,inherited-from-ancestor
gem5/src/systemc/tests/systemc/misc/synth/directives/resource/test2,directory,,9,10,main-source-tree,原生SystemC测试,组件验证,gem5/src/systemc/tests,inherited-from-ancestor
gem5/src/systemc/tests/systemc/misc/synth/directives/resource/test2/golden,directory,,1,1,main-source-tree,原生SystemC测试,组件验证,gem5/src/systemc/tests,inherited-from-ancestor
gem5/src/systemc/tests/systemc/misc/synth/directives/resource/test3,directory,,9,10,main-source-tree,原生SystemC测试,组件验证,gem5/src/systemc/tests,inherited-from-ancestor
gem5/src/systemc/tests/systemc/misc/synth/directives/resource/test3/golden,directory,,1,1,main-source-tree,原生SystemC测试,组件验证,gem5/src/systemc/tests,inherited-from-ancestor
gem5/src/systemc/tests/systemc/misc/synth/directives/resource/test4,directory,,9,10,main-source-tree,原生SystemC测试,组件验证,gem5/src/systemc/tests,inherited-from-ancestor
gem5/src/systemc/tests/systemc/misc/synth/directives/resource/test4/golden,directory,,1,1,main-source-tree,原生SystemC测试,组件验证,gem5/src/systemc/tests,inherited-from-ancestor
gem5/src/systemc/tests/systemc/misc/synth/directives/resource/test5,directory,,9,10,main-source-tree,原生SystemC测试,组件验证,gem5/src/systemc/tests,inherited-from-ancestor
gem5/src/systemc/tests/systemc/misc/synth/directives/resource/test5/golden,directory,,1,1,main-source-tree,原生SystemC测试,组件验证,gem5/src/systemc/tests,inherited-from-ancestor
gem5/src/systemc/tests/systemc/misc/synth/directives/resource/test6,directory,,9,10,main-source-tree,原生SystemC测试,组件验证,gem5/src/systemc/tests,inherited-from-ancestor
gem5/src/systemc/tests/systemc/misc/synth/directives/resource/test6/golden,directory,,1,1,main-source-tree,原生SystemC测试,组件验证,gem5/src/systemc/tests,inherited-from-ancestor
gem5/src/systemc/tests/systemc/misc/synth/directives/translate_on,directory,,0,50,main-source-tree,原生SystemC测试,组件验证,gem5/src/systemc/tests,inherited-from-ancestor
gem5/src/systemc/tests/systemc/misc/synth/directives/translate_on/test1,directory,,9,10,main-source-tree,原生SystemC测试,组件验证,gem5/src/systemc/tests,inherited-from-ancestor
gem5/src/systemc/tests/systemc/misc/synth/directives/translate_on/test1/golden,directory,,1,1,main-source-tree,原生SystemC测试,组件验证,gem5/src/systemc/tests,inherited-from-ancestor
gem5/src/systemc/tests/systemc/misc/synth/directives/translate_on/test2,directory,,9,10,main-source-tree,原生SystemC测试,组件验证,gem5/src/systemc/tests,inherited-from-ancestor
gem5/src/systemc/tests/systemc/misc/synth/directives/translate_on/test2/golden,directory,,1,1,main-source-tree,原生SystemC测试,组件验证,gem5/src/systemc/tests,inherited-from-ancestor
gem5/src/systemc/tests/systemc/misc/synth/directives/translate_on/test3,directory,,9,10,main-source-tree,原生SystemC测试,组件验证,gem5/src/systemc/tests,inherited-from-ancestor
gem5/src/systemc/tests/systemc/misc/synth/directives/translate_on/test3/golden,directory,,1,1,main-source-tree,原生SystemC测试,组件验证,gem5/src/systemc/tests,inherited-from-ancestor
gem5/src/systemc/tests/systemc/misc/synth/directives/translate_on/test4,directory,,9,10,main-source-tree,原生SystemC测试,组件验证,gem5/src/systemc/tests,inherited-from-ancestor
gem5/src/systemc/tests/systemc/misc/synth/directives/translate_on/test4/golden,directory,,1,1,main-source-tree,原生SystemC测试,组件验证,gem5/src/systemc/tests,inherited-from-ancestor
gem5/src/systemc/tests/systemc/misc/synth/directives/translate_on/test5,directory,,9,10,main-source-tree,原生SystemC测试,组件验证,gem5/src/systemc/tests,inherited-from-ancestor
gem5/src/systemc/tests/systemc/misc/synth/directives/translate_on/test5/golden,directory,,1,1,main-source-tree,原生SystemC测试,组件验证,gem5/src/systemc/tests,inherited-from-ancestor
gem5/src/systemc/tests/systemc/misc/synth/gcd,directory,,1,2,main-source-tree,原生SystemC测试,组件验证,gem5/src/systemc/tests,inherited-from-ancestor
gem5/src/systemc/tests/systemc/misc/synth/gcd/golden,directory,,1,1,main-source-tree,原生SystemC测试,组件验证,gem5/src/systemc/tests,inherited-from-ancestor
gem5/src/systemc/tests/systemc/misc/synth/inlining,directory,,0,48,main-source-tree,原生SystemC测试,组件验证,gem5/src/systemc/tests,inherited-from-ancestor
gem5/src/systemc/tests/systemc/misc/synth/inlining/test1,directory,,7,8,main-source-tree,原生SystemC测试,组件验证,gem5/src/systemc/tests,inherited-from-ancestor
gem5/src/systemc/tests/systemc/misc/synth/inlining/test1/golden,directory,,1,1,main-source-tree,原生SystemC测试,组件验证,gem5/src/systemc/tests,inherited-from-ancestor
gem5/src/systemc/tests/systemc/misc/synth/inlining/test2,directory,,7,8,main-source-tree,原生SystemC测试,组件验证,gem5/src/systemc/tests,inherited-from-ancestor
gem5/src/systemc/tests/systemc/misc/synth/inlining/test2/golden,directory,,1,1,main-source-tree,原生SystemC测试,组件验证,gem5/src/systemc/tests,inherited-from-ancestor
gem5/src/systemc/tests/systemc/misc/synth/inlining/test3,directory,,7,8,main-source-tree,原生SystemC测试,组件验证,gem5/src/systemc/tests,inherited-from-ancestor
gem5/src/systemc/tests/systemc/misc/synth/inlining/test3/golden,directory,,1,1,main-source-tree,原生SystemC测试,组件验证,gem5/src/systemc/tests,inherited-from-ancestor
gem5/src/systemc/tests/systemc/misc/synth/inlining/test4,directory,,7,8,main-source-tree,原生SystemC测试,组件验证,gem5/src/systemc/tests,inherited-from-ancestor
gem5/src/systemc/tests/systemc/misc/synth/inlining/test4/golden,directory,,1,1,main-source-tree,原生SystemC测试,组件验证,gem5/src/systemc/tests,inherited-from-ancestor
gem5/src/systemc/tests/systemc/misc/synth/inlining/test5,directory,,7,8,main-source-tree,原生SystemC测试,组件验证,gem5/src/systemc/tests,inherited-from-ancestor
gem5/src/systemc/tests/systemc/misc/synth/inlining/test5/golden,directory,,1,1,main-source-tree,原生SystemC测试,组件验证,gem5/src/systemc/tests,inherited-from-ancestor
gem5/src/systemc/tests/systemc/misc/synth/inlining/test6,directory,,7,8,main-source-tree,原生SystemC测试,组件验证,gem5/src/systemc/tests,inherited-from-ancestor
gem5/src/systemc/tests/systemc/misc/synth/inlining/test6/golden,directory,,1,1,main-source-tree,原生SystemC测试,组件验证,gem5/src/systemc/tests,inherited-from-ancestor
gem5/src/systemc/tests/systemc/misc/synth/prime_flag,directory,,9,10,main-source-tree,原生SystemC测试,组件验证,gem5/src/systemc/tests,inherited-from-ancestor
gem5/src/systemc/tests/systemc/misc/synth/prime_flag/golden,directory,,1,1,main-source-tree,原生SystemC测试,组件验证,gem5/src/systemc/tests,inherited-from-ancestor
gem5/src/systemc/tests/systemc/misc/synth/reduce,directory,,1,2,main-source-tree,原生SystemC测试,组件验证,gem5/src/systemc/tests,inherited-from-ancestor
gem5/src/systemc/tests/systemc/misc/synth/reduce/golden,directory,,1,1,main-source-tree,原生SystemC测试,组件验证,gem5/src/systemc/tests,inherited-from-ancestor
gem5/src/systemc/tests/systemc/misc/synth/scflow,directory,,0,5,main-source-tree,原生SystemC测试,组件验证,gem5/src/systemc/tests,inherited-from-ancestor
gem5/src/systemc/tests/systemc/misc/synth/scflow/t,directory,,4,5,main-source-tree,原生SystemC测试,组件验证,gem5/src/systemc/tests,inherited-from-ancestor
gem5/src/systemc/tests/systemc/misc/synth/scflow/t/golden,directory,,1,1,main-source-tree,原生SystemC测试,组件验证,gem5/src/systemc/tests,inherited-from-ancestor
gem5/src/systemc/tests/systemc/misc/synth/synth-1.0,directory,,0,2,main-source-tree,原生SystemC测试,组件验证,gem5/src/systemc/tests,inherited-from-ancestor
gem5/src/systemc/tests/systemc/misc/synth/synth-1.0/gcd,directory,,1,2,main-source-tree,原生SystemC测试,组件验证,gem5/src/systemc/tests,inherited-from-ancestor
gem5/src/systemc/tests/systemc/misc/synth/synth-1.0/gcd/golden,directory,,1,1,main-source-tree,原生SystemC测试,组件验证,gem5/src/systemc/tests,inherited-from-ancestor
gem5/src/systemc/tests/systemc/misc/synth/synth_gnats,directory,,0,6,main-source-tree,原生SystemC测试,组件验证,gem5/src/systemc/tests,inherited-from-ancestor
gem5/src/systemc/tests/systemc/misc/synth/synth_gnats/pr-207,directory,,0,6,main-source-tree,原生SystemC测试,组件验证,gem5/src/systemc/tests,inherited-from-ancestor
gem5/src/systemc/tests/systemc/misc/synth/synth_gnats/pr-207/pr-207_blast,directory,,1,2,main-source-tree,原生SystemC测试,组件验证,gem5/src/systemc/tests,inherited-from-ancestor
gem5/src/systemc/tests/systemc/misc/synth/synth_gnats/pr-207/pr-207_blast/golden,directory,,1,1,main-source-tree,原生SystemC测试,组件验证,gem5/src/systemc/tests,inherited-from-ancestor
gem5/src/systemc/tests/systemc/misc/synth/synth_gnats/pr-207/pr-207_mem,directory,,1,2,main-source-tree,原生SystemC测试,组件验证,gem5/src/systemc/tests,inherited-from-ancestor
gem5/src/systemc/tests/systemc/misc/synth/synth_gnats/pr-207/pr-207_mem/golden,directory,,1,1,main-source-tree,原生SystemC测试,组件验证,gem5/src/systemc/tests,inherited-from-ancestor
gem5/src/systemc/tests/systemc/misc/synth/synth_gnats/pr-207/pr-207_rf,directory,,1,2,main-source-tree,原生SystemC测试,组件验证,gem5/src/systemc/tests,inherited-from-ancestor
gem5/src/systemc/tests/systemc/misc/synth/synth_gnats/pr-207/pr-207_rf/golden,directory,,1,1,main-source-tree,原生SystemC测试,组件验证,gem5/src/systemc/tests,inherited-from-ancestor
gem5/src/systemc/tests/systemc/misc/synth/wait_until,directory,,0,186,main-source-tree,原生SystemC测试,组件验证,gem5/src/systemc/tests,inherited-from-ancestor
gem5/src/systemc/tests/systemc/misc/synth/wait_until/misc,directory,,0,18,main-source-tree,原生SystemC测试,组件验证,gem5/src/systemc/tests,inherited-from-ancestor
gem5/src/systemc/tests/systemc/misc/synth/wait_until/misc/test1,directory,,2,3,main-source-tree,原生SystemC测试,组件验证,gem5/src/systemc/tests,inherited-from-ancestor
gem5/src/systemc/tests/systemc/misc/synth/wait_until/misc/test1/golden,directory,,1,1,main-source-tree,原生SystemC测试,组件验证,gem5/src/systemc/tests,inherited-from-ancestor
gem5/src/systemc/tests/systemc/misc/synth/wait_until/misc/test2,directory,,2,3,main-source-tree,原生SystemC测试,组件验证,gem5/src/systemc/tests,inherited-from-ancestor
gem5/src/systemc/tests/systemc/misc/synth/wait_until/misc/test2/golden,directory,,1,1,main-source-tree,原生SystemC测试,组件验证,gem5/src/systemc/tests,inherited-from-ancestor
gem5/src/systemc/tests/systemc/misc/synth/wait_until/misc/test3,directory,,2,3,main-source-tree,原生SystemC测试,组件验证,gem5/src/systemc/tests,inherited-from-ancestor
gem5/src/systemc/tests/systemc/misc/synth/wait_until/misc/test3/golden,directory,,1,1,main-source-tree,原生SystemC测试,组件验证,gem5/src/systemc/tests,inherited-from-ancestor
gem5/src/systemc/tests/systemc/misc/synth/wait_until/misc/test4,directory,,2,3,main-source-tree,原生SystemC测试,组件验证,gem5/src/systemc/tests,inherited-from-ancestor
gem5/src/systemc/tests/systemc/misc/synth/wait_until/misc/test4/golden,directory,,1,1,main-source-tree,原生SystemC测试,组件验证,gem5/src/systemc/tests,inherited-from-ancestor
gem5/src/systemc/tests/systemc/misc/synth/wait_until/misc/test5,directory,,2,3,main-source-tree,原生SystemC测试,组件验证,gem5/src/systemc/tests,inherited-from-ancestor
gem5/src/systemc/tests/systemc/misc/synth/wait_until/misc/test5/golden,directory,,1,1,main-source-tree,原生SystemC测试,组件验证,gem5/src/systemc/tests,inherited-from-ancestor
gem5/src/systemc/tests/systemc/misc/synth/wait_until/misc/test6,directory,,2,3,main-source-tree,原生SystemC测试,组件验证,gem5/src/systemc/tests,inherited-from-ancestor
gem5/src/systemc/tests/systemc/misc/synth/wait_until/misc/test6/golden,directory,,1,1,main-source-tree,原生SystemC测试,组件验证,gem5/src/systemc/tests,inherited-from-ancestor
gem5/src/systemc/tests/systemc/misc/synth/wait_until/test01,directory,,7,8,main-source-tree,原生SystemC测试,组件验证,gem5/src/systemc/tests,inherited-from-ancestor
gem5/src/systemc/tests/systemc/misc/synth/wait_until/test01/golden,directory,,1,1,main-source-tree,原生SystemC测试,组件验证,gem5/src/systemc/tests,inherited-from-ancestor
gem5/src/systemc/tests/systemc/misc/synth/wait_until/test02,directory,,9,10,main-source-tree,原生SystemC测试,组件验证,gem5/src/systemc/tests,inherited-from-ancestor
gem5/src/systemc/tests/systemc/misc/synth/wait_until/test02/golden,directory,,1,1,main-source-tree,原生SystemC测试,组件验证,gem5/src/systemc/tests,inherited-from-ancestor
gem5/src/systemc/tests/systemc/misc/synth/wait_until/test03,directory,,9,10,main-source-tree,原生SystemC测试,组件验证,gem5/src/systemc/tests,inherited-from-ancestor
gem5/src/systemc/tests/systemc/misc/synth/wait_until/test03/golden,directory,,1,1,main-source-tree,原生SystemC测试,组件验证,gem5/src/systemc/tests,inherited-from-ancestor
gem5/src/systemc/tests/systemc/misc/synth/wait_until/test04,directory,,9,10,main-source-tree,原生SystemC测试,组件验证,gem5/src/systemc/tests,inherited-from-ancestor
gem5/src/systemc/tests/systemc/misc/synth/wait_until/test04/golden,directory,,1,1,main-source-tree,原生SystemC测试,组件验证,gem5/src/systemc/tests,inherited-from-ancestor
gem5/src/systemc/tests/systemc/misc/synth/wait_until/test05,directory,,9,10,main-source-tree,原生SystemC测试,组件验证,gem5/src/systemc/tests,inherited-from-ancestor
gem5/src/systemc/tests/systemc/misc/synth/wait_until/test05/golden,directory,,1,1,main-source-tree,原生SystemC测试,组件验证,gem5/src/systemc/tests,inherited-from-ancestor
gem5/src/systemc/tests/systemc/misc/synth/wait_until/test06,directory,,9,10,main-source-tree,原生SystemC测试,组件验证,gem5/src/systemc/tests,inherited-from-ancestor
gem5/src/systemc/tests/systemc/misc/synth/wait_until/test06/golden,directory,,1,1,main-source-tree,原生SystemC测试,组件验证,gem5/src/systemc/tests,inherited-from-ancestor
gem5/src/systemc/tests/systemc/misc/synth/wait_until/test07,directory,,9,10,main-source-tree,原生SystemC测试,组件验证,gem5/src/systemc/tests,inherited-from-ancestor
gem5/src/systemc/tests/systemc/misc/synth/wait_until/test07/golden,directory,,1,1,main-source-tree,原生SystemC测试,组件验证,gem5/src/systemc/tests,inherited-from-ancestor
gem5/src/systemc/tests/systemc/misc/synth/wait_until/test08,directory,,9,10,main-source-tree,原生SystemC测试,组件验证,gem5/src/systemc/tests,inherited-from-ancestor
gem5/src/systemc/tests/systemc/misc/synth/wait_until/test08/golden,directory,,1,1,main-source-tree,原生SystemC测试,组件验证,gem5/src/systemc/tests,inherited-from-ancestor
gem5/src/systemc/tests/systemc/misc/synth/wait_until/test09,directory,,9,10,main-source-tree,原生SystemC测试,组件验证,gem5/src/systemc/tests,inherited-from-ancestor
gem5/src/systemc/tests/systemc/misc/synth/wait_until/test09/golden,directory,,1,1,main-source-tree,原生SystemC测试,组件验证,gem5/src/systemc/tests,inherited-from-ancestor
gem5/src/systemc/tests/systemc/misc/synth/wait_until/test10,directory,,9,10,main-source-tree,原生SystemC测试,组件验证,gem5/src/systemc/tests,inherited-from-ancestor
gem5/src/systemc/tests/systemc/misc/synth/wait_until/test10/golden,directory,,1,1,main-source-tree,原生SystemC测试,组件验证,gem5/src/systemc/tests,inherited-from-ancestor
gem5/src/systemc/tests/systemc/misc/synth/wait_until/test11,directory,,9,10,main-source-tree,原生SystemC测试,组件验证,gem5/src/systemc/tests,inherited-from-ancestor
gem5/src/systemc/tests/systemc/misc/synth/wait_until/test11/golden,directory,,1,1,main-source-tree,原生SystemC测试,组件验证,gem5/src/systemc/tests,inherited-from-ancestor
gem5/src/systemc/tests/systemc/misc/synth/wait_until/test12,directory,,9,10,main-source-tree,原生SystemC测试,组件验证,gem5/src/systemc/tests,inherited-from-ancestor
gem5/src/systemc/tests/systemc/misc/synth/wait_until/test12/golden,directory,,1,1,main-source-tree,原生SystemC测试,组件验证,gem5/src/systemc/tests,inherited-from-ancestor
gem5/src/systemc/tests/systemc/misc/synth/wait_until/test13,directory,,9,10,main-source-tree,原生SystemC测试,组件验证,gem5/src/systemc/tests,inherited-from-ancestor
gem5/src/systemc/tests/systemc/misc/synth/wait_until/test13/golden,directory,,1,1,main-source-tree,原生SystemC测试,组件验证,gem5/src/systemc/tests,inherited-from-ancestor
gem5/src/systemc/tests/systemc/misc/synth/wait_until/test14,directory,,9,10,main-source-tree,原生SystemC测试,组件验证,gem5/src/systemc/tests,inherited-from-ancestor
gem5/src/systemc/tests/systemc/misc/synth/wait_until/test14/golden,directory,,1,1,main-source-tree,原生SystemC测试,组件验证,gem5/src/systemc/tests,inherited-from-ancestor
gem5/src/systemc/tests/systemc/misc/synth/wait_until/test15,directory,,9,10,main-source-tree,原生SystemC测试,组件验证,gem5/src/systemc/tests,inherited-from-ancestor
gem5/src/systemc/tests/systemc/misc/synth/wait_until/test15/golden,directory,,1,1,main-source-tree,原生SystemC测试,组件验证,gem5/src/systemc/tests,inherited-from-ancestor
gem5/src/systemc/tests/systemc/misc/synth/wait_until/test16,directory,,9,10,main-source-tree,原生SystemC测试,组件验证,gem5/src/systemc/tests,inherited-from-ancestor
gem5/src/systemc/tests/systemc/misc/synth/wait_until/test16/golden,directory,,1,1,main-source-tree,原生SystemC测试,组件验证,gem5/src/systemc/tests,inherited-from-ancestor
gem5/src/systemc/tests/systemc/misc/synth/wait_until/test17,directory,,9,10,main-source-tree,原生SystemC测试,组件验证,gem5/src/systemc/tests,inherited-from-ancestor
gem5/src/systemc/tests/systemc/misc/synth/wait_until/test17/golden,directory,,1,1,main-source-tree,原生SystemC测试,组件验证,gem5/src/systemc/tests,inherited-from-ancestor
gem5/src/systemc/tests/systemc/misc/systemc_header,directory,,0,2,main-source-tree,原生SystemC测试,组件验证,gem5/src/systemc/tests,inherited-from-ancestor
gem5/src/systemc/tests/systemc/misc/systemc_header/test01,directory,,1,2,main-source-tree,原生SystemC测试,组件验证,gem5/src/systemc/tests,inherited-from-ancestor
gem5/src/systemc/tests/systemc/misc/systemc_header/test01/golden,directory,,1,1,main-source-tree,原生SystemC测试,组件验证,gem5/src/systemc/tests,inherited-from-ancestor
gem5/src/systemc/tests/systemc/misc/unit,directory,,0,409,main-source-tree,原生SystemC测试,组件验证,gem5/src/systemc/tests,inherited-from-ancestor
gem5/src/systemc/tests/systemc/misc/unit/alg_simp,directory,,0,4,main-source-tree,原生SystemC测试,组件验证,gem5/src/systemc/tests,inherited-from-ancestor
gem5/src/systemc/tests/systemc/misc/unit/alg_simp/rule10,directory,,0,4,main-source-tree,原生SystemC测试,组件验证,gem5/src/systemc/tests,inherited-from-ancestor
gem5/src/systemc/tests/systemc/misc/unit/alg_simp/rule10/test2,directory,,0,4,main-source-tree,原生SystemC测试,组件验证,gem5/src/systemc/tests,inherited-from-ancestor
gem5/src/systemc/tests/systemc/misc/unit/alg_simp/rule10/test2/test2_imp,directory,,2,2,main-source-tree,原生SystemC测试,组件验证,gem5/src/systemc/tests,inherited-from-ancestor
gem5/src/systemc/tests/systemc/misc/unit/alg_simp/rule10/test2/test2_ref,directory,,2,2,main-source-tree,原生SystemC测试,组件验证,gem5/src/systemc/tests,inherited-from-ancestor
gem5/src/systemc/tests/systemc/misc/unit/aproc_halt,directory,,0,6,main-source-tree,原生SystemC测试,组件验证,gem5/src/systemc/tests,inherited-from-ancestor
gem5/src/systemc/tests/systemc/misc/unit/aproc_halt/disaproc1,directory,,1,2,main-source-tree,原生SystemC测试,组件验证,gem5/src/systemc/tests,inherited-from-ancestor
gem5/src/systemc/tests/systemc/misc/unit/aproc_halt/disaproc1/golden,directory,,1,1,main-source-tree,原生SystemC测试,组件验证,gem5/src/systemc/tests,inherited-from-ancestor
gem5/src/systemc/tests/systemc/misc/unit/aproc_halt/disaproc2,directory,,1,2,main-source-tree,原生SystemC测试,组件验证,gem5/src/systemc/tests,inherited-from-ancestor
gem5/src/systemc/tests/systemc/misc/unit/aproc_halt/disaproc2/golden,directory,,1,1,main-source-tree,原生SystemC测试,组件验证,gem5/src/systemc/tests,inherited-from-ancestor
gem5/src/systemc/tests/systemc/misc/unit/aproc_halt/disaproc3,directory,,1,2,main-source-tree,原生SystemC测试,组件验证,gem5/src/systemc/tests,inherited-from-ancestor
gem5/src/systemc/tests/systemc/misc/unit/aproc_halt/disaproc3/golden,directory,,1,1,main-source-tree,原生SystemC测试,组件验证,gem5/src/systemc/tests,inherited-from-ancestor
gem5/src/systemc/tests/systemc/misc/unit/control,directory,,0,23,main-source-tree,原生SystemC测试,组件验证,gem5/src/systemc/tests,inherited-from-ancestor
gem5/src/systemc/tests/systemc/misc/unit/control/demo1,directory,,6,7,main-source-tree,原生SystemC测试,组件验证,gem5/src/systemc/tests,inherited-from-ancestor
gem5/src/systemc/tests/systemc/misc/unit/control/demo1/golden,directory,,1,1,main-source-tree,原生SystemC测试,组件验证,gem5/src/systemc/tests,inherited-from-ancestor
gem5/src/systemc/tests/systemc/misc/unit/control/posedge,directory,,4,5,main-source-tree,原生SystemC测试,组件验证,gem5/src/systemc/tests,inherited-from-ancestor
gem5/src/systemc/tests/systemc/misc/unit/control/posedge/golden,directory,,1,1,main-source-tree,原生SystemC测试,组件验证,gem5/src/systemc/tests,inherited-from-ancestor
gem5/src/systemc/tests/systemc/misc/unit/control/timing,directory,,3,4,main-source-tree,原生SystemC测试,组件验证,gem5/src/systemc/tests,inherited-from-ancestor
gem5/src/systemc/tests/systemc/misc/unit/control/timing/golden,directory,,1,1,main-source-tree,原生SystemC测试,组件验证,gem5/src/systemc/tests,inherited-from-ancestor
gem5/src/systemc/tests/systemc/misc/unit/control/wait,directory,,1,2,main-source-tree,原生SystemC测试,组件验证,gem5/src/systemc/tests,inherited-from-ancestor
gem5/src/systemc/tests/systemc/misc/unit/control/wait/golden,directory,,1,1,main-source-tree,原生SystemC测试,组件验证,gem5/src/systemc/tests,inherited-from-ancestor
gem5/src/systemc/tests/systemc/misc/unit/control/wait_until,directory,,4,5,main-source-tree,原生SystemC测试,组件验证,gem5/src/systemc/tests,inherited-from-ancestor
gem5/src/systemc/tests/systemc/misc/unit/control/wait_until/golden,directory,,1,1,main-source-tree,原生SystemC测试,组件验证,gem5/src/systemc/tests,inherited-from-ancestor
gem5/src/systemc/tests/systemc/misc/unit/data,directory,,0,336,main-source-tree,原生SystemC测试,组件验证,gem5/src/systemc/tests,inherited-from-ancestor
gem5/src/systemc/tests/systemc/misc/unit/data/datawidth_bool_to_signed,directory,,1,65,main-source-tree,原生SystemC测试,组件验证,gem5/src/systemc/tests,inherited-from-ancestor
gem5/src/systemc/tests/systemc/misc/unit/data/datawidth_bool_to_signed/bits_to_bits,directory,,7,8,main-source-tree,原生SystemC测试,组件验证,gem5/src/systemc/tests,inherited-from-ancestor
gem5/src/systemc/tests/systemc/misc/unit/data/datawidth_bool_to_signed/bits_to_bits/golden,directory,,1,1,main-source-tree,原生SystemC测试,组件验证,gem5/src/systemc/tests,inherited-from-ancestor
gem5/src/systemc/tests/systemc/misc/unit/data/datawidth_bool_to_signed/extension,directory,,7,8,main-source-tree,原生SystemC测试,组件验证,gem5/src/systemc/tests,inherited-from-ancestor
gem5/src/systemc/tests/systemc/misc/unit/data/datawidth_bool_to_signed/extension/golden,directory,,1,1,main-source-tree,原生SystemC测试,组件验证,gem5/src/systemc/tests,inherited-from-ancestor
gem5/src/systemc/tests/systemc/misc/unit/data/datawidth_bool_to_signed/lost_carry,directory,,7,8,main-source-tree,原生SystemC测试,组件验证,gem5/src/systemc/tests,inherited-from-ancestor
gem5/src/systemc/tests/systemc/misc/unit/data/datawidth_bool_to_signed/lost_carry/golden,directory,,1,1,main-source-tree,原生SystemC测试,组件验证,gem5/src/systemc/tests,inherited-from-ancestor
gem5/src/systemc/tests/systemc/misc/unit/data/datawidth_bool_to_signed/promote,directory,,7,8,main-source-tree,原生SystemC测试,组件验证,gem5/src/systemc/tests,inherited-from-ancestor
gem5/src/systemc/tests/systemc/misc/unit/data/datawidth_bool_to_signed/promote/golden,directory,,1,1,main-source-tree,原生SystemC测试,组件验证,gem5/src/systemc/tests,inherited-from-ancestor
gem5/src/systemc/tests/systemc/misc/unit/data/datawidth_bool_to_signed/promote_extension,directory,,7,8,main-source-tree,原生SystemC测试,组件验证,gem5/src/systemc/tests,inherited-from-ancestor
gem5/src/systemc/tests/systemc/misc/unit/data/datawidth_bool_to_signed/promote_extension/golden,directory,,1,1,main-source-tree,原生SystemC测试,组件验证,gem5/src/systemc/tests,inherited-from-ancestor
gem5/src/systemc/tests/systemc/misc/unit/data/datawidth_bool_to_signed/promote_lost_carry,directory,,7,8,main-source-tree,原生SystemC测试,组件验证,gem5/src/systemc/tests,inherited-from-ancestor
gem5/src/systemc/tests/systemc/misc/unit/data/datawidth_bool_to_signed/promote_lost_carry/golden,directory,,1,1,main-source-tree,原生SystemC测试,组件验证,gem5/src/systemc/tests,inherited-from-ancestor
gem5/src/systemc/tests/systemc/misc/unit/data/datawidth_bool_to_signed/promote_truncation,directory,,7,8,main-source-tree,原生SystemC测试,组件验证,gem5/src/systemc/tests,inherited-from-ancestor
gem5/src/systemc/tests/systemc/misc/unit/data/datawidth_bool_to_signed/promote_truncation/golden,directory,,1,1,main-source-tree,原生SystemC测试,组件验证,gem5/src/systemc/tests,inherited-from-ancestor
gem5/src/systemc/tests/systemc/misc/unit/data/datawidth_bool_to_signed/truncation,directory,,7,8,main-source-tree,原生SystemC测试,组件验证,gem5/src/systemc/tests,inherited-from-ancestor
gem5/src/systemc/tests/systemc/misc/unit/data/datawidth_bool_to_signed/truncation/golden,directory,,1,1,main-source-tree,原生SystemC测试,组件验证,gem5/src/systemc/tests,inherited-from-ancestor
gem5/src/systemc/tests/systemc/misc/unit/data/datawidth_bool_to_unsigned,directory,,1,65,main-source-tree,原生SystemC测试,组件验证,gem5/src/systemc/tests,inherited-from-ancestor
gem5/src/systemc/tests/systemc/misc/unit/data/datawidth_bool_to_unsigned/bits_to_bits,directory,,7,8,main-source-tree,原生SystemC测试,组件验证,gem5/src/systemc/tests,inherited-from-ancestor
gem5/src/systemc/tests/systemc/misc/unit/data/datawidth_bool_to_unsigned/bits_to_bits/golden,directory,,1,1,main-source-tree,原生SystemC测试,组件验证,gem5/src/systemc/tests,inherited-from-ancestor
gem5/src/systemc/tests/systemc/misc/unit/data/datawidth_bool_to_unsigned/extension,directory,,7,8,main-source-tree,原生SystemC测试,组件验证,gem5/src/systemc/tests,inherited-from-ancestor
gem5/src/systemc/tests/systemc/misc/unit/data/datawidth_bool_to_unsigned/extension/golden,directory,,1,1,main-source-tree,原生SystemC测试,组件验证,gem5/src/systemc/tests,inherited-from-ancestor
gem5/src/systemc/tests/systemc/misc/unit/data/datawidth_bool_to_unsigned/lost_carry,directory,,7,8,main-source-tree,原生SystemC测试,组件验证,gem5/src/systemc/tests,inherited-from-ancestor
gem5/src/systemc/tests/systemc/misc/unit/data/datawidth_bool_to_unsigned/lost_carry/golden,directory,,1,1,main-source-tree,原生SystemC测试,组件验证,gem5/src/systemc/tests,inherited-from-ancestor
gem5/src/systemc/tests/systemc/misc/unit/data/datawidth_bool_to_unsigned/promote,directory,,7,8,main-source-tree,原生SystemC测试,组件验证,gem5/src/systemc/tests,inherited-from-ancestor
gem5/src/systemc/tests/systemc/misc/unit/data/datawidth_bool_to_unsigned/promote/golden,directory,,1,1,main-source-tree,原生SystemC测试,组件验证,gem5/src/systemc/tests,inherited-from-ancestor
gem5/src/systemc/tests/systemc/misc/unit/data/datawidth_bool_to_unsigned/promote_extension,directory,,7,8,main-source-tree,原生SystemC测试,组件验证,gem5/src/systemc/tests,inherited-from-ancestor
gem5/src/systemc/tests/systemc/misc/unit/data/datawidth_bool_to_unsigned/promote_extension/golden,directory,,1,1,main-source-tree,原生SystemC测试,组件验证,gem5/src/systemc/tests,inherited-from-ancestor
gem5/src/systemc/tests/systemc/misc/unit/data/datawidth_bool_to_unsigned/promote_lost_carry,directory,,7,8,main-source-tree,原生SystemC测试,组件验证,gem5/src/systemc/tests,inherited-from-ancestor
gem5/src/systemc/tests/systemc/misc/unit/data/datawidth_bool_to_unsigned/promote_lost_carry/golden,directory,,1,1,main-source-tree,原生SystemC测试,组件验证,gem5/src/systemc/tests,inherited-from-ancestor
gem5/src/systemc/tests/systemc/misc/unit/data/datawidth_bool_to_unsigned/promote_truncation,directory,,7,8,main-source-tree,原生SystemC测试,组件验证,gem5/src/systemc/tests,inherited-from-ancestor
gem5/src/systemc/tests/systemc/misc/unit/data/datawidth_bool_to_unsigned/promote_truncation/golden,directory,,1,1,main-source-tree,原生SystemC测试,组件验证,gem5/src/systemc/tests,inherited-from-ancestor
gem5/src/systemc/tests/systemc/misc/unit/data/datawidth_bool_to_unsigned/truncation,directory,,7,8,main-source-tree,原生SystemC测试,组件验证,gem5/src/systemc/tests,inherited-from-ancestor
gem5/src/systemc/tests/systemc/misc/unit/data/datawidth_bool_to_unsigned/truncation/golden,directory,,1,1,main-source-tree,原生SystemC测试,组件验证,gem5/src/systemc/tests,inherited-from-ancestor
gem5/src/systemc/tests/systemc/misc/unit/data/datawidth_signed,directory,,1,65,main-source-tree,原生SystemC测试,组件验证,gem5/src/systemc/tests,inherited-from-ancestor
gem5/src/systemc/tests/systemc/misc/unit/data/datawidth_signed/bits_to_bits,directory,,7,8,main-source-tree,原生SystemC测试,组件验证,gem5/src/systemc/tests,inherited-from-ancestor
gem5/src/systemc/tests/systemc/misc/unit/data/datawidth_signed/bits_to_bits/golden,directory,,1,1,main-source-tree,原生SystemC测试,组件验证,gem5/src/systemc/tests,inherited-from-ancestor
gem5/src/systemc/tests/systemc/misc/unit/data/datawidth_signed/extension,directory,,7,8,main-source-tree,原生SystemC测试,组件验证,gem5/src/systemc/tests,inherited-from-ancestor
gem5/src/systemc/tests/systemc/misc/unit/data/datawidth_signed/extension/golden,directory,,1,1,main-source-tree,原生SystemC测试,组件验证,gem5/src/systemc/tests,inherited-from-ancestor
gem5/src/systemc/tests/systemc/misc/unit/data/datawidth_signed/lost_carry,directory,,7,8,main-source-tree,原生SystemC测试,组件验证,gem5/src/systemc/tests,inherited-from-ancestor
gem5/src/systemc/tests/systemc/misc/unit/data/datawidth_signed/lost_carry/golden,directory,,1,1,main-source-tree,原生SystemC测试,组件验证,gem5/src/systemc/tests,inherited-from-ancestor
gem5/src/systemc/tests/systemc/misc/unit/data/datawidth_signed/promote,directory,,7,8,main-source-tree,原生SystemC测试,组件验证,gem5/src/systemc/tests,inherited-from-ancestor
gem5/src/systemc/tests/systemc/misc/unit/data/datawidth_signed/promote/golden,directory,,1,1,main-source-tree,原生SystemC测试,组件验证,gem5/src/systemc/tests,inherited-from-ancestor
gem5/src/systemc/tests/systemc/misc/unit/data/datawidth_signed/promote_extension,directory,,7,8,main-source-tree,原生SystemC测试,组件验证,gem5/src/systemc/tests,inherited-from-ancestor
gem5/src/systemc/tests/systemc/misc/unit/data/datawidth_signed/promote_extension/golden,directory,,1,1,main-source-tree,原生SystemC测试,组件验证,gem5/src/systemc/tests,inherited-from-ancestor
gem5/src/systemc/tests/systemc/misc/unit/data/datawidth_signed/promote_lost_carry,directory,,7,8,main-source-tree,原生SystemC测试,组件验证,gem5/src/systemc/tests,inherited-from-ancestor
gem5/src/systemc/tests/systemc/misc/unit/data/datawidth_signed/promote_lost_carry/golden,directory,,1,1,main-source-tree,原生SystemC测试,组件验证,gem5/src/systemc/tests,inherited-from-ancestor
gem5/src/systemc/tests/systemc/misc/unit/data/datawidth_signed/promote_truncation,directory,,7,8,main-source-tree,原生SystemC测试,组件验证,gem5/src/systemc/tests,inherited-from-ancestor
gem5/src/systemc/tests/systemc/misc/unit/data/datawidth_signed/promote_truncation/golden,directory,,1,1,main-source-tree,原生SystemC测试,组件验证,gem5/src/systemc/tests,inherited-from-ancestor
gem5/src/systemc/tests/systemc/misc/unit/data/datawidth_signed/truncation,directory,,7,8,main-source-tree,原生SystemC测试,组件验证,gem5/src/systemc/tests,inherited-from-ancestor
gem5/src/systemc/tests/systemc/misc/unit/data/datawidth_signed/truncation/golden,directory,,1,1,main-source-tree,原生SystemC测试,组件验证,gem5/src/systemc/tests,inherited-from-ancestor
gem5/src/systemc/tests/systemc/misc/unit/data/datawidth_unsigned,directory,,1,65,main-source-tree,原生SystemC测试,组件验证,gem5/src/systemc/tests,inherited-from-ancestor
gem5/src/systemc/tests/systemc/misc/unit/data/datawidth_unsigned/bits_to_bits,directory,,7,8,main-source-tree,原生SystemC测试,组件验证,gem5/src/systemc/tests,inherited-from-ancestor
gem5/src/systemc/tests/systemc/misc/unit/data/datawidth_unsigned/bits_to_bits/golden,directory,,1,1,main-source-tree,原生SystemC测试,组件验证,gem5/src/systemc/tests,inherited-from-ancestor
gem5/src/systemc/tests/systemc/misc/unit/data/datawidth_unsigned/extension,directory,,7,8,main-source-tree,原生SystemC测试,组件验证,gem5/src/systemc/tests,inherited-from-ancestor
gem5/src/systemc/tests/systemc/misc/unit/data/datawidth_unsigned/extension/golden,directory,,1,1,main-source-tree,原生SystemC测试,组件验证,gem5/src/systemc/tests,inherited-from-ancestor
gem5/src/systemc/tests/systemc/misc/unit/data/datawidth_unsigned/lost_carry,directory,,7,8,main-source-tree,原生SystemC测试,组件验证,gem5/src/systemc/tests,inherited-from-ancestor
gem5/src/systemc/tests/systemc/misc/unit/data/datawidth_unsigned/lost_carry/golden,directory,,1,1,main-source-tree,原生SystemC测试,组件验证,gem5/src/systemc/tests,inherited-from-ancestor
gem5/src/systemc/tests/systemc/misc/unit/data/datawidth_unsigned/promote,directory,,7,8,main-source-tree,原生SystemC测试,组件验证,gem5/src/systemc/tests,inherited-from-ancestor
gem5/src/systemc/tests/systemc/misc/unit/data/datawidth_unsigned/promote/golden,directory,,1,1,main-source-tree,原生SystemC测试,组件验证,gem5/src/systemc/tests,inherited-from-ancestor
gem5/src/systemc/tests/systemc/misc/unit/data/datawidth_unsigned/promote_extension,directory,,7,8,main-source-tree,原生SystemC测试,组件验证,gem5/src/systemc/tests,inherited-from-ancestor
gem5/src/systemc/tests/systemc/misc/unit/data/datawidth_unsigned/promote_extension/golden,directory,,1,1,main-source-tree,原生SystemC测试,组件验证,gem5/src/systemc/tests,inherited-from-ancestor
gem5/src/systemc/tests/systemc/misc/unit/data/datawidth_unsigned/promote_lost_carry,directory,,7,8,main-source-tree,原生SystemC测试,组件验证,gem5/src/systemc/tests,inherited-from-ancestor
gem5/src/systemc/tests/systemc/misc/unit/data/datawidth_unsigned/promote_lost_carry/golden,directory,,1,1,main-source-tree,原生SystemC测试,组件验证,gem5/src/systemc/tests,inherited-from-ancestor
gem5/src/systemc/tests/systemc/misc/unit/data/datawidth_unsigned/promote_truncation,directory,,7,8,main-source-tree,原生SystemC测试,组件验证,gem5/src/systemc/tests,inherited-from-ancestor
gem5/src/systemc/tests/systemc/misc/unit/data/datawidth_unsigned/promote_truncation/golden,directory,,1,1,main-source-tree,原生SystemC测试,组件验证,gem5/src/systemc/tests,inherited-from-ancestor
gem5/src/systemc/tests/systemc/misc/unit/data/datawidth_unsigned/truncation,directory,,7,8,main-source-tree,原生SystemC测试,组件验证,gem5/src/systemc/tests,inherited-from-ancestor
gem5/src/systemc/tests/systemc/misc/unit/data/datawidth_unsigned/truncation/golden,directory,,1,1,main-source-tree,原生SystemC测试,组件验证,gem5/src/systemc/tests,inherited-from-ancestor
gem5/src/systemc/tests/systemc/misc/unit/data/general,directory,,0,63,main-source-tree,原生SystemC测试,组件验证,gem5/src/systemc/tests,inherited-from-ancestor
gem5/src/systemc/tests/systemc/misc/unit/data/general/add_promote,directory,,7,8,main-source-tree,原生SystemC测试,组件验证,gem5/src/systemc/tests,inherited-from-ancestor
gem5/src/systemc/tests/systemc/misc/unit/data/general/add_promote/golden,directory,,1,1,main-source-tree,原生SystemC测试,组件验证,gem5/src/systemc/tests,inherited-from-ancestor
gem5/src/systemc/tests/systemc/misc/unit/data/general/array_range,directory,,7,8,main-source-tree,原生SystemC测试,组件验证,gem5/src/systemc/tests,inherited-from-ancestor
gem5/src/systemc/tests/systemc/misc/unit/data/general/array_range/golden,directory,,1,1,main-source-tree,原生SystemC测试,组件验证,gem5/src/systemc/tests,inherited-from-ancestor
gem5/src/systemc/tests/systemc/misc/unit/data/general/bool_tilda,directory,,1,2,main-source-tree,原生SystemC测试,组件验证,gem5/src/systemc/tests,inherited-from-ancestor
gem5/src/systemc/tests/systemc/misc/unit/data/general/bool_tilda/golden,directory,,1,1,main-source-tree,原生SystemC测试,组件验证,gem5/src/systemc/tests,inherited-from-ancestor
gem5/src/systemc/tests/systemc/misc/unit/data/general/concat_port,directory,,7,8,main-source-tree,原生SystemC测试,组件验证,gem5/src/systemc/tests,inherited-from-ancestor
gem5/src/systemc/tests/systemc/misc/unit/data/general/concat_port/golden,directory,,1,1,main-source-tree,原生SystemC测试,组件验证,gem5/src/systemc/tests,inherited-from-ancestor
gem5/src/systemc/tests/systemc/misc/unit/data/general/datawidth_int,directory,,6,7,main-source-tree,原生SystemC测试,组件验证,gem5/src/systemc/tests,inherited-from-ancestor
gem5/src/systemc/tests/systemc/misc/unit/data/general/datawidth_int/golden,directory,,1,1,main-source-tree,原生SystemC测试,组件验证,gem5/src/systemc/tests,inherited-from-ancestor
gem5/src/systemc/tests/systemc/misc/unit/data/general/int_to_bits,directory,,7,8,main-source-tree,原生SystemC测试,组件验证,gem5/src/systemc/tests,inherited-from-ancestor
gem5/src/systemc/tests/systemc/misc/unit/data/general/int_to_bits/golden,directory,,1,1,main-source-tree,原生SystemC测试,组件验证,gem5/src/systemc/tests,inherited-from-ancestor
gem5/src/systemc/tests/systemc/misc/unit/data/general/promote_add,directory,,7,8,main-source-tree,原生SystemC测试,组件验证,gem5/src/systemc/tests,inherited-from-ancestor
gem5/src/systemc/tests/systemc/misc/unit/data/general/promote_add/golden,directory,,1,1,main-source-tree,原生SystemC测试,组件验证,gem5/src/systemc/tests,inherited-from-ancestor
gem5/src/systemc/tests/systemc/misc/unit/data/general/shift,directory,,0,2,main-source-tree,原生SystemC测试,组件验证,gem5/src/systemc/tests,inherited-from-ancestor
gem5/src/systemc/tests/systemc/misc/unit/data/general/shift/test1,directory,,1,2,main-source-tree,原生SystemC测试,组件验证,gem5/src/systemc/tests,inherited-from-ancestor
gem5/src/systemc/tests/systemc/misc/unit/data/general/shift/test1/golden,directory,,1,1,main-source-tree,原生SystemC测试,组件验证,gem5/src/systemc/tests,inherited-from-ancestor
gem5/src/systemc/tests/systemc/misc/unit/data/general/std_to_bool,directory,,1,2,main-source-tree,原生SystemC测试,组件验证,gem5/src/systemc/tests,inherited-from-ancestor
gem5/src/systemc/tests/systemc/misc/unit/data/general/std_to_bool/golden,directory,,1,1,main-source-tree,原生SystemC测试,组件验证,gem5/src/systemc/tests,inherited-from-ancestor
gem5/src/systemc/tests/systemc/misc/unit/data/general/std_ulogic_tilda,directory,,1,2,main-source-tree,原生SystemC测试,组件验证,gem5/src/systemc/tests,inherited-from-ancestor
gem5/src/systemc/tests/systemc/misc/unit/data/general/std_ulogic_tilda/golden,directory,,1,1,main-source-tree,原生SystemC测试,组件验证,gem5/src/systemc/tests,inherited-from-ancestor
gem5/src/systemc/tests/systemc/misc/unit/data/general/subvector,directory,,0,8,main-source-tree,原生SystemC测试,组件验证,gem5/src/systemc/tests,inherited-from-ancestor
gem5/src/systemc/tests/systemc/misc/unit/data/general/subvector/stab1,directory,,1,2,main-source-tree,原生SystemC测试,组件验证,gem5/src/systemc/tests,inherited-from-ancestor
gem5/src/systemc/tests/systemc/misc/unit/data/general/subvector/stab1/golden,directory,,1,1,main-source-tree,原生SystemC测试,组件验证,gem5/src/systemc/tests,inherited-from-ancestor
gem5/src/systemc/tests/systemc/misc/unit/data/general/subvector/stab2,directory,,1,2,main-source-tree,原生SystemC测试,组件验证,gem5/src/systemc/tests,inherited-from-ancestor
gem5/src/systemc/tests/systemc/misc/unit/data/general/subvector/stab2/golden,directory,,1,1,main-source-tree,原生SystemC测试,组件验证,gem5/src/systemc/tests,inherited-from-ancestor
gem5/src/systemc/tests/systemc/misc/unit/data/general/subvector/stab3,directory,,1,2,main-source-tree,原生SystemC测试,组件验证,gem5/src/systemc/tests,inherited-from-ancestor
gem5/src/systemc/tests/systemc/misc/unit/data/general/subvector/stab3/golden,directory,,1,1,main-source-tree,原生SystemC测试,组件验证,gem5/src/systemc/tests,inherited-from-ancestor
gem5/src/systemc/tests/systemc/misc/unit/data/general/subvector/test1,directory,,1,2,main-source-tree,原生SystemC测试,组件验证,gem5/src/systemc/tests,inherited-from-ancestor
gem5/src/systemc/tests/systemc/misc/unit/data/general/subvector/test1/golden,directory,,1,1,main-source-tree,原生SystemC测试,组件验证,gem5/src/systemc/tests,inherited-from-ancestor
gem5/src/systemc/tests/systemc/misc/unit/data/user_guide,directory,,0,13,main-source-tree,原生SystemC测试,组件验证,gem5/src/systemc/tests,inherited-from-ancestor
gem5/src/systemc/tests/systemc/misc/unit/data/user_guide/ch9,directory,,0,13,main-source-tree,原生SystemC测试,组件验证,gem5/src/systemc/tests,inherited-from-ancestor
gem5/src/systemc/tests/systemc/misc/unit/data/user_guide/ch9/c_array_datatype,directory,,1,2,main-source-tree,原生SystemC测试,组件验证,gem5/src/systemc/tests,inherited-from-ancestor
gem5/src/systemc/tests/systemc/misc/unit/data/user_guide/ch9/c_array_datatype/golden,directory,,1,1,main-source-tree,原生SystemC测试,组件验证,gem5/src/systemc/tests,inherited-from-ancestor
gem5/src/systemc/tests/systemc/misc/unit/data/user_guide/ch9/int_datatype,directory,,1,2,main-source-tree,原生SystemC测试,组件验证,gem5/src/systemc/tests,inherited-from-ancestor
gem5/src/systemc/tests/systemc/misc/unit/data/user_guide/ch9/int_datatype/golden,directory,,1,1,main-source-tree,原生SystemC测试,组件验证,gem5/src/systemc/tests,inherited-from-ancestor
gem5/src/systemc/tests/systemc/misc/unit/data/user_guide/ch9/std_ulogic_datatype,directory,,1,2,main-source-tree,原生SystemC测试,组件验证,gem5/src/systemc/tests,inherited-from-ancestor
gem5/src/systemc/tests/systemc/misc/unit/data/user_guide/ch9/std_ulogic_datatype/golden,directory,,1,1,main-source-tree,原生SystemC测试,组件验证,gem5/src/systemc/tests,inherited-from-ancestor
gem5/src/systemc/tests/systemc/misc/unit/data/user_guide/ch9/std_ulogic_vector_datatype,directory,,1,7,main-source-tree,原生SystemC测试,组件验证,gem5/src/systemc/tests,inherited-from-ancestor
gem5/src/systemc/tests/systemc/misc/unit/data/user_guide/ch9/std_ulogic_vector_datatype/golden,directory,,6,6,main-source-tree,原生SystemC测试,组件验证,gem5/src/systemc/tests,inherited-from-ancestor
gem5/src/systemc/tests/systemc/misc/unit/extern,directory,,3,3,main-source-tree,原生SystemC测试,组件验证,gem5/src/systemc/tests,inherited-from-ancestor
gem5/src/systemc/tests/systemc/misc/unit/extern2,directory,,3,3,main-source-tree,原生SystemC测试,组件验证,gem5/src/systemc/tests,inherited-from-ancestor
gem5/src/systemc/tests/systemc/misc/unit/methodology,directory,,0,20,main-source-tree,原生SystemC测试,组件验证,gem5/src/systemc/tests,inherited-from-ancestor
gem5/src/systemc/tests/systemc/misc/unit/methodology/file_io,directory,,0,8,main-source-tree,原生SystemC测试,组件验证,gem5/src/systemc/tests,inherited-from-ancestor
gem5/src/systemc/tests/systemc/misc/unit/methodology/file_io/input_char_sc_signed,directory,,3,4,main-source-tree,原生SystemC测试,组件验证,gem5/src/systemc/tests,inherited-from-ancestor
gem5/src/systemc/tests/systemc/misc/unit/methodology/file_io/input_char_sc_signed/golden,directory,,1,1,main-source-tree,原生SystemC测试,组件验证,gem5/src/systemc/tests,inherited-from-ancestor
gem5/src/systemc/tests/systemc/misc/unit/methodology/file_io/input_sc_signed,directory,,3,4,main-source-tree,原生SystemC测试,组件验证,gem5/src/systemc/tests,inherited-from-ancestor
gem5/src/systemc/tests/systemc/misc/unit/methodology/file_io/input_sc_signed/golden,directory,,1,1,main-source-tree,原生SystemC测试,组件验证,gem5/src/systemc/tests,inherited-from-ancestor
gem5/src/systemc/tests/systemc/misc/unit/methodology/sim_control,directory,,0,12,main-source-tree,原生SystemC测试,组件验证,gem5/src/systemc/tests,inherited-from-ancestor
gem5/src/systemc/tests/systemc/misc/unit/methodology/sim_control/sim_to_infinity,directory,,5,6,main-source-tree,原生SystemC测试,组件验证,gem5/src/systemc/tests,inherited-from-ancestor
gem5/src/systemc/tests/systemc/misc/unit/methodology/sim_control/sim_to_infinity/golden,directory,,1,1,main-source-tree,原生SystemC测试,组件验证,gem5/src/systemc/tests,inherited-from-ancestor
gem5/src/systemc/tests/systemc/misc/unit/methodology/sim_control/sim_to_time,directory,,5,6,main-source-tree,原生SystemC测试,组件验证,gem5/src/systemc/tests,inherited-from-ancestor
gem5/src/systemc/tests/systemc/misc/unit/methodology/sim_control/sim_to_time/golden,directory,,1,1,main-source-tree,原生SystemC测试,组件验证,gem5/src/systemc/tests,inherited-from-ancestor
gem5/src/systemc/tests/systemc/misc/unit/rtlout,directory,,0,4,main-source-tree,原生SystemC测试,组件验证,gem5/src/systemc/tests,inherited-from-ancestor
gem5/src/systemc/tests/systemc/misc/unit/rtlout/test1,directory,,4,4,main-source-tree,原生SystemC测试,组件验证,gem5/src/systemc/tests,inherited-from-ancestor
gem5/src/systemc/tests/systemc/misc/unit/structs,directory,,0,6,main-source-tree,原生SystemC测试,组件验证,gem5/src/systemc/tests,inherited-from-ancestor
gem5/src/systemc/tests/systemc/misc/unit/structs/test3,directory,,6,6,main-source-tree,原生SystemC测试,组件验证,gem5/src/systemc/tests,inherited-from-ancestor
gem5/src/systemc/tests/systemc/misc/unit/structure,directory,,0,4,main-source-tree,原生SystemC测试,组件验证,gem5/src/systemc/tests,inherited-from-ancestor
gem5/src/systemc/tests/systemc/misc/unit/structure/clocks,directory,,3,4,main-source-tree,原生SystemC测试,组件验证,gem5/src/systemc/tests,inherited-from-ancestor
gem5/src/systemc/tests/systemc/misc/unit/structure/clocks/golden,directory,,1,1,main-source-tree,原生SystemC测试,组件验证,gem5/src/systemc/tests,inherited-from-ancestor
gem5/src/systemc/tests/systemc/misc/user_guide,directory,,0,224,main-source-tree,原生SystemC测试,组件验证,gem5/src/systemc/tests,inherited-from-ancestor
gem5/src/systemc/tests/systemc/misc/user_guide/async_chn,directory,,0,6,main-source-tree,原生SystemC测试,组件验证,gem5/src/systemc/tests,inherited-from-ancestor
gem5/src/systemc/tests/systemc/misc/user_guide/async_chn/test1,directory,,1,2,main-source-tree,原生SystemC测试,组件验证,gem5/src/systemc/tests,inherited-from-ancestor
gem5/src/systemc/tests/systemc/misc/user_guide/async_chn/test1/golden,directory,,1,1,main-source-tree,原生SystemC测试,组件验证,gem5/src/systemc/tests,inherited-from-ancestor
gem5/src/systemc/tests/systemc/misc/user_guide/async_chn/test2,directory,,1,2,main-source-tree,原生SystemC测试,组件验证,gem5/src/systemc/tests,inherited-from-ancestor
gem5/src/systemc/tests/systemc/misc/user_guide/async_chn/test2/golden,directory,,1,1,main-source-tree,原生SystemC测试,组件验证,gem5/src/systemc/tests,inherited-from-ancestor
gem5/src/systemc/tests/systemc/misc/user_guide/async_chn/test3,directory,,1,2,main-source-tree,原生SystemC测试,组件验证,gem5/src/systemc/tests,inherited-from-ancestor
gem5/src/systemc/tests/systemc/misc/user_guide/async_chn/test3/golden,directory,,1,1,main-source-tree,原生SystemC测试,组件验证,gem5/src/systemc/tests,inherited-from-ancestor
gem5/src/systemc/tests/systemc/misc/user_guide/chpt10.1,directory,,7,8,main-source-tree,原生SystemC测试,组件验证,gem5/src/systemc/tests,inherited-from-ancestor
gem5/src/systemc/tests/systemc/misc/user_guide/chpt10.1/golden,directory,,1,1,main-source-tree,原生SystemC测试,组件验证,gem5/src/systemc/tests,inherited-from-ancestor
gem5/src/systemc/tests/systemc/misc/user_guide/chpt11.1,directory,,2,3,main-source-tree,原生SystemC测试,组件验证,gem5/src/systemc/tests,inherited-from-ancestor
gem5/src/systemc/tests/systemc/misc/user_guide/chpt11.1/golden,directory,,1,1,main-source-tree,原生SystemC测试,组件验证,gem5/src/systemc/tests,inherited-from-ancestor
gem5/src/systemc/tests/systemc/misc/user_guide/chpt11.2,directory,,2,3,main-source-tree,原生SystemC测试,组件验证,gem5/src/systemc/tests,inherited-from-ancestor
gem5/src/systemc/tests/systemc/misc/user_guide/chpt11.2/golden,directory,,1,1,main-source-tree,原生SystemC测试,组件验证,gem5/src/systemc/tests,inherited-from-ancestor
gem5/src/systemc/tests/systemc/misc/user_guide/chpt11.3,directory,,2,3,main-source-tree,原生SystemC测试,组件验证,gem5/src/systemc/tests,inherited-from-ancestor
gem5/src/systemc/tests/systemc/misc/user_guide/chpt11.3/golden,directory,,1,1,main-source-tree,原生SystemC测试,组件验证,gem5/src/systemc/tests,inherited-from-ancestor
gem5/src/systemc/tests/systemc/misc/user_guide/chpt11.4,directory,,2,3,main-source-tree,原生SystemC测试,组件验证,gem5/src/systemc/tests,inherited-from-ancestor
gem5/src/systemc/tests/systemc/misc/user_guide/chpt11.4/golden,directory,,1,1,main-source-tree,原生SystemC测试,组件验证,gem5/src/systemc/tests,inherited-from-ancestor
gem5/src/systemc/tests/systemc/misc/user_guide/chpt11.5,directory,,2,3,main-source-tree,原生SystemC测试,组件验证,gem5/src/systemc/tests,inherited-from-ancestor
gem5/src/systemc/tests/systemc/misc/user_guide/chpt11.5/golden,directory,,1,1,main-source-tree,原生SystemC测试,组件验证,gem5/src/systemc/tests,inherited-from-ancestor
gem5/src/systemc/tests/systemc/misc/user_guide/chpt11.6,directory,,2,3,main-source-tree,原生SystemC测试,组件验证,gem5/src/systemc/tests,inherited-from-ancestor
gem5/src/systemc/tests/systemc/misc/user_guide/chpt11.6/golden,directory,,1,1,main-source-tree,原生SystemC测试,组件验证,gem5/src/systemc/tests,inherited-from-ancestor
gem5/src/systemc/tests/systemc/misc/user_guide/chpt11.7,directory,,2,3,main-source-tree,原生SystemC测试,组件验证,gem5/src/systemc/tests,inherited-from-ancestor
gem5/src/systemc/tests/systemc/misc/user_guide/chpt11.7/golden,directory,,1,1,main-source-tree,原生SystemC测试,组件验证,gem5/src/systemc/tests,inherited-from-ancestor
gem5/src/systemc/tests/systemc/misc/user_guide/chpt12.1,directory,,7,8,main-source-tree,原生SystemC测试,组件验证,gem5/src/systemc/tests,inherited-from-ancestor
gem5/src/systemc/tests/systemc/misc/user_guide/chpt12.1/golden,directory,,1,1,main-source-tree,原生SystemC测试,组件验证,gem5/src/systemc/tests,inherited-from-ancestor
gem5/src/systemc/tests/systemc/misc/user_guide/chpt12.2,directory,,7,8,main-source-tree,原生SystemC测试,组件验证,gem5/src/systemc/tests,inherited-from-ancestor
gem5/src/systemc/tests/systemc/misc/user_guide/chpt12.2/golden,directory,,1,1,main-source-tree,原生SystemC测试,组件验证,gem5/src/systemc/tests,inherited-from-ancestor
gem5/src/systemc/tests/systemc/misc/user_guide/chpt14.1,directory,,6,7,main-source-tree,原生SystemC测试,组件验证,gem5/src/systemc/tests,inherited-from-ancestor
gem5/src/systemc/tests/systemc/misc/user_guide/chpt14.1/golden,directory,,1,1,main-source-tree,原生SystemC测试,组件验证,gem5/src/systemc/tests,inherited-from-ancestor
gem5/src/systemc/tests/systemc/misc/user_guide/chpt3.1,directory,,10,11,main-source-tree,原生SystemC测试,组件验证,gem5/src/systemc/tests,inherited-from-ancestor
gem5/src/systemc/tests/systemc/misc/user_guide/chpt3.1/golden,directory,,1,1,main-source-tree,原生SystemC测试,组件验证,gem5/src/systemc/tests,inherited-from-ancestor
gem5/src/systemc/tests/systemc/misc/user_guide/chpt3.2,directory,,10,11,main-source-tree,原生SystemC测试,组件验证,gem5/src/systemc/tests,inherited-from-ancestor
gem5/src/systemc/tests/systemc/misc/user_guide/chpt3.2/golden,directory,,1,1,main-source-tree,原生SystemC测试,组件验证,gem5/src/systemc/tests,inherited-from-ancestor
gem5/src/systemc/tests/systemc/misc/user_guide/chpt4.1,directory,,12,24,main-source-tree,原生SystemC测试,组件验证,gem5/src/systemc/tests,inherited-from-ancestor
gem5/src/systemc/tests/systemc/misc/user_guide/chpt4.1/golden,directory,,12,12,main-source-tree,原生SystemC测试,组件验证,gem5/src/systemc/tests,inherited-from-ancestor
gem5/src/systemc/tests/systemc/misc/user_guide/chpt4.2,directory,,15,27,main-source-tree,原生SystemC测试,组件验证,gem5/src/systemc/tests,inherited-from-ancestor
gem5/src/systemc/tests/systemc/misc/user_guide/chpt4.2/golden,directory,,12,12,main-source-tree,原生SystemC测试,组件验证,gem5/src/systemc/tests,inherited-from-ancestor
gem5/src/systemc/tests/systemc/misc/user_guide/chpt4.3,directory,,3,4,main-source-tree,原生SystemC测试,组件验证,gem5/src/systemc/tests,inherited-from-ancestor
gem5/src/systemc/tests/systemc/misc/user_guide/chpt4.3/golden,directory,,1,1,main-source-tree,原生SystemC测试,组件验证,gem5/src/systemc/tests,inherited-from-ancestor
gem5/src/systemc/tests/systemc/misc/user_guide/chpt4.4,directory,,20,32,main-source-tree,原生SystemC测试,组件验证,gem5/src/systemc/tests,inherited-from-ancestor
gem5/src/systemc/tests/systemc/misc/user_guide/chpt4.4/golden,directory,,12,12,main-source-tree,原生SystemC测试,组件验证,gem5/src/systemc/tests,inherited-from-ancestor
gem5/src/systemc/tests/systemc/misc/user_guide/chpt5.1,directory,,6,7,main-source-tree,原生SystemC测试,组件验证,gem5/src/systemc/tests,inherited-from-ancestor
gem5/src/systemc/tests/systemc/misc/user_guide/chpt5.1/golden,directory,,1,1,main-source-tree,原生SystemC测试,组件验证,gem5/src/systemc/tests,inherited-from-ancestor
gem5/src/systemc/tests/systemc/misc/user_guide/chpt6.1,directory,,11,12,main-source-tree,原生SystemC测试,组件验证,gem5/src/systemc/tests,inherited-from-ancestor
gem5/src/systemc/tests/systemc/misc/user_guide/chpt6.1/golden,directory,,1,1,main-source-tree,原生SystemC测试,组件验证,gem5/src/systemc/tests,inherited-from-ancestor
gem5/src/systemc/tests/systemc/misc/user_guide/chpt7.1,directory,,5,6,main-source-tree,原生SystemC测试,组件验证,gem5/src/systemc/tests,inherited-from-ancestor
gem5/src/systemc/tests/systemc/misc/user_guide/chpt7.1/golden,directory,,1,1,main-source-tree,原生SystemC测试,组件验证,gem5/src/systemc/tests,inherited-from-ancestor
gem5/src/systemc/tests/systemc/misc/user_guide/chpt7.2,directory,,7,8,main-source-tree,原生SystemC测试,组件验证,gem5/src/systemc/tests,inherited-from-ancestor
gem5/src/systemc/tests/systemc/misc/user_guide/chpt7.2/golden,directory,,1,1,main-source-tree,原生SystemC测试,组件验证,gem5/src/systemc/tests,inherited-from-ancestor
gem5/src/systemc/tests/systemc/misc/user_guide/newsched,directory,,0,16,main-source-tree,原生SystemC测试,组件验证,gem5/src/systemc/tests,inherited-from-ancestor
gem5/src/systemc/tests/systemc/misc/user_guide/newsched/test1,directory,,1,2,main-source-tree,原生SystemC测试,组件验证,gem5/src/systemc/tests,inherited-from-ancestor
gem5/src/systemc/tests/systemc/misc/user_guide/newsched/test1/golden,directory,,1,1,main-source-tree,原生SystemC测试,组件验证,gem5/src/systemc/tests,inherited-from-ancestor
gem5/src/systemc/tests/systemc/misc/user_guide/newsched/test2,directory,,1,2,main-source-tree,原生SystemC测试,组件验证,gem5/src/systemc/tests,inherited-from-ancestor
gem5/src/systemc/tests/systemc/misc/user_guide/newsched/test2/golden,directory,,1,1,main-source-tree,原生SystemC测试,组件验证,gem5/src/systemc/tests,inherited-from-ancestor
gem5/src/systemc/tests/systemc/misc/user_guide/newsched/test3,directory,,1,2,main-source-tree,原生SystemC测试,组件验证,gem5/src/systemc/tests,inherited-from-ancestor
gem5/src/systemc/tests/systemc/misc/user_guide/newsched/test3/golden,directory,,1,1,main-source-tree,原生SystemC测试,组件验证,gem5/src/systemc/tests,inherited-from-ancestor
gem5/src/systemc/tests/systemc/misc/user_guide/newsched/test4,directory,,1,2,main-source-tree,原生SystemC测试,组件验证,gem5/src/systemc/tests,inherited-from-ancestor
gem5/src/systemc/tests/systemc/misc/user_guide/newsched/test4/golden,directory,,1,1,main-source-tree,原生SystemC测试,组件验证,gem5/src/systemc/tests,inherited-from-ancestor
gem5/src/systemc/tests/systemc/misc/user_guide/newsched/test5,directory,,1,2,main-source-tree,原生SystemC测试,组件验证,gem5/src/systemc/tests,inherited-from-ancestor
gem5/src/systemc/tests/systemc/misc/user_guide/newsched/test5/golden,directory,,1,1,main-source-tree,原生SystemC测试,组件验证,gem5/src/systemc/tests,inherited-from-ancestor
gem5/src/systemc/tests/systemc/misc/user_guide/newsched/test6,directory,,1,2,main-source-tree,原生SystemC测试,组件验证,gem5/src/systemc/tests,inherited-from-ancestor
gem5/src/systemc/tests/systemc/misc/user_guide/newsched/test6/golden,directory,,1,1,main-source-tree,原生SystemC测试,组件验证,gem5/src/systemc/tests,inherited-from-ancestor
gem5/src/systemc/tests/systemc/misc/user_guide/newsched/test7,directory,,1,2,main-source-tree,原生SystemC测试,组件验证,gem5/src/systemc/tests,inherited-from-ancestor
gem5/src/systemc/tests/systemc/misc/user_guide/newsched/test7/golden,directory,,1,1,main-source-tree,原生SystemC测试,组件验证,gem5/src/systemc/tests,inherited-from-ancestor
gem5/src/systemc/tests/systemc/misc/user_guide/newsched/test8,directory,,1,2,main-source-tree,原生SystemC测试,组件验证,gem5/src/systemc/tests,inherited-from-ancestor
gem5/src/systemc/tests/systemc/misc/user_guide/newsched/test8/golden,directory,,1,1,main-source-tree,原生SystemC测试,组件验证,gem5/src/systemc/tests,inherited-from-ancestor
gem5/src/systemc/tests/systemc/misc/user_guide/param_model,directory,,7,8,main-source-tree,原生SystemC测试,组件验证,gem5/src/systemc/tests,inherited-from-ancestor
gem5/src/systemc/tests/systemc/misc/user_guide/param_model/golden,directory,,1,1,main-source-tree,原生SystemC测试,组件验证,gem5/src/systemc/tests,inherited-from-ancestor
gem5/src/systemc/tests/systemc/misc/v1.0,directory,,0,127,main-source-tree,原生SystemC测试,组件验证,gem5/src/systemc/tests,inherited-from-ancestor
gem5/src/systemc/tests/systemc/misc/v1.0/blv,directory,,2,3,main-source-tree,原生SystemC测试,组件验证,gem5/src/systemc/tests,inherited-from-ancestor
gem5/src/systemc/tests/systemc/misc/v1.0/blv/golden,directory,,1,1,main-source-tree,原生SystemC测试,组件验证,gem5/src/systemc/tests,inherited-from-ancestor
gem5/src/systemc/tests/systemc/misc/v1.0/dash0,directory,,9,10,main-source-tree,原生SystemC测试,组件验证,gem5/src/systemc/tests,inherited-from-ancestor
gem5/src/systemc/tests/systemc/misc/v1.0/dash0/golden,directory,,1,1,main-source-tree,原生SystemC测试,组件验证,gem5/src/systemc/tests,inherited-from-ancestor
gem5/src/systemc/tests/systemc/misc/v1.0/dash1,directory,,11,12,main-source-tree,原生SystemC测试,组件验证,gem5/src/systemc/tests,inherited-from-ancestor
gem5/src/systemc/tests/systemc/misc/v1.0/dash1/golden,directory,,1,1,main-source-tree,原生SystemC测试,组件验证,gem5/src/systemc/tests,inherited-from-ancestor
gem5/src/systemc/tests/systemc/misc/v1.0/dash2,directory,,11,12,main-source-tree,原生SystemC测试,组件验证,gem5/src/systemc/tests,inherited-from-ancestor
gem5/src/systemc/tests/systemc/misc/v1.0/dash2/golden,directory,,1,1,main-source-tree,原生SystemC测试,组件验证,gem5/src/systemc/tests,inherited-from-ancestor
gem5/src/systemc/tests/systemc/misc/v1.0/dash3,directory,,11,12,main-source-tree,原生SystemC测试,组件验证,gem5/src/systemc/tests,inherited-from-ancestor
gem5/src/systemc/tests/systemc/misc/v1.0/dash3/golden,directory,,1,1,main-source-tree,原生SystemC测试,组件验证,gem5/src/systemc/tests,inherited-from-ancestor
gem5/src/systemc/tests/systemc/misc/v1.0/dash4,directory,,11,12,main-source-tree,原生SystemC测试,组件验证,gem5/src/systemc/tests,inherited-from-ancestor
gem5/src/systemc/tests/systemc/misc/v1.0/dash4/golden,directory,,1,1,main-source-tree,原生SystemC测试,组件验证,gem5/src/systemc/tests,inherited-from-ancestor
gem5/src/systemc/tests/systemc/misc/v1.0/dash5,directory,,11,12,main-source-tree,原生SystemC测试,组件验证,gem5/src/systemc/tests,inherited-from-ancestor
gem5/src/systemc/tests/systemc/misc/v1.0/dash5/golden,directory,,1,1,main-source-tree,原生SystemC测试,组件验证,gem5/src/systemc/tests,inherited-from-ancestor
gem5/src/systemc/tests/systemc/misc/v1.0/dash6,directory,,11,12,main-source-tree,原生SystemC测试,组件验证,gem5/src/systemc/tests,inherited-from-ancestor
gem5/src/systemc/tests/systemc/misc/v1.0/dash6/golden,directory,,1,1,main-source-tree,原生SystemC测试,组件验证,gem5/src/systemc/tests,inherited-from-ancestor
gem5/src/systemc/tests/systemc/misc/v1.0/dash7,directory,,11,12,main-source-tree,原生SystemC测试,组件验证,gem5/src/systemc/tests,inherited-from-ancestor
gem5/src/systemc/tests/systemc/misc/v1.0/dash7/golden,directory,,1,1,main-source-tree,原生SystemC测试,组件验证,gem5/src/systemc/tests,inherited-from-ancestor
gem5/src/systemc/tests/systemc/misc/v1.0/dash8,directory,,11,12,main-source-tree,原生SystemC测试,组件验证,gem5/src/systemc/tests,inherited-from-ancestor
gem5/src/systemc/tests/systemc/misc/v1.0/dash8/golden,directory,,1,1,main-source-tree,原生SystemC测试,组件验证,gem5/src/systemc/tests,inherited-from-ancestor
gem5/src/systemc/tests/systemc/misc/v1.0/dash9,directory,,11,12,main-source-tree,原生SystemC测试,组件验证,gem5/src/systemc/tests,inherited-from-ancestor
gem5/src/systemc/tests/systemc/misc/v1.0/dash9/golden,directory,,1,1,main-source-tree,原生SystemC测试,组件验证,gem5/src/systemc/tests,inherited-from-ancestor
gem5/src/systemc/tests/systemc/misc/v1.0/module_name,directory,,1,2,main-source-tree,原生SystemC测试,组件验证,gem5/src/systemc/tests,inherited-from-ancestor
gem5/src/systemc/tests/systemc/misc/v1.0/module_name/golden,directory,,1,1,main-source-tree,原生SystemC测试,组件验证,gem5/src/systemc/tests,inherited-from-ancestor
gem5/src/systemc/tests/systemc/misc/v1.0/out_of_bounds,directory,,1,2,main-source-tree,原生SystemC测试,组件验证,gem5/src/systemc/tests,inherited-from-ancestor
gem5/src/systemc/tests/systemc/misc/v1.0/out_of_bounds/golden,directory,,1,1,main-source-tree,原生SystemC测试,组件验证,gem5/src/systemc/tests,inherited-from-ancestor
gem5/src/systemc/tests/systemc/misc/v1.0/resolved_sig,directory,,1,2,main-source-tree,原生SystemC测试,组件验证,gem5/src/systemc/tests,inherited-from-ancestor
gem5/src/systemc/tests/systemc/misc/v1.0/resolved_sig/golden,directory,,1,1,main-source-tree,原生SystemC测试,组件验证,gem5/src/systemc/tests,inherited-from-ancestor
gem5/src/systemc/tests/systemc/tmp,directory,,0,32,main-source-tree,原生SystemC测试,组件验证,gem5/src/systemc/tests,inherited-from-ancestor
gem5/src/systemc/tests/systemc/tmp/compliance_1666_2011,directory,,0,12,main-source-tree,原生SystemC测试,组件验证,gem5/src/systemc/tests,inherited-from-ancestor
gem5/src/systemc/tests/systemc/tmp/compliance_1666_2011/section_5.3.4.2,directory,,0,2,main-source-tree,原生SystemC测试,组件验证,gem5/src/systemc/tests,inherited-from-ancestor
gem5/src/systemc/tests/systemc/tmp/compliance_1666_2011/section_5.3.4.2/test01,directory,,1,2,main-source-tree,原生SystemC测试,组件验证,gem5/src/systemc/tests,inherited-from-ancestor
gem5/src/systemc/tests/systemc/tmp/compliance_1666_2011/section_5.3.4.2/test01/golden,directory,,1,1,main-source-tree,原生SystemC测试,组件验证,gem5/src/systemc/tests,inherited-from-ancestor
gem5/src/systemc/tests/systemc/tmp/compliance_1666_2011/section_6.6,directory,,0,10,main-source-tree,原生SystemC测试,组件验证,gem5/src/systemc/tests,inherited-from-ancestor
gem5/src/systemc/tests/systemc/tmp/compliance_1666_2011/section_6.6/test01,directory,,1,2,main-source-tree,原生SystemC测试,组件验证,gem5/src/systemc/tests,inherited-from-ancestor
gem5/src/systemc/tests/systemc/tmp/compliance_1666_2011/section_6.6/test01/golden,directory,,1,1,main-source-tree,原生SystemC测试,组件验证,gem5/src/systemc/tests,inherited-from-ancestor
gem5/src/systemc/tests/systemc/tmp/compliance_1666_2011/section_6.6/test02,directory,,1,2,main-source-tree,原生SystemC测试,组件验证,gem5/src/systemc/tests,inherited-from-ancestor
gem5/src/systemc/tests/systemc/tmp/compliance_1666_2011/section_6.6/test02/golden,directory,,1,1,main-source-tree,原生SystemC测试,组件验证,gem5/src/systemc/tests,inherited-from-ancestor
gem5/src/systemc/tests/systemc/tmp/compliance_1666_2011/section_6.6/test03,directory,,1,2,main-source-tree,原生SystemC测试,组件验证,gem5/src/systemc/tests,inherited-from-ancestor
gem5/src/systemc/tests/systemc/tmp/compliance_1666_2011/section_6.6/test03/golden,directory,,1,1,main-source-tree,原生SystemC测试,组件验证,gem5/src/systemc/tests,inherited-from-ancestor
gem5/src/systemc/tests/systemc/tmp/compliance_1666_2011/section_6.6/test04,directory,,1,2,main-source-tree,原生SystemC测试,组件验证,gem5/src/systemc/tests,inherited-from-ancestor
gem5/src/systemc/tests/systemc/tmp/compliance_1666_2011/section_6.6/test04/golden,directory,,1,1,main-source-tree,原生SystemC测试,组件验证,gem5/src/systemc/tests,inherited-from-ancestor
gem5/src/systemc/tests/systemc/tmp/compliance_1666_2011/section_6.6/test05,directory,,1,2,main-source-tree,原生SystemC测试,组件验证,gem5/src/systemc/tests,inherited-from-ancestor
gem5/src/systemc/tests/systemc/tmp/compliance_1666_2011/section_6.6/test05/golden,directory,,1,1,main-source-tree,原生SystemC测试,组件验证,gem5/src/systemc/tests,inherited-from-ancestor
gem5/src/systemc/tests/systemc/tmp/others,directory,,0,20,main-source-tree,原生SystemC测试,组件验证,gem5/src/systemc/tests,inherited-from-ancestor
gem5/src/systemc/tests/systemc/tmp/others/OLD_kill_reset,directory,,1,2,main-source-tree,原生SystemC测试,组件验证,gem5/src/systemc/tests,inherited-from-ancestor
gem5/src/systemc/tests/systemc/tmp/others/OLD_kill_reset/golden,directory,,1,1,main-source-tree,原生SystemC测试,组件验证,gem5/src/systemc/tests,inherited-from-ancestor
gem5/src/systemc/tests/systemc/tmp/others/OLD_sc_start_starvation,directory,,1,2,main-source-tree,原生SystemC测试,组件验证,gem5/src/systemc/tests,inherited-from-ancestor
gem5/src/systemc/tests/systemc/tmp/others/OLD_sc_start_starvation/golden,directory,,1,1,main-source-tree,原生SystemC测试,组件验证,gem5/src/systemc/tests,inherited-from-ancestor
gem5/src/systemc/tests/systemc/tmp/others/bogus_reset,directory,,1,2,main-source-tree,原生SystemC测试,组件验证,gem5/src/systemc/tests,inherited-from-ancestor
gem5/src/systemc/tests/systemc/tmp/others/bogus_reset/golden,directory,,1,1,main-source-tree,原生SystemC测试,组件验证,gem5/src/systemc/tests,inherited-from-ancestor
gem5/src/systemc/tests/systemc/tmp/others/is_unwinding_bug,directory,,1,2,main-source-tree,原生SystemC测试,组件验证,gem5/src/systemc/tests,inherited-from-ancestor
gem5/src/systemc/tests/systemc/tmp/others/is_unwinding_bug/golden,directory,,1,1,main-source-tree,原生SystemC测试,组件验证,gem5/src/systemc/tests,inherited-from-ancestor
gem5/src/systemc/tests/systemc/tmp/others/kill_reset,directory,,1,2,main-source-tree,原生SystemC测试,组件验证,gem5/src/systemc/tests,inherited-from-ancestor
gem5/src/systemc/tests/systemc/tmp/others/kill_reset/golden,directory,,1,1,main-source-tree,原生SystemC测试,组件验证,gem5/src/systemc/tests,inherited-from-ancestor
gem5/src/systemc/tests/systemc/tmp/others/method_suspends_itself,directory,,1,2,main-source-tree,原生SystemC测试,组件验证,gem5/src/systemc/tests,inherited-from-ancestor
gem5/src/systemc/tests/systemc/tmp/others/method_suspends_itself/golden,directory,,1,1,main-source-tree,原生SystemC测试,组件验证,gem5/src/systemc/tests,inherited-from-ancestor
gem5/src/systemc/tests/systemc/tmp/others/priority_bug,directory,,1,2,main-source-tree,原生SystemC测试,组件验证,gem5/src/systemc/tests,inherited-from-ancestor
gem5/src/systemc/tests/systemc/tmp/others/priority_bug/golden,directory,,1,1,main-source-tree,原生SystemC测试,组件验证,gem5/src/systemc/tests,inherited-from-ancestor
gem5/src/systemc/tests/systemc/tmp/others/sc_start_starvation,directory,,1,2,main-source-tree,原生SystemC测试,组件验证,gem5/src/systemc/tests,inherited-from-ancestor
gem5/src/systemc/tests/systemc/tmp/others/sc_start_starvation/golden,directory,,1,1,main-source-tree,原生SystemC测试,组件验证,gem5/src/systemc/tests,inherited-from-ancestor
gem5/src/systemc/tests/systemc/tmp/others/sc_writer_bug,directory,,1,2,main-source-tree,原生SystemC测试,组件验证,gem5/src/systemc/tests,inherited-from-ancestor
gem5/src/systemc/tests/systemc/tmp/others/sc_writer_bug/golden,directory,,1,1,main-source-tree,原生SystemC测试,组件验证,gem5/src/systemc/tests,inherited-from-ancestor
gem5/src/systemc/tests/systemc/tmp/others/sync_reset,directory,,1,2,main-source-tree,原生SystemC测试,组件验证,gem5/src/systemc/tests,inherited-from-ancestor
gem5/src/systemc/tests/systemc/tmp/others/sync_reset/golden,directory,,1,1,main-source-tree,原生SystemC测试,组件验证,gem5/src/systemc/tests,inherited-from-ancestor
gem5/src/systemc/tests/systemc/tracing,directory,,0,88,main-source-tree,原生SystemC测试,组件验证,gem5/src/systemc/tests,inherited-from-ancestor
gem5/src/systemc/tests/systemc/tracing/vcd_trace,directory,,0,42,main-source-tree,原生SystemC测试,组件验证,gem5/src/systemc/tests,inherited-from-ancestor
gem5/src/systemc/tests/systemc/tracing/vcd_trace/sc_signal_ports,directory,,1,2,main-source-tree,原生SystemC测试,组件验证,gem5/src/systemc/tests,inherited-from-ancestor
gem5/src/systemc/tests/systemc/tracing/vcd_trace/sc_signal_ports/golden,directory,,1,1,main-source-tree,原生SystemC测试,组件验证,gem5/src/systemc/tests,inherited-from-ancestor
gem5/src/systemc/tests/systemc/tracing/vcd_trace/test01,directory,,1,2,main-source-tree,原生SystemC测试,组件验证,gem5/src/systemc/tests,inherited-from-ancestor
gem5/src/systemc/tests/systemc/tracing/vcd_trace/test01/golden,directory,,1,1,main-source-tree,原生SystemC测试,组件验证,gem5/src/systemc/tests,inherited-from-ancestor
gem5/src/systemc/tests/systemc/tracing/vcd_trace/test02,directory,,1,7,main-source-tree,原生SystemC测试,组件验证,gem5/src/systemc/tests,inherited-from-ancestor
gem5/src/systemc/tests/systemc/tracing/vcd_trace/test02/golden,directory,,6,6,main-source-tree,原生SystemC测试,组件验证,gem5/src/systemc/tests,inherited-from-ancestor
gem5/src/systemc/tests/systemc/tracing/vcd_trace/test03,directory,,1,2,main-source-tree,原生SystemC测试,组件验证,gem5/src/systemc/tests,inherited-from-ancestor
gem5/src/systemc/tests/systemc/tracing/vcd_trace/test03/golden,directory,,1,1,main-source-tree,原生SystemC测试,组件验证,gem5/src/systemc/tests,inherited-from-ancestor
gem5/src/systemc/tests/systemc/tracing/vcd_trace/test04,directory,,1,7,main-source-tree,原生SystemC测试,组件验证,gem5/src/systemc/tests,inherited-from-ancestor
gem5/src/systemc/tests/systemc/tracing/vcd_trace/test04/golden,directory,,6,6,main-source-tree,原生SystemC测试,组件验证,gem5/src/systemc/tests,inherited-from-ancestor
gem5/src/systemc/tests/systemc/tracing/vcd_trace/test05,directory,,1,2,main-source-tree,原生SystemC测试,组件验证,gem5/src/systemc/tests,inherited-from-ancestor
gem5/src/systemc/tests/systemc/tracing/vcd_trace/test05/golden,directory,,1,1,main-source-tree,原生SystemC测试,组件验证,gem5/src/systemc/tests,inherited-from-ancestor
gem5/src/systemc/tests/systemc/tracing/vcd_trace/test06,directory,,1,2,main-source-tree,原生SystemC测试,组件验证,gem5/src/systemc/tests,inherited-from-ancestor
gem5/src/systemc/tests/systemc/tracing/vcd_trace/test06/golden,directory,,1,1,main-source-tree,原生SystemC测试,组件验证,gem5/src/systemc/tests,inherited-from-ancestor
gem5/src/systemc/tests/systemc/tracing/vcd_trace/test07,directory,,1,2,main-source-tree,原生SystemC测试,组件验证,gem5/src/systemc/tests,inherited-from-ancestor
gem5/src/systemc/tests/systemc/tracing/vcd_trace/test07/golden,directory,,1,1,main-source-tree,原生SystemC测试,组件验证,gem5/src/systemc/tests,inherited-from-ancestor
gem5/src/systemc/tests/systemc/tracing/vcd_trace/test08,directory,,1,2,main-source-tree,原生SystemC测试,组件验证,gem5/src/systemc/tests,inherited-from-ancestor
gem5/src/systemc/tests/systemc/tracing/vcd_trace/test08/golden,directory,,1,1,main-source-tree,原生SystemC测试,组件验证,gem5/src/systemc/tests,inherited-from-ancestor
gem5/src/systemc/tests/systemc/tracing/vcd_trace/test09,directory,,1,2,main-source-tree,原生SystemC测试,组件验证,gem5/src/systemc/tests,inherited-from-ancestor
gem5/src/systemc/tests/systemc/tracing/vcd_trace/test09/golden,directory,,1,1,main-source-tree,原生SystemC测试,组件验证,gem5/src/systemc/tests,inherited-from-ancestor
gem5/src/systemc/tests/systemc/tracing/vcd_trace/test10,directory,,1,2,main-source-tree,原生SystemC测试,组件验证,gem5/src/systemc/tests,inherited-from-ancestor
gem5/src/systemc/tests/systemc/tracing/vcd_trace/test10/golden,directory,,1,1,main-source-tree,原生SystemC测试,组件验证,gem5/src/systemc/tests,inherited-from-ancestor
gem5/src/systemc/tests/systemc/tracing/vcd_trace/test12,directory,,1,2,main-source-tree,原生SystemC测试,组件验证,gem5/src/systemc/tests,inherited-from-ancestor
gem5/src/systemc/tests/systemc/tracing/vcd_trace/test12/golden,directory,,1,1,main-source-tree,原生SystemC测试,组件验证,gem5/src/systemc/tests,inherited-from-ancestor
gem5/src/systemc/tests/systemc/tracing/vcd_trace/test13,directory,,1,2,main-source-tree,原生SystemC测试,组件验证,gem5/src/systemc/tests,inherited-from-ancestor
gem5/src/systemc/tests/systemc/tracing/vcd_trace/test13/golden,directory,,1,1,main-source-tree,原生SystemC测试,组件验证,gem5/src/systemc/tests,inherited-from-ancestor
gem5/src/systemc/tests/systemc/tracing/vcd_trace/test14,directory,,1,2,main-source-tree,原生SystemC测试,组件验证,gem5/src/systemc/tests,inherited-from-ancestor
gem5/src/systemc/tests/systemc/tracing/vcd_trace/test14/golden,directory,,1,1,main-source-tree,原生SystemC测试,组件验证,gem5/src/systemc/tests,inherited-from-ancestor
gem5/src/systemc/tests/systemc/tracing/vcd_trace/test15,directory,,1,2,main-source-tree,原生SystemC测试,组件验证,gem5/src/systemc/tests,inherited-from-ancestor
gem5/src/systemc/tests/systemc/tracing/vcd_trace/test15/golden,directory,,1,1,main-source-tree,原生SystemC测试,组件验证,gem5/src/systemc/tests,inherited-from-ancestor
gem5/src/systemc/tests/systemc/tracing/vcd_trace/test16,directory,,1,2,main-source-tree,原生SystemC测试,组件验证,gem5/src/systemc/tests,inherited-from-ancestor
gem5/src/systemc/tests/systemc/tracing/vcd_trace/test16/golden,directory,,1,1,main-source-tree,原生SystemC测试,组件验证,gem5/src/systemc/tests,inherited-from-ancestor
gem5/src/systemc/tests/systemc/tracing/wif_trace,directory,,0,46,main-source-tree,原生SystemC测试,组件验证,gem5/src/systemc/tests,inherited-from-ancestor
gem5/src/systemc/tests/systemc/tracing/wif_trace/mixed,directory,,2,3,main-source-tree,原生SystemC测试,组件验证,gem5/src/systemc/tests,inherited-from-ancestor
gem5/src/systemc/tests/systemc/tracing/wif_trace/mixed/golden,directory,,1,1,main-source-tree,原生SystemC测试,组件验证,gem5/src/systemc/tests,inherited-from-ancestor
gem5/src/systemc/tests/systemc/tracing/wif_trace/pct1,directory,,6,7,main-source-tree,原生SystemC测试,组件验证,gem5/src/systemc/tests,inherited-from-ancestor
gem5/src/systemc/tests/systemc/tracing/wif_trace/pct1/golden,directory,,1,1,main-source-tree,原生SystemC测试,组件验证,gem5/src/systemc/tests,inherited-from-ancestor
gem5/src/systemc/tests/systemc/tracing/wif_trace/test01,directory,,1,2,main-source-tree,原生SystemC测试,组件验证,gem5/src/systemc/tests,inherited-from-ancestor
gem5/src/systemc/tests/systemc/tracing/wif_trace/test01/golden,directory,,1,1,main-source-tree,原生SystemC测试,组件验证,gem5/src/systemc/tests,inherited-from-ancestor
gem5/src/systemc/tests/systemc/tracing/wif_trace/test02,directory,,1,7,main-source-tree,原生SystemC测试,组件验证,gem5/src/systemc/tests,inherited-from-ancestor
gem5/src/systemc/tests/systemc/tracing/wif_trace/test02/golden,directory,,6,6,main-source-tree,原生SystemC测试,组件验证,gem5/src/systemc/tests,inherited-from-ancestor
gem5/src/systemc/tests/systemc/tracing/wif_trace/test03,directory,,1,2,main-source-tree,原生SystemC测试,组件验证,gem5/src/systemc/tests,inherited-from-ancestor
gem5/src/systemc/tests/systemc/tracing/wif_trace/test03/golden,directory,,1,1,main-source-tree,原生SystemC测试,组件验证,gem5/src/systemc/tests,inherited-from-ancestor
gem5/src/systemc/tests/systemc/tracing/wif_trace/test04,directory,,1,7,main-source-tree,原生SystemC测试,组件验证,gem5/src/systemc/tests,inherited-from-ancestor
gem5/src/systemc/tests/systemc/tracing/wif_trace/test04/golden,directory,,6,6,main-source-tree,原生SystemC测试,组件验证,gem5/src/systemc/tests,inherited-from-ancestor
gem5/src/systemc/tests/systemc/tracing/wif_trace/test05,directory,,1,2,main-source-tree,原生SystemC测试,组件验证,gem5/src/systemc/tests,inherited-from-ancestor
gem5/src/systemc/tests/systemc/tracing/wif_trace/test05/golden,directory,,1,1,main-source-tree,原生SystemC测试,组件验证,gem5/src/systemc/tests,inherited-from-ancestor
gem5/src/systemc/tests/systemc/tracing/wif_trace/test06,directory,,1,2,main-source-tree,原生SystemC测试,组件验证,gem5/src/systemc/tests,inherited-from-ancestor
gem5/src/systemc/tests/systemc/tracing/wif_trace/test06/golden,directory,,1,1,main-source-tree,原生SystemC测试,组件验证,gem5/src/systemc/tests,inherited-from-ancestor
gem5/src/systemc/tests/systemc/tracing/wif_trace/test07,directory,,1,2,main-source-tree,原生SystemC测试,组件验证,gem5/src/systemc/tests,inherited-from-ancestor
gem5/src/systemc/tests/systemc/tracing/wif_trace/test07/golden,directory,,1,1,main-source-tree,原生SystemC测试,组件验证,gem5/src/systemc/tests,inherited-from-ancestor
gem5/src/systemc/tests/systemc/tracing/wif_trace/test08,directory,,1,2,main-source-tree,原生SystemC测试,组件验证,gem5/src/systemc/tests,inherited-from-ancestor
gem5/src/systemc/tests/systemc/tracing/wif_trace/test08/golden,directory,,1,1,main-source-tree,原生SystemC测试,组件验证,gem5/src/systemc/tests,inherited-from-ancestor
gem5/src/systemc/tests/systemc/tracing/wif_trace/test09,directory,,1,2,main-source-tree,原生SystemC测试,组件验证,gem5/src/systemc/tests,inherited-from-ancestor
gem5/src/systemc/tests/systemc/tracing/wif_trace/test09/golden,directory,,1,1,main-source-tree,原生SystemC测试,组件验证,gem5/src/systemc/tests,inherited-from-ancestor
gem5/src/systemc/tests/systemc/tracing/wif_trace/test10,directory,,1,2,main-source-tree,原生SystemC测试,组件验证,gem5/src/systemc/tests,inherited-from-ancestor
gem5/src/systemc/tests/systemc/tracing/wif_trace/test10/golden,directory,,1,1,main-source-tree,原生SystemC测试,组件验证,gem5/src/systemc/tests,inherited-from-ancestor
gem5/src/systemc/tests/systemc/tracing/wif_trace/test11,directory,,1,2,main-source-tree,原生SystemC测试,组件验证,gem5/src/systemc/tests,inherited-from-ancestor
gem5/src/systemc/tests/systemc/tracing/wif_trace/test11/golden,directory,,1,1,main-source-tree,原生SystemC测试,组件验证,gem5/src/systemc/tests,inherited-from-ancestor
gem5/src/systemc/tests/systemc/tracing/wif_trace/test12,directory,,1,2,main-source-tree,原生SystemC测试,组件验证,gem5/src/systemc/tests,inherited-from-ancestor
gem5/src/systemc/tests/systemc/tracing/wif_trace/test12/golden,directory,,1,1,main-source-tree,原生SystemC测试,组件验证,gem5/src/systemc/tests,inherited-from-ancestor
gem5/src/systemc/tests/systemc/tracing/wif_trace/test15,directory,,1,2,main-source-tree,原生SystemC测试,组件验证,gem5/src/systemc/tests,inherited-from-ancestor
gem5/src/systemc/tests/systemc/tracing/wif_trace/test15/golden,directory,,1,1,main-source-tree,原生SystemC测试,组件验证,gem5/src/systemc/tests,inherited-from-ancestor
gem5/src/systemc/tests/systemc/utils,directory,,0,35,main-source-tree,原生SystemC测试,组件验证,gem5/src/systemc/tests,inherited-from-ancestor
gem5/src/systemc/tests/systemc/utils/sc_report,directory,,0,17,main-source-tree,原生SystemC测试,组件验证,gem5/src/systemc/tests,inherited-from-ancestor
gem5/src/systemc/tests/systemc/utils/sc_report/action_selection,directory,,1,2,main-source-tree,原生SystemC测试,组件验证,gem5/src/systemc/tests,inherited-from-ancestor
gem5/src/systemc/tests/systemc/utils/sc_report/action_selection/golden,directory,,1,1,main-source-tree,原生SystemC测试,组件验证,gem5/src/systemc/tests,inherited-from-ancestor
gem5/src/systemc/tests/systemc/utils/sc_report/cached,directory,,1,2,main-source-tree,原生SystemC测试,组件验证,gem5/src/systemc/tests,inherited-from-ancestor
gem5/src/systemc/tests/systemc/utils/sc_report/cached/golden,directory,,1,1,main-source-tree,原生SystemC测试,组件验证,gem5/src/systemc/tests,inherited-from-ancestor
gem5/src/systemc/tests/systemc/utils/sc_report/log_file,directory,,1,2,main-source-tree,原生SystemC测试,组件验证,gem5/src/systemc/tests,inherited-from-ancestor
gem5/src/systemc/tests/systemc/utils/sc_report/log_file/golden,directory,,1,1,main-source-tree,原生SystemC测试,组件验证,gem5/src/systemc/tests,inherited-from-ancestor
gem5/src/systemc/tests/systemc/utils/sc_report/test01,directory,,1,2,main-source-tree,原生SystemC测试,组件验证,gem5/src/systemc/tests,inherited-from-ancestor
gem5/src/systemc/tests/systemc/utils/sc_report/test01/golden,directory,,1,1,main-source-tree,原生SystemC测试,组件验证,gem5/src/systemc/tests,inherited-from-ancestor
gem5/src/systemc/tests/systemc/utils/sc_report/test02,directory,,1,2,main-source-tree,原生SystemC测试,组件验证,gem5/src/systemc/tests,inherited-from-ancestor
gem5/src/systemc/tests/systemc/utils/sc_report/test02/golden,directory,,1,1,main-source-tree,原生SystemC测试,组件验证,gem5/src/systemc/tests,inherited-from-ancestor
gem5/src/systemc/tests/systemc/utils/sc_report/test03,directory,,1,2,main-source-tree,原生SystemC测试,组件验证,gem5/src/systemc/tests,inherited-from-ancestor
gem5/src/systemc/tests/systemc/utils/sc_report/test03/golden,directory,,1,1,main-source-tree,原生SystemC测试,组件验证,gem5/src/systemc/tests,inherited-from-ancestor
gem5/src/systemc/tests/systemc/utils/sc_report/test04,directory,,1,2,main-source-tree,原生SystemC测试,组件验证,gem5/src/systemc/tests,inherited-from-ancestor
gem5/src/systemc/tests/systemc/utils/sc_report/test04/golden,directory,,1,1,main-source-tree,原生SystemC测试,组件验证,gem5/src/systemc/tests,inherited-from-ancestor
gem5/src/systemc/tests/systemc/utils/sc_report/test05,directory,,2,3,main-source-tree,原生SystemC测试,组件验证,gem5/src/systemc/tests,inherited-from-ancestor
gem5/src/systemc/tests/systemc/utils/sc_report/test05/golden,directory,,1,1,main-source-tree,原生SystemC测试,组件验证,gem5/src/systemc/tests,inherited-from-ancestor
gem5/src/systemc/tests/systemc/utils/sc_vector,directory,,0,18,main-source-tree,原生SystemC测试,组件验证,gem5/src/systemc/tests,inherited-from-ancestor
gem5/src/systemc/tests/systemc/utils/sc_vector/test01,directory,,1,2,main-source-tree,原生SystemC测试,组件验证,gem5/src/systemc/tests,inherited-from-ancestor
gem5/src/systemc/tests/systemc/utils/sc_vector/test01/golden,directory,,1,1,main-source-tree,原生SystemC测试,组件验证,gem5/src/systemc/tests,inherited-from-ancestor
gem5/src/systemc/tests/systemc/utils/sc_vector/test02,directory,,1,2,main-source-tree,原生SystemC测试,组件验证,gem5/src/systemc/tests,inherited-from-ancestor
gem5/src/systemc/tests/systemc/utils/sc_vector/test02/golden,directory,,1,1,main-source-tree,原生SystemC测试,组件验证,gem5/src/systemc/tests,inherited-from-ancestor
gem5/src/systemc/tests/systemc/utils/sc_vector/test03,directory,,1,2,main-source-tree,原生SystemC测试,组件验证,gem5/src/systemc/tests,inherited-from-ancestor
gem5/src/systemc/tests/systemc/utils/sc_vector/test03/golden,directory,,1,1,main-source-tree,原生SystemC测试,组件验证,gem5/src/systemc/tests,inherited-from-ancestor
gem5/src/systemc/tests/systemc/utils/sc_vector/test04,directory,,1,2,main-source-tree,原生SystemC测试,组件验证,gem5/src/systemc/tests,inherited-from-ancestor
gem5/src/systemc/tests/systemc/utils/sc_vector/test04/golden,directory,,1,1,main-source-tree,原生SystemC测试,组件验证,gem5/src/systemc/tests,inherited-from-ancestor
gem5/src/systemc/tests/systemc/utils/sc_vector/test05,directory,,1,2,main-source-tree,原生SystemC测试,组件验证,gem5/src/systemc/tests,inherited-from-ancestor
gem5/src/systemc/tests/systemc/utils/sc_vector/test05/golden,directory,,1,1,main-source-tree,原生SystemC测试,组件验证,gem5/src/systemc/tests,inherited-from-ancestor
gem5/src/systemc/tests/systemc/utils/sc_vector/test06,directory,,1,2,main-source-tree,原生SystemC测试,组件验证,gem5/src/systemc/tests,inherited-from-ancestor
gem5/src/systemc/tests/systemc/utils/sc_vector/test06/golden,directory,,1,1,main-source-tree,原生SystemC测试,组件验证,gem5/src/systemc/tests,inherited-from-ancestor
gem5/src/systemc/tests/systemc/utils/sc_vector/test07,directory,,1,2,main-source-tree,原生SystemC测试,组件验证,gem5/src/systemc/tests,inherited-from-ancestor
gem5/src/systemc/tests/systemc/utils/sc_vector/test07/golden,directory,,1,1,main-source-tree,原生SystemC测试,组件验证,gem5/src/systemc/tests,inherited-from-ancestor
gem5/src/systemc/tests/systemc/utils/sc_vector/test08,directory,,1,2,main-source-tree,原生SystemC测试,组件验证,gem5/src/systemc/tests,inherited-from-ancestor
gem5/src/systemc/tests/systemc/utils/sc_vector/test08/golden,directory,,1,1,main-source-tree,原生SystemC测试,组件验证,gem5/src/systemc/tests,inherited-from-ancestor
gem5/src/systemc/tests/systemc/utils/sc_vector/test09,directory,,1,2,main-source-tree,原生SystemC测试,组件验证,gem5/src/systemc/tests,inherited-from-ancestor
gem5/src/systemc/tests/systemc/utils/sc_vector/test09/golden,directory,,1,1,main-source-tree,原生SystemC测试,组件验证,gem5/src/systemc/tests,inherited-from-ancestor
gem5/src/systemc/tests/tlm,directory,,1,57,main-source-tree,原生SystemC测试,组件验证,gem5/src/systemc/tests,inherited-from-ancestor
gem5/src/systemc/tests/tlm/bugs,directory,,0,2,main-source-tree,原生SystemC测试,组件验证,gem5/src/systemc/tests,inherited-from-ancestor
gem5/src/systemc/tests/tlm/bugs/multi_passthrough_sockets_bug,directory,,1,2,main-source-tree,原生SystemC测试,组件验证,gem5/src/systemc/tests,inherited-from-ancestor
gem5/src/systemc/tests/tlm/bugs/multi_passthrough_sockets_bug/golden,directory,,1,1,main-source-tree,原生SystemC测试,组件验证,gem5/src/systemc/tests,inherited-from-ancestor
gem5/src/systemc/tests/tlm/bus,directory,,1,2,main-source-tree,原生SystemC测试,组件验证,gem5/src/systemc/tests,inherited-from-ancestor
gem5/src/systemc/tests/tlm/bus/golden,directory,,1,1,main-source-tree,原生SystemC测试,组件验证,gem5/src/systemc/tests,inherited-from-ancestor
gem5/src/systemc/tests/tlm/bus_dmi,directory,,1,2,main-source-tree,原生SystemC测试,组件验证,gem5/src/systemc/tests,inherited-from-ancestor
gem5/src/systemc/tests/tlm/bus_dmi/golden,directory,,1,1,main-source-tree,原生SystemC测试,组件验证,gem5/src/systemc/tests,inherited-from-ancestor
gem5/src/systemc/tests/tlm/cancel_all,directory,,1,2,main-source-tree,原生SystemC测试,组件验证,gem5/src/systemc/tests,inherited-from-ancestor
gem5/src/systemc/tests/tlm/cancel_all/golden,directory,,1,1,main-source-tree,原生SystemC测试,组件验证,gem5/src/systemc/tests,inherited-from-ancestor
gem5/src/systemc/tests/tlm/endian_conv,directory,,4,5,main-source-tree,原生SystemC测试,组件验证,gem5/src/systemc/tests,inherited-from-ancestor
gem5/src/systemc/tests/tlm/endian_conv/golden,directory,,1,1,main-source-tree,原生SystemC测试,组件验证,gem5/src/systemc/tests,inherited-from-ancestor
gem5/src/systemc/tests/tlm/multi_sockets,directory,,4,5,main-source-tree,原生SystemC测试,组件验证,gem5/src/systemc/tests,inherited-from-ancestor
gem5/src/systemc/tests/tlm/multi_sockets/golden,directory,,1,1,main-source-tree,原生SystemC测试,组件验证,gem5/src/systemc/tests,inherited-from-ancestor
gem5/src/systemc/tests/tlm/nb2b_adapter,directory,,2,3,main-source-tree,原生SystemC测试,组件验证,gem5/src/systemc/tests,inherited-from-ancestor
gem5/src/systemc/tests/tlm/nb2b_adapter/golden,directory,,1,1,main-source-tree,原生SystemC测试,组件验证,gem5/src/systemc/tests,inherited-from-ancestor
gem5/src/systemc/tests/tlm/p2p,directory,,0,16,main-source-tree,原生SystemC测试,组件验证,gem5/src/systemc/tests,inherited-from-ancestor
gem5/src/systemc/tests/tlm/p2p/BaseSocketLT,directory,,1,2,main-source-tree,原生SystemC测试,组件验证,gem5/src/systemc/tests,inherited-from-ancestor
gem5/src/systemc/tests/tlm/p2p/BaseSocketLT/golden,directory,,1,1,main-source-tree,原生SystemC测试,组件验证,gem5/src/systemc/tests,inherited-from-ancestor
gem5/src/systemc/tests/tlm/p2p/CoreDecoupling,directory,,1,2,main-source-tree,原生SystemC测试,组件验证,gem5/src/systemc/tests,inherited-from-ancestor
gem5/src/systemc/tests/tlm/p2p/CoreDecoupling/golden,directory,,1,1,main-source-tree,原生SystemC测试,组件验证,gem5/src/systemc/tests,inherited-from-ancestor
gem5/src/systemc/tests/tlm/p2p/EndEventLT,directory,,1,2,main-source-tree,原生SystemC测试,组件验证,gem5/src/systemc/tests,inherited-from-ancestor
gem5/src/systemc/tests/tlm/p2p/EndEventLT/golden,directory,,1,1,main-source-tree,原生SystemC测试,组件验证,gem5/src/systemc/tests,inherited-from-ancestor
gem5/src/systemc/tests/tlm/p2p/HierarchicalSocket,directory,,3,4,main-source-tree,原生SystemC测试,组件验证,gem5/src/systemc/tests,inherited-from-ancestor
gem5/src/systemc/tests/tlm/p2p/HierarchicalSocket/golden,directory,,1,1,main-source-tree,原生SystemC测试,组件验证,gem5/src/systemc/tests,inherited-from-ancestor
gem5/src/systemc/tests/tlm/p2p/RegisterSocketProcessLT,directory,,1,2,main-source-tree,原生SystemC测试,组件验证,gem5/src/systemc/tests,inherited-from-ancestor
gem5/src/systemc/tests/tlm/p2p/RegisterSocketProcessLT/golden,directory,,1,1,main-source-tree,原生SystemC测试,组件验证,gem5/src/systemc/tests,inherited-from-ancestor
gem5/src/systemc/tests/tlm/p2p/SimpleAT,directory,,1,2,main-source-tree,原生SystemC测试,组件验证,gem5/src/systemc/tests,inherited-from-ancestor
gem5/src/systemc/tests/tlm/p2p/SimpleAT/golden,directory,,1,1,main-source-tree,原生SystemC测试,组件验证,gem5/src/systemc/tests,inherited-from-ancestor
gem5/src/systemc/tests/tlm/p2p/SimpleAT_TA,directory,,1,2,main-source-tree,原生SystemC测试,组件验证,gem5/src/systemc/tests,inherited-from-ancestor
gem5/src/systemc/tests/tlm/p2p/SimpleAT_TA/golden,directory,,1,1,main-source-tree,原生SystemC测试,组件验证,gem5/src/systemc/tests,inherited-from-ancestor
gem5/src/systemc/tests/tlm/static_extensions,directory,,0,16,main-source-tree,原生SystemC测试,组件验证,gem5/src/systemc/tests,inherited-from-ancestor
gem5/src/systemc/tests/tlm/static_extensions/ext2gp,directory,,4,5,main-source-tree,原生SystemC测试,组件验证,gem5/src/systemc/tests,inherited-from-ancestor
gem5/src/systemc/tests/tlm/static_extensions/ext2gp/golden,directory,,1,1,main-source-tree,原生SystemC测试,组件验证,gem5/src/systemc/tests,inherited-from-ancestor
gem5/src/systemc/tests/tlm/static_extensions/ext2gp2ext,directory,,5,6,main-source-tree,原生SystemC测试,组件验证,gem5/src/systemc/tests,inherited-from-ancestor
gem5/src/systemc/tests/tlm/static_extensions/ext2gp2ext/golden,directory,,1,1,main-source-tree,原生SystemC测试,组件验证,gem5/src/systemc/tests,inherited-from-ancestor
gem5/src/systemc/tests/tlm/static_extensions/gp2ext,directory,,4,5,main-source-tree,原生SystemC测试,组件验证,gem5/src/systemc/tests,inherited-from-ancestor
gem5/src/systemc/tests/tlm/static_extensions/gp2ext/golden,directory,,1,1,main-source-tree,原生SystemC测试,组件验证,gem5/src/systemc/tests,inherited-from-ancestor
gem5/src/systemc/tests/tlm/update_original,directory,,2,3,main-source-tree,原生SystemC测试,组件验证,gem5/src/systemc/tests,inherited-from-ancestor
gem5/src/systemc/tests/tlm/update_original/golden,directory,,1,1,main-source-tree,原生SystemC测试,组件验证,gem5/src/systemc/tests,inherited-from-ancestor
gem5/src/systemc/tlm_bridge,directory,,10,10,main-source-tree,Packet↔TLM、四阶段及响应重试,目标访问进入Master的边界,gem5/src/systemc/tlm_bridge,manual
gem5/src/systemc/tlm_core,directory,,0,6,main-source-tree,TLM类型、接口和基础设施,原生TLM实现,gem5/src/systemc/tlm_core,manual
gem5/src/systemc/tlm_core/2,directory,,0,6,main-source-tree,TLM类型、接口和基础设施,原生TLM实现,gem5/src/systemc/tlm_core,inherited-from-ancestor
gem5/src/systemc/tlm_core/2/generic_payload,directory,,3,3,main-source-tree,TLM类型、接口和基础设施,原生TLM实现,gem5/src/systemc/tlm_core,inherited-from-ancestor
gem5/src/systemc/tlm_core/2/quantum,directory,,3,3,main-source-tree,TLM类型、接口和基础设施,原生TLM实现,gem5/src/systemc/tlm_core,inherited-from-ancestor
gem5/src/systemc/tlm_utils,directory,,3,3,main-source-tree,TLM便利socket与公共工具,原生TLM工具,gem5/src/systemc/tlm_utils,manual
gem5/src/systemc/utils,directory,,13,13,main-source-tree,gem5原生SystemC/TLM实现及桥接,当前在线系统时间与process基础,gem5/src/systemc,inherited-from-ancestor
gem5/src/test_objects,directory,,5,5,main-source-tree,框架测试对象,测试,gem5/src/test_objects,manual
gem5/system,directory,,0,12,main-source-tree,上游系统/平台启动支持,当前SE验收未启动完整OS,gem5/system,manual
gem5/system/arm,directory,,0,12,main-source-tree,上游系统/平台启动支持,当前SE验收未启动完整OS,gem5/system,inherited-from-ancestor
gem5/system/arm/bootloader,directory,,0,4,main-source-tree,上游系统/平台启动支持,当前SE验收未启动完整OS,gem5/system,inherited-from-ancestor
gem5/system/arm/bootloader/arm,directory,,2,2,main-source-tree,上游系统/平台启动支持,当前SE验收未启动完整OS,gem5/system,inherited-from-ancestor
gem5/system/arm/bootloader/arm64,directory,,2,2,main-source-tree,上游系统/平台启动支持,当前SE验收未启动完整OS,gem5/system,inherited-from-ancestor
gem5/system/arm/dt,directory,,3,8,main-source-tree,上游系统/平台启动支持,当前SE验收未启动完整OS,gem5/system,inherited-from-ancestor
gem5/system/arm/dt/platforms,directory,,5,5,main-source-tree,上游系统/平台启动支持,当前SE验收未启动完整OS,gem5/system,inherited-from-ancestor
gem5/tests,directory,,4,756,main-source-tree,框架、配置、Python与程序测试,当前验收不等于全部上游tests通过,gem5/tests,manual
gem5/tests/deprecated,directory,,3,7,main-source-tree,框架、配置、Python与程序测试,当前验收不等于全部上游tests通过,gem5/tests,inherited-from-ancestor
gem5/tests/deprecated/jenkins,directory,,4,4,main-source-tree,框架、配置、Python与程序测试,当前验收不等于全部上游tests通过,gem5/tests,inherited-from-ancestor
gem5/tests/gem5,directory,,4,699,main-source-tree,框架、配置、Python与程序测试,当前验收不等于全部上游tests通过,gem5/tests,inherited-from-ancestor
gem5/tests/gem5/arm_boot_tests,directory,,2,3,main-source-tree,框架、配置、Python与程序测试,当前验收不等于全部上游tests通过,gem5/tests,inherited-from-ancestor
gem5/tests/gem5/arm_boot_tests/configs,directory,,1,1,main-source-tree,框架、配置、Python与程序测试,当前验收不等于全部上游tests通过,gem5/tests,inherited-from-ancestor
gem5/tests/gem5/asmtest,directory,,2,3,main-source-tree,框架、配置、Python与程序测试,当前验收不等于全部上游tests通过,gem5/tests,inherited-from-ancestor
gem5/tests/gem5/asmtest/configs,directory,,1,1,main-source-tree,框架、配置、Python与程序测试,当前验收不等于全部上游tests通过,gem5/tests,inherited-from-ancestor
gem5/tests/gem5/checkpoint_tests,directory,,2,12,main-source-tree,框架、配置、Python与程序测试,当前验收不等于全部上游tests通过,gem5/tests,inherited-from-ancestor
gem5/tests/gem5/checkpoint_tests/configs,directory,,10,10,main-source-tree,框架、配置、Python与程序测试,当前验收不等于全部上游tests通过,gem5/tests,inherited-from-ancestor
gem5/tests/gem5/chi_protocol,directory,,2,4,main-source-tree,框架、配置、Python与程序测试,当前验收不等于全部上游tests通过,gem5/tests,inherited-from-ancestor
gem5/tests/gem5/chi_protocol/configs,directory,,1,1,main-source-tree,框架、配置、Python与程序测试,当前验收不等于全部上游tests通过,gem5/tests,inherited-from-ancestor
gem5/tests/gem5/chi_protocol/refs,directory,,1,1,main-source-tree,框架、配置、Python与程序测试,当前验收不等于全部上游tests通过,gem5/tests,inherited-from-ancestor
gem5/tests/gem5/chi_tlm_tests,directory,,0,2,main-source-tree,框架、配置、Python与程序测试,当前验收不等于全部上游tests通过,gem5/tests,inherited-from-ancestor
gem5/tests/gem5/chi_tlm_tests/configs,directory,,1,2,main-source-tree,框架、配置、Python与程序测试,当前验收不等于全部上游tests通过,gem5/tests,inherited-from-ancestor
gem5/tests/gem5/chi_tlm_tests/configs/suites,directory,,1,1,main-source-tree,框架、配置、Python与程序测试,当前验收不等于全部上游tests通过,gem5/tests,inherited-from-ancestor
gem5/tests/gem5/config_output_files,directory,,2,3,main-source-tree,框架、配置、Python与程序测试,当前验收不等于全部上游tests通过,gem5/tests,inherited-from-ancestor
gem5/tests/gem5/config_output_files/configs,directory,,1,1,main-source-tree,框架、配置、Python与程序测试,当前验收不等于全部上游tests通过,gem5/tests,inherited-from-ancestor
gem5/tests/gem5/cpu_tests,directory,,3,5,main-source-tree,框架、配置、Python与程序测试,当前验收不等于全部上游tests通过,gem5/tests,inherited-from-ancestor
gem5/tests/gem5/cpu_tests/ref,directory,,2,2,main-source-tree,框架、配置、Python与程序测试,当前验收不等于全部上游tests通过,gem5/tests,inherited-from-ancestor
gem5/tests/gem5/dram_lowp,directory,,2,3,main-source-tree,框架、配置、Python与程序测试,当前验收不等于全部上游tests通过,gem5/tests,inherited-from-ancestor
gem5/tests/gem5/dram_lowp/ref,directory,,1,1,main-source-tree,框架、配置、Python与程序测试,当前验收不等于全部上游tests通过,gem5/tests,inherited-from-ancestor
gem5/tests/gem5/example_configs,directory,,1,10,main-source-tree,框架、配置、Python与程序测试,当前验收不等于全部上游tests通过,gem5/tests,inherited-from-ancestor
gem5/tests/gem5/example_configs/arm,directory,,1,1,main-source-tree,框架、配置、Python与程序测试,当前验收不等于全部上游tests通过,gem5/tests,inherited-from-ancestor
gem5/tests/gem5/example_configs/benchmarks,directory,,1,1,main-source-tree,框架、配置、Python与程序测试,当前验收不等于全部上游tests通过,gem5/tests,inherited-from-ancestor
gem5/tests/gem5/example_configs/checkpoints,directory,,1,1,main-source-tree,框架、配置、Python与程序测试,当前验收不等于全部上游tests通过,gem5/tests,inherited-from-ancestor
gem5/tests/gem5/example_configs/misc,directory,,1,1,main-source-tree,框架、配置、Python与程序测试,当前验收不等于全部上游tests通过,gem5/tests,inherited-from-ancestor
gem5/tests/gem5/example_configs/neoverse,directory,,1,1,main-source-tree,框架、配置、Python与程序测试,当前验收不等于全部上游tests通过,gem5/tests,inherited-from-ancestor
gem5/tests/gem5/example_configs/riscv,directory,,1,1,main-source-tree,框架、配置、Python与程序测试,当前验收不等于全部上游tests通过,gem5/tests,inherited-from-ancestor
gem5/tests/gem5/example_configs/stdlib,directory,,1,2,main-source-tree,框架、配置、Python与程序测试,当前验收不等于全部上游tests通过,gem5/tests,inherited-from-ancestor
gem5/tests/gem5/example_configs/stdlib/ref,directory,,1,1,main-source-tree,框架、配置、Python与程序测试,当前验收不等于全部上游tests通过,gem5/tests,inherited-from-ancestor
gem5/tests/gem5/example_configs/x86,directory,,1,1,main-source-tree,框架、配置、Python与程序测试,当前验收不等于全部上游tests通过,gem5/tests,inherited-from-ancestor
gem5/tests/gem5/fdp_tests,directory,,3,5,main-source-tree,框架、配置、Python与程序测试,当前验收不等于全部上游tests通过,gem5/tests,inherited-from-ancestor
gem5/tests/gem5/fdp_tests/ref,directory,,2,2,main-source-tree,框架、配置、Python与程序测试,当前验收不等于全部上游tests通过,gem5/tests,inherited-from-ancestor
gem5/tests/gem5/fs,directory,,0,44,main-source-tree,框架、配置、Python与程序测试,当前验收不等于全部上游tests通过,gem5/tests,inherited-from-ancestor
gem5/tests/gem5/fs/linux,directory,,0,44,main-source-tree,框架、配置、Python与程序测试,当前验收不等于全部上游tests通过,gem5/tests,inherited-from-ancestor
gem5/tests/gem5/fs/linux/arm,directory,,3,44,main-source-tree,框架、配置、Python与程序测试,当前验收不等于全部上游tests通过,gem5/tests,inherited-from-ancestor
gem5/tests/gem5/fs/linux/arm/configs,directory,,41,41,main-source-tree,框架、配置、Python与程序测试,当前验收不等于全部上游tests通过,gem5/tests,inherited-from-ancestor
gem5/tests/gem5/gem5_resources,directory,,2,3,main-source-tree,框架、配置、Python与程序测试,当前验收不等于全部上游tests通过,gem5/tests,inherited-from-ancestor
gem5/tests/gem5/gem5_resources/configs,directory,,1,1,main-source-tree,框架、配置、Python与程序测试,当前验收不等于全部上游tests通过,gem5/tests,inherited-from-ancestor
gem5/tests/gem5/gpu,directory,,5,5,main-source-tree,框架、配置、Python与程序测试,当前验收不等于全部上游tests通过,gem5/tests,inherited-from-ancestor
gem5/tests/gem5/insttest_se,directory,,2,4,main-source-tree,框架、配置、Python与程序测试,当前验收不等于全部上游tests通过,gem5/tests,inherited-from-ancestor
gem5/tests/gem5/insttest_se/configs,directory,,1,1,main-source-tree,框架、配置、Python与程序测试,当前验收不等于全部上游tests通过,gem5/tests,inherited-from-ancestor
gem5/tests/gem5/insttest_se/ref,directory,,1,1,main-source-tree,框架、配置、Python与程序测试,当前验收不等于全部上游tests通过,gem5/tests,inherited-from-ancestor
gem5/tests/gem5/kvm_fork_tests,directory,,2,3,main-source-tree,框架、配置、Python与程序测试,当前验收不等于全部上游tests通过,gem5/tests,inherited-from-ancestor
gem5/tests/gem5/kvm_fork_tests/configs,directory,,1,1,main-source-tree,框架、配置、Python与程序测试,当前验收不等于全部上游tests通过,gem5/tests,inherited-from-ancestor
gem5/tests/gem5/kvm_switch_tests,directory,,2,3,main-source-tree,框架、配置、Python与程序测试,当前验收不等于全部上游tests通过,gem5/tests,inherited-from-ancestor
gem5/tests/gem5/kvm_switch_tests/configs,directory,,1,1,main-source-tree,框架、配置、Python与程序测试,当前验收不等于全部上游tests通过,gem5/tests,inherited-from-ancestor
gem5/tests/gem5/learning_gem5,directory,,4,9,main-source-tree,框架、配置、Python与程序测试,当前验收不等于全部上游tests通过,gem5/tests,inherited-from-ancestor
gem5/tests/gem5/learning_gem5/ref,directory,,5,5,main-source-tree,框架、配置、Python与程序测试,当前验收不等于全部上游tests通过,gem5/tests,inherited-from-ancestor
gem5/tests/gem5/m5_util,directory,,1,2,main-source-tree,框架、配置、Python与程序测试,当前验收不等于全部上游tests通过,gem5/tests,inherited-from-ancestor
gem5/tests/gem5/m5_util/configs,directory,,1,1,main-source-tree,框架、配置、Python与程序测试,当前验收不等于全部上游tests通过,gem5/tests,inherited-from-ancestor
gem5/tests/gem5/m5threads_test_atomic,directory,,4,5,main-source-tree,框架、配置、Python与程序测试,当前验收不等于全部上游tests通过,gem5/tests,inherited-from-ancestor
gem5/tests/gem5/m5threads_test_atomic/ref,directory,,0,1,main-source-tree,框架、配置、Python与程序测试,当前验收不等于全部上游tests通过,gem5/tests,inherited-from-ancestor
gem5/tests/gem5/m5threads_test_atomic/ref/sparc64,directory,,1,1,main-source-tree,框架、配置、Python与程序测试,当前验收不等于全部上游tests通过,gem5/tests,inherited-from-ancestor
gem5/tests/gem5/memory,directory,,6,6,main-source-tree,框架、配置、Python与程序测试,当前验收不等于全部上游tests通过,gem5/tests,inherited-from-ancestor
gem5/tests/gem5/multisim,directory,,1,3,main-source-tree,框架、配置、Python与程序测试,当前验收不等于全部上游tests通过,gem5/tests,inherited-from-ancestor
gem5/tests/gem5/multisim/configs,directory,,2,2,main-source-tree,框架、配置、Python与程序测试,当前验收不等于全部上游tests通过,gem5/tests,inherited-from-ancestor
gem5/tests/gem5/parsec_benchmarks,directory,,2,3,main-source-tree,框架、配置、Python与程序测试,当前验收不等于全部上游tests通过,gem5/tests,inherited-from-ancestor
gem5/tests/gem5/parsec_benchmarks/configs,directory,,1,1,main-source-tree,框架、配置、Python与程序测试,当前验收不等于全部上游tests通过,gem5/tests,inherited-from-ancestor
gem5/tests/gem5/processor_switch_tests,directory,,2,7,main-source-tree,框架、配置、Python与程序测试,当前验收不等于全部上游tests通过,gem5/tests,inherited-from-ancestor
gem5/tests/gem5/processor_switch_tests/configs,directory,,2,5,main-source-tree,框架、配置、Python与程序测试,当前验收不等于全部上游tests通过,gem5/tests,inherited-from-ancestor
gem5/tests/gem5/processor_switch_tests/configs/checkpoint,directory,,3,3,main-source-tree,框架、配置、Python与程序测试,当前验收不等于全部上游tests通过,gem5/tests,inherited-from-ancestor
gem5/tests/gem5/py_port,directory,,2,2,main-source-tree,框架、配置、Python与程序测试,当前验收不等于全部上游tests通过,gem5/tests,inherited-from-ancestor
gem5/tests/gem5/pyunit,directory,,1,1,main-source-tree,框架、配置、Python与程序测试,当前验收不等于全部上游tests通过,gem5/tests,inherited-from-ancestor
gem5/tests/gem5/readfile_tests,directory,,2,4,main-source-tree,框架、配置、Python与程序测试,当前验收不等于全部上游tests通过,gem5/tests,inherited-from-ancestor
gem5/tests/gem5/readfile_tests/configs,directory,,2,2,main-source-tree,框架、配置、Python与程序测试,当前验收不等于全部上游tests通过,gem5/tests,inherited-from-ancestor
gem5/tests/gem5/regression_tests,directory,,2,4,main-source-tree,框架、配置、Python与程序测试,当前验收不等于全部上游tests通过,gem5/tests,inherited-from-ancestor
gem5/tests/gem5/regression_tests/configs,directory,,2,2,main-source-tree,框架、配置、Python与程序测试,当前验收不等于全部上游tests通过,gem5/tests,inherited-from-ancestor
gem5/tests/gem5/replacement_policies,directory,,3,89,main-source-tree,框架、配置、Python与程序测试,当前验收不等于全部上游tests通过,gem5/tests,inherited-from-ancestor
gem5/tests/gem5/replacement_policies/configs,directory,,2,2,main-source-tree,框架、配置、Python与程序测试,当前验收不等于全部上游tests通过,gem5/tests,inherited-from-ancestor
gem5/tests/gem5/replacement_policies/ref,directory,,42,42,main-source-tree,框架、配置、Python与程序测试,当前验收不等于全部上游tests通过,gem5/tests,inherited-from-ancestor
gem5/tests/gem5/replacement_policies/traces,directory,,42,42,main-source-tree,框架、配置、Python与程序测试,当前验收不等于全部上游tests通过,gem5/tests,inherited-from-ancestor
gem5/tests/gem5/riscv_boot_tests,directory,,2,3,main-source-tree,框架、配置、Python与程序测试,当前验收不等于全部上游tests通过,gem5/tests,inherited-from-ancestor
gem5/tests/gem5/riscv_boot_tests/configs,directory,,1,1,main-source-tree,框架、配置、Python与程序测试,当前验收不等于全部上游tests通过,gem5/tests,inherited-from-ancestor
gem5/tests/gem5/se_mode,directory,,0,5,main-source-tree,框架、配置、Python与程序测试,当前验收不等于全部上游tests通过,gem5/tests,inherited-from-ancestor
gem5/tests/gem5/se_mode/hello_se,directory,,3,4,main-source-tree,框架、配置、Python与程序测试,当前验收不等于全部上游tests通过,gem5/tests,inherited-from-ancestor
gem5/tests/gem5/se_mode/hello_se/configs,directory,,1,1,main-source-tree,框架、配置、Python与程序测试,当前验收不等于全部上游tests通过,gem5/tests,inherited-from-ancestor
gem5/tests/gem5/se_mode/rvv_intrinsic_tests,directory,,1,1,main-source-tree,框架、配置、Python与程序测试,当前验收不等于全部上游tests通过,gem5/tests,inherited-from-ancestor
gem5/tests/gem5/stats,directory,,3,9,main-source-tree,框架、配置、Python与程序测试,当前验收不等于全部上游tests通过,gem5/tests,inherited-from-ancestor
gem5/tests/gem5/stats/configs,directory,,6,6,main-source-tree,框架、配置、Python与程序测试,当前验收不等于全部上游tests通过,gem5/tests,inherited-from-ancestor
gem5/tests/gem5/stdlib,directory,,7,22,main-source-tree,框架、配置、Python与程序测试,当前验收不等于全部上游tests通过,gem5/tests,inherited-from-ancestor
gem5/tests/gem5/stdlib/configs,directory,,6,9,main-source-tree,框架、配置、Python与程序测试,当前验收不等于全部上游tests通过,gem5/tests,inherited-from-ancestor
gem5/tests/gem5/stdlib/configs/hypercall-exit,directory,,3,3,main-source-tree,框架、配置、Python与程序测试,当前验收不等于全部上游tests通过,gem5/tests,inherited-from-ancestor
gem5/tests/gem5/stdlib/ref,directory,,6,6,main-source-tree,框架、配置、Python与程序测试,当前验收不等于全部上游tests通过,gem5/tests,inherited-from-ancestor
gem5/tests/gem5/suite_tests,directory,,2,3,main-source-tree,框架、配置、Python与程序测试,当前验收不等于全部上游tests通过,gem5/tests,inherited-from-ancestor
gem5/tests/gem5/suite_tests/configs,directory,,1,1,main-source-tree,框架、配置、Python与程序测试,当前验收不等于全部上游tests通过,gem5/tests,inherited-from-ancestor
gem5/tests/gem5/traffic_gen,directory,,2,403,main-source-tree,框架、配置、Python与程序测试,当前验收不等于全部上游tests通过,gem5/tests,inherited-from-ancestor
gem5/tests/gem5/traffic_gen/configs,directory,,1,1,main-source-tree,框架、配置、Python与程序测试,当前验收不等于全部上游tests通过,gem5/tests,inherited-from-ancestor
gem5/tests/gem5/traffic_gen/trusted_stats,directory,,0,400,main-source-tree,框架、配置、Python与程序测试,当前验收不等于全部上游tests通过,gem5/tests,inherited-from-ancestor
gem5/tests/gem5/traffic_gen/trusted_stats/GUPSGenerator-1-CHIL1-gem5.components.memory-DualChannelDDR3_1600,directory,,1,1,main-source-tree,框架、配置、Python与程序测试,当前验收不等于全部上游tests通过,gem5/tests,inherited-from-ancestor
gem5/tests/gem5/traffic_gen/trusted_stats/GUPSGenerator-1-CHIL1-gem5.components.memory-DualChannelDDR3_2133,directory,,1,1,main-source-tree,框架、配置、Python与程序测试,当前验收不等于全部上游tests通过,gem5/tests,inherited-from-ancestor
gem5/tests/gem5/traffic_gen/trusted_stats/GUPSGenerator-1-CHIL1-gem5.components.memory-DualChannelDDR4_2400,directory,,1,1,main-source-tree,框架、配置、Python与程序测试,当前验收不等于全部上游tests通过,gem5/tests,inherited-from-ancestor
gem5/tests/gem5/traffic_gen/trusted_stats/GUPSGenerator-1-CHIL1-gem5.components.memory-DualChannelLPDDR3_1600,directory,,1,1,main-source-tree,框架、配置、Python与程序测试,当前验收不等于全部上游tests通过,gem5/tests,inherited-from-ancestor
gem5/tests/gem5/traffic_gen/trusted_stats/GUPSGenerator-1-CHIL1-gem5.components.memory-HBM2Stack,directory,,1,1,main-source-tree,框架、配置、Python与程序测试,当前验收不等于全部上游tests通过,gem5/tests,inherited-from-ancestor
gem5/tests/gem5/traffic_gen/trusted_stats/GUPSGenerator-1-CHIL1-gem5.components.memory-SingleChannelDDR3_1600,directory,,1,1,main-source-tree,框架、配置、Python与程序测试,当前验收不等于全部上游tests通过,gem5/tests,inherited-from-ancestor
gem5/tests/gem5/traffic_gen/trusted_stats/GUPSGenerator-1-CHIL1-gem5.components.memory-SingleChannelDDR3_2133,directory,,1,1,main-source-tree,框架、配置、Python与程序测试,当前验收不等于全部上游tests通过,gem5/tests,inherited-from-ancestor
gem5/tests/gem5/traffic_gen/trusted_stats/GUPSGenerator-1-CHIL1-gem5.components.memory-SingleChannelDDR4_2400,directory,,1,1,main-source-tree,框架、配置、Python与程序测试,当前验收不等于全部上游tests通过,gem5/tests,inherited-from-ancestor
gem5/tests/gem5/traffic_gen/trusted_stats/GUPSGenerator-1-CHIL1-gem5.components.memory-SingleChannelHBM,directory,,1,1,main-source-tree,框架、配置、Python与程序测试,当前验收不等于全部上游tests通过,gem5/tests,inherited-from-ancestor
gem5/tests/gem5/traffic_gen/trusted_stats/GUPSGenerator-1-CHIL1-gem5.components.memory-SingleChannelLPDDR3_1600,directory,,1,1,main-source-tree,框架、配置、Python与程序测试,当前验收不等于全部上游tests通过,gem5/tests,inherited-from-ancestor
gem5/tests/gem5/traffic_gen/trusted_stats/GUPSGenerator-1-MESIThreeLevel-gem5.components.memory-DualChannelDDR3_1600,directory,,1,1,main-source-tree,框架、配置、Python与程序测试,当前验收不等于全部上游tests通过,gem5/tests,inherited-from-ancestor
gem5/tests/gem5/traffic_gen/trusted_stats/GUPSGenerator-1-MESIThreeLevel-gem5.components.memory-DualChannelDDR3_2133,directory,,1,1,main-source-tree,框架、配置、Python与程序测试,当前验收不等于全部上游tests通过,gem5/tests,inherited-from-ancestor
gem5/tests/gem5/traffic_gen/trusted_stats/GUPSGenerator-1-MESIThreeLevel-gem5.components.memory-DualChannelDDR4_2400,directory,,1,1,main-source-tree,框架、配置、Python与程序测试,当前验收不等于全部上游tests通过,gem5/tests,inherited-from-ancestor
gem5/tests/gem5/traffic_gen/trusted_stats/GUPSGenerator-1-MESIThreeLevel-gem5.components.memory-DualChannelLPDDR3_1600,directory,,1,1,main-source-tree,框架、配置、Python与程序测试,当前验收不等于全部上游tests通过,gem5/tests,inherited-from-ancestor
gem5/tests/gem5/traffic_gen/trusted_stats/GUPSGenerator-1-MESIThreeLevel-gem5.components.memory-HBM2Stack,directory,,1,1,main-source-tree,框架、配置、Python与程序测试,当前验收不等于全部上游tests通过,gem5/tests,inherited-from-ancestor
gem5/tests/gem5/traffic_gen/trusted_stats/GUPSGenerator-1-MESIThreeLevel-gem5.components.memory-SingleChannelDDR3_1600,directory,,1,1,main-source-tree,框架、配置、Python与程序测试,当前验收不等于全部上游tests通过,gem5/tests,inherited-from-ancestor
gem5/tests/gem5/traffic_gen/trusted_stats/GUPSGenerator-1-MESIThreeLevel-gem5.components.memory-SingleChannelDDR3_2133,directory,,1,1,main-source-tree,框架、配置、Python与程序测试,当前验收不等于全部上游tests通过,gem5/tests,inherited-from-ancestor
gem5/tests/gem5/traffic_gen/trusted_stats/GUPSGenerator-1-MESIThreeLevel-gem5.components.memory-SingleChannelDDR4_2400,directory,,1,1,main-source-tree,框架、配置、Python与程序测试,当前验收不等于全部上游tests通过,gem5/tests,inherited-from-ancestor
gem5/tests/gem5/traffic_gen/trusted_stats/GUPSGenerator-1-MESIThreeLevel-gem5.components.memory-SingleChannelHBM,directory,,1,1,main-source-tree,框架、配置、Python与程序测试,当前验收不等于全部上游tests通过,gem5/tests,inherited-from-ancestor
gem5/tests/gem5/traffic_gen/trusted_stats/GUPSGenerator-1-MESIThreeLevel-gem5.components.memory-SingleChannelLPDDR3_1600,directory,,1,1,main-source-tree,框架、配置、Python与程序测试,当前验收不等于全部上游tests通过,gem5/tests,inherited-from-ancestor
gem5/tests/gem5/traffic_gen/trusted_stats/GUPSGenerator-1-MESITwoLevel-gem5.components.memory-DualChannelDDR3_1600,directory,,1,1,main-source-tree,框架、配置、Python与程序测试,当前验收不等于全部上游tests通过,gem5/tests,inherited-from-ancestor
gem5/tests/gem5/traffic_gen/trusted_stats/GUPSGenerator-1-MESITwoLevel-gem5.components.memory-DualChannelDDR3_2133,directory,,1,1,main-source-tree,框架、配置、Python与程序测试,当前验收不等于全部上游tests通过,gem5/tests,inherited-from-ancestor
gem5/tests/gem5/traffic_gen/trusted_stats/GUPSGenerator-1-MESITwoLevel-gem5.components.memory-DualChannelDDR4_2400,directory,,1,1,main-source-tree,框架、配置、Python与程序测试,当前验收不等于全部上游tests通过,gem5/tests,inherited-from-ancestor
gem5/tests/gem5/traffic_gen/trusted_stats/GUPSGenerator-1-MESITwoLevel-gem5.components.memory-DualChannelLPDDR3_1600,directory,,1,1,main-source-tree,框架、配置、Python与程序测试,当前验收不等于全部上游tests通过,gem5/tests,inherited-from-ancestor
gem5/tests/gem5/traffic_gen/trusted_stats/GUPSGenerator-1-MESITwoLevel-gem5.components.memory-HBM2Stack,directory,,1,1,main-source-tree,框架、配置、Python与程序测试,当前验收不等于全部上游tests通过,gem5/tests,inherited-from-ancestor
gem5/tests/gem5/traffic_gen/trusted_stats/GUPSGenerator-1-MESITwoLevel-gem5.components.memory-SingleChannelDDR3_1600,directory,,1,1,main-source-tree,框架、配置、Python与程序测试,当前验收不等于全部上游tests通过,gem5/tests,inherited-from-ancestor
gem5/tests/gem5/traffic_gen/trusted_stats/GUPSGenerator-1-MESITwoLevel-gem5.components.memory-SingleChannelDDR3_2133,directory,,1,1,main-source-tree,框架、配置、Python与程序测试,当前验收不等于全部上游tests通过,gem5/tests,inherited-from-ancestor
gem5/tests/gem5/traffic_gen/trusted_stats/GUPSGenerator-1-MESITwoLevel-gem5.components.memory-SingleChannelDDR4_2400,directory,,1,1,main-source-tree,框架、配置、Python与程序测试,当前验收不等于全部上游tests通过,gem5/tests,inherited-from-ancestor
gem5/tests/gem5/traffic_gen/trusted_stats/GUPSGenerator-1-MESITwoLevel-gem5.components.memory-SingleChannelHBM,directory,,1,1,main-source-tree,框架、配置、Python与程序测试,当前验收不等于全部上游tests通过,gem5/tests,inherited-from-ancestor
gem5/tests/gem5/traffic_gen/trusted_stats/GUPSGenerator-1-MESITwoLevel-gem5.components.memory-SingleChannelLPDDR3_1600,directory,,1,1,main-source-tree,框架、配置、Python与程序测试,当前验收不等于全部上游tests通过,gem5/tests,inherited-from-ancestor
gem5/tests/gem5/traffic_gen/trusted_stats/GUPSGenerator-1-MIExample-gem5.components.memory-DualChannelDDR3_1600,directory,,1,1,main-source-tree,框架、配置、Python与程序测试,当前验收不等于全部上游tests通过,gem5/tests,inherited-from-ancestor
gem5/tests/gem5/traffic_gen/trusted_stats/GUPSGenerator-1-MIExample-gem5.components.memory-DualChannelDDR3_2133,directory,,1,1,main-source-tree,框架、配置、Python与程序测试,当前验收不等于全部上游tests通过,gem5/tests,inherited-from-ancestor
gem5/tests/gem5/traffic_gen/trusted_stats/GUPSGenerator-1-MIExample-gem5.components.memory-DualChannelDDR4_2400,directory,,1,1,main-source-tree,框架、配置、Python与程序测试,当前验收不等于全部上游tests通过,gem5/tests,inherited-from-ancestor
gem5/tests/gem5/traffic_gen/trusted_stats/GUPSGenerator-1-MIExample-gem5.components.memory-DualChannelLPDDR3_1600,directory,,1,1,main-source-tree,框架、配置、Python与程序测试,当前验收不等于全部上游tests通过,gem5/tests,inherited-from-ancestor
gem5/tests/gem5/traffic_gen/trusted_stats/GUPSGenerator-1-MIExample-gem5.components.memory-HBM2Stack,directory,,1,1,main-source-tree,框架、配置、Python与程序测试,当前验收不等于全部上游tests通过,gem5/tests,inherited-from-ancestor
gem5/tests/gem5/traffic_gen/trusted_stats/GUPSGenerator-1-MIExample-gem5.components.memory-SingleChannelDDR3_1600,directory,,1,1,main-source-tree,框架、配置、Python与程序测试,当前验收不等于全部上游tests通过,gem5/tests,inherited-from-ancestor
gem5/tests/gem5/traffic_gen/trusted_stats/GUPSGenerator-1-MIExample-gem5.components.memory-SingleChannelDDR3_2133,directory,,1,1,main-source-tree,框架、配置、Python与程序测试,当前验收不等于全部上游tests通过,gem5/tests,inherited-from-ancestor
gem5/tests/gem5/traffic_gen/trusted_stats/GUPSGenerator-1-MIExample-gem5.components.memory-SingleChannelDDR4_2400,directory,,1,1,main-source-tree,框架、配置、Python与程序测试,当前验收不等于全部上游tests通过,gem5/tests,inherited-from-ancestor
gem5/tests/gem5/traffic_gen/trusted_stats/GUPSGenerator-1-MIExample-gem5.components.memory-SingleChannelHBM,directory,,1,1,main-source-tree,框架、配置、Python与程序测试,当前验收不等于全部上游tests通过,gem5/tests,inherited-from-ancestor
gem5/tests/gem5/traffic_gen/trusted_stats/GUPSGenerator-1-MIExample-gem5.components.memory-SingleChannelLPDDR3_1600,directory,,1,1,main-source-tree,框架、配置、Python与程序测试,当前验收不等于全部上游tests通过,gem5/tests,inherited-from-ancestor
gem5/tests/gem5/traffic_gen/trusted_stats/GUPSGenerator-1-NoCache-gem5.components.memory-DualChannelDDR3_1600,directory,,1,1,main-source-tree,框架、配置、Python与程序测试,当前验收不等于全部上游tests通过,gem5/tests,inherited-from-ancestor
gem5/tests/gem5/traffic_gen/trusted_stats/GUPSGenerator-1-NoCache-gem5.components.memory-DualChannelDDR3_2133,directory,,1,1,main-source-tree,框架、配置、Python与程序测试,当前验收不等于全部上游tests通过,gem5/tests,inherited-from-ancestor
gem5/tests/gem5/traffic_gen/trusted_stats/GUPSGenerator-1-NoCache-gem5.components.memory-DualChannelDDR4_2400,directory,,1,1,main-source-tree,框架、配置、Python与程序测试,当前验收不等于全部上游tests通过,gem5/tests,inherited-from-ancestor
gem5/tests/gem5/traffic_gen/trusted_stats/GUPSGenerator-1-NoCache-gem5.components.memory-DualChannelLPDDR3_1600,directory,,1,1,main-source-tree,框架、配置、Python与程序测试,当前验收不等于全部上游tests通过,gem5/tests,inherited-from-ancestor
gem5/tests/gem5/traffic_gen/trusted_stats/GUPSGenerator-1-NoCache-gem5.components.memory-HBM2Stack,directory,,1,1,main-source-tree,框架、配置、Python与程序测试,当前验收不等于全部上游tests通过,gem5/tests,inherited-from-ancestor
gem5/tests/gem5/traffic_gen/trusted_stats/GUPSGenerator-1-NoCache-gem5.components.memory-SingleChannelDDR3_1600,directory,,1,1,main-source-tree,框架、配置、Python与程序测试,当前验收不等于全部上游tests通过,gem5/tests,inherited-from-ancestor
gem5/tests/gem5/traffic_gen/trusted_stats/GUPSGenerator-1-NoCache-gem5.components.memory-SingleChannelDDR3_2133,directory,,1,1,main-source-tree,框架、配置、Python与程序测试,当前验收不等于全部上游tests通过,gem5/tests,inherited-from-ancestor
gem5/tests/gem5/traffic_gen/trusted_stats/GUPSGenerator-1-NoCache-gem5.components.memory-SingleChannelDDR4_2400,directory,,1,1,main-source-tree,框架、配置、Python与程序测试,当前验收不等于全部上游tests通过,gem5/tests,inherited-from-ancestor
gem5/tests/gem5/traffic_gen/trusted_stats/GUPSGenerator-1-NoCache-gem5.components.memory-SingleChannelHBM,directory,,1,1,main-source-tree,框架、配置、Python与程序测试,当前验收不等于全部上游tests通过,gem5/tests,inherited-from-ancestor
gem5/tests/gem5/traffic_gen/trusted_stats/GUPSGenerator-1-NoCache-gem5.components.memory-SingleChannelLPDDR3_1600,directory,,1,1,main-source-tree,框架、配置、Python与程序测试,当前验收不等于全部上游tests通过,gem5/tests,inherited-from-ancestor
gem5/tests/gem5/traffic_gen/trusted_stats/GUPSGenerator-1-OctopiCache-gem5.components.memory-DualChannelDDR3_1600,directory,,1,1,main-source-tree,框架、配置、Python与程序测试,当前验收不等于全部上游tests通过,gem5/tests,inherited-from-ancestor
gem5/tests/gem5/traffic_gen/trusted_stats/GUPSGenerator-1-OctopiCache-gem5.components.memory-DualChannelDDR3_2133,directory,,1,1,main-source-tree,框架、配置、Python与程序测试,当前验收不等于全部上游tests通过,gem5/tests,inherited-from-ancestor
gem5/tests/gem5/traffic_gen/trusted_stats/GUPSGenerator-1-OctopiCache-gem5.components.memory-DualChannelDDR4_2400,directory,,1,1,main-source-tree,框架、配置、Python与程序测试,当前验收不等于全部上游tests通过,gem5/tests,inherited-from-ancestor
gem5/tests/gem5/traffic_gen/trusted_stats/GUPSGenerator-1-OctopiCache-gem5.components.memory-DualChannelLPDDR3_1600,directory,,1,1,main-source-tree,框架、配置、Python与程序测试,当前验收不等于全部上游tests通过,gem5/tests,inherited-from-ancestor
gem5/tests/gem5/traffic_gen/trusted_stats/GUPSGenerator-1-OctopiCache-gem5.components.memory-HBM2Stack,directory,,1,1,main-source-tree,框架、配置、Python与程序测试,当前验收不等于全部上游tests通过,gem5/tests,inherited-from-ancestor
gem5/tests/gem5/traffic_gen/trusted_stats/GUPSGenerator-1-OctopiCache-gem5.components.memory-SingleChannelDDR3_1600,directory,,1,1,main-source-tree,框架、配置、Python与程序测试,当前验收不等于全部上游tests通过,gem5/tests,inherited-from-ancestor
gem5/tests/gem5/traffic_gen/trusted_stats/GUPSGenerator-1-OctopiCache-gem5.components.memory-SingleChannelDDR3_2133,directory,,1,1,main-source-tree,框架、配置、Python与程序测试,当前验收不等于全部上游tests通过,gem5/tests,inherited-from-ancestor
gem5/tests/gem5/traffic_gen/trusted_stats/GUPSGenerator-1-OctopiCache-gem5.components.memory-SingleChannelDDR4_2400,directory,,1,1,main-source-tree,框架、配置、Python与程序测试,当前验收不等于全部上游tests通过,gem5/tests,inherited-from-ancestor
gem5/tests/gem5/traffic_gen/trusted_stats/GUPSGenerator-1-OctopiCache-gem5.components.memory-SingleChannelHBM,directory,,1,1,main-source-tree,框架、配置、Python与程序测试,当前验收不等于全部上游tests通过,gem5/tests,inherited-from-ancestor
gem5/tests/gem5/traffic_gen/trusted_stats/GUPSGenerator-1-OctopiCache-gem5.components.memory-SingleChannelLPDDR3_1600,directory,,1,1,main-source-tree,框架、配置、Python与程序测试,当前验收不等于全部上游tests通过,gem5/tests,inherited-from-ancestor
gem5/tests/gem5/traffic_gen/trusted_stats/GUPSGenerator-1-PrivateL1-gem5.components.memory-DualChannelDDR3_1600,directory,,1,1,main-source-tree,框架、配置、Python与程序测试,当前验收不等于全部上游tests通过,gem5/tests,inherited-from-ancestor
gem5/tests/gem5/traffic_gen/trusted_stats/GUPSGenerator-1-PrivateL1-gem5.components.memory-DualChannelDDR3_2133,directory,,1,1,main-source-tree,框架、配置、Python与程序测试,当前验收不等于全部上游tests通过,gem5/tests,inherited-from-ancestor
gem5/tests/gem5/traffic_gen/trusted_stats/GUPSGenerator-1-PrivateL1-gem5.components.memory-DualChannelDDR4_2400,directory,,1,1,main-source-tree,框架、配置、Python与程序测试,当前验收不等于全部上游tests通过,gem5/tests,inherited-from-ancestor
gem5/tests/gem5/traffic_gen/trusted_stats/GUPSGenerator-1-PrivateL1-gem5.components.memory-DualChannelLPDDR3_1600,directory,,1,1,main-source-tree,框架、配置、Python与程序测试,当前验收不等于全部上游tests通过,gem5/tests,inherited-from-ancestor
gem5/tests/gem5/traffic_gen/trusted_stats/GUPSGenerator-1-PrivateL1-gem5.components.memory-HBM2Stack,directory,,1,1,main-source-tree,框架、配置、Python与程序测试,当前验收不等于全部上游tests通过,gem5/tests,inherited-from-ancestor
gem5/tests/gem5/traffic_gen/trusted_stats/GUPSGenerator-1-PrivateL1-gem5.components.memory-SingleChannelDDR3_1600,directory,,1,1,main-source-tree,框架、配置、Python与程序测试,当前验收不等于全部上游tests通过,gem5/tests,inherited-from-ancestor
gem5/tests/gem5/traffic_gen/trusted_stats/GUPSGenerator-1-PrivateL1-gem5.components.memory-SingleChannelDDR3_2133,directory,,1,1,main-source-tree,框架、配置、Python与程序测试,当前验收不等于全部上游tests通过,gem5/tests,inherited-from-ancestor
gem5/tests/gem5/traffic_gen/trusted_stats/GUPSGenerator-1-PrivateL1-gem5.components.memory-SingleChannelDDR4_2400,directory,,1,1,main-source-tree,框架、配置、Python与程序测试,当前验收不等于全部上游tests通过,gem5/tests,inherited-from-ancestor
gem5/tests/gem5/traffic_gen/trusted_stats/GUPSGenerator-1-PrivateL1-gem5.components.memory-SingleChannelHBM,directory,,1,1,main-source-tree,框架、配置、Python与程序测试,当前验收不等于全部上游tests通过,gem5/tests,inherited-from-ancestor
gem5/tests/gem5/traffic_gen/trusted_stats/GUPSGenerator-1-PrivateL1-gem5.components.memory-SingleChannelLPDDR3_1600,directory,,1,1,main-source-tree,框架、配置、Python与程序测试,当前验收不等于全部上游tests通过,gem5/tests,inherited-from-ancestor
gem5/tests/gem5/traffic_gen/trusted_stats/GUPSGenerator-1-PrivateL1PrivateL2-gem5.components.memory-DualChannelDDR3_1600,directory,,1,1,main-source-tree,框架、配置、Python与程序测试,当前验收不等于全部上游tests通过,gem5/tests,inherited-from-ancestor
gem5/tests/gem5/traffic_gen/trusted_stats/GUPSGenerator-1-PrivateL1PrivateL2-gem5.components.memory-DualChannelDDR3_2133,directory,,1,1,main-source-tree,框架、配置、Python与程序测试,当前验收不等于全部上游tests通过,gem5/tests,inherited-from-ancestor
gem5/tests/gem5/traffic_gen/trusted_stats/GUPSGenerator-1-PrivateL1PrivateL2-gem5.components.memory-DualChannelDDR4_2400,directory,,1,1,main-source-tree,框架、配置、Python与程序测试,当前验收不等于全部上游tests通过,gem5/tests,inherited-from-ancestor
gem5/tests/gem5/traffic_gen/trusted_stats/GUPSGenerator-1-PrivateL1PrivateL2-gem5.components.memory-DualChannelLPDDR3_1600,directory,,1,1,main-source-tree,框架、配置、Python与程序测试,当前验收不等于全部上游tests通过,gem5/tests,inherited-from-ancestor
gem5/tests/gem5/traffic_gen/trusted_stats/GUPSGenerator-1-PrivateL1PrivateL2-gem5.components.memory-HBM2Stack,directory,,1,1,main-source-tree,框架、配置、Python与程序测试,当前验收不等于全部上游tests通过,gem5/tests,inherited-from-ancestor
gem5/tests/gem5/traffic_gen/trusted_stats/GUPSGenerator-1-PrivateL1PrivateL2-gem5.components.memory-SingleChannelDDR3_1600,directory,,1,1,main-source-tree,框架、配置、Python与程序测试,当前验收不等于全部上游tests通过,gem5/tests,inherited-from-ancestor
gem5/tests/gem5/traffic_gen/trusted_stats/GUPSGenerator-1-PrivateL1PrivateL2-gem5.components.memory-SingleChannelDDR3_2133,directory,,1,1,main-source-tree,框架、配置、Python与程序测试,当前验收不等于全部上游tests通过,gem5/tests,inherited-from-ancestor
gem5/tests/gem5/traffic_gen/trusted_stats/GUPSGenerator-1-PrivateL1PrivateL2-gem5.components.memory-SingleChannelDDR4_2400,directory,,1,1,main-source-tree,框架、配置、Python与程序测试,当前验收不等于全部上游tests通过,gem5/tests,inherited-from-ancestor
gem5/tests/gem5/traffic_gen/trusted_stats/GUPSGenerator-1-PrivateL1PrivateL2-gem5.components.memory-SingleChannelHBM,directory,,1,1,main-source-tree,框架、配置、Python与程序测试,当前验收不等于全部上游tests通过,gem5/tests,inherited-from-ancestor
gem5/tests/gem5/traffic_gen/trusted_stats/GUPSGenerator-1-PrivateL1PrivateL2-gem5.components.memory-SingleChannelLPDDR3_1600,directory,,1,1,main-source-tree,框架、配置、Python与程序测试,当前验收不等于全部上游tests通过,gem5/tests,inherited-from-ancestor
gem5/tests/gem5/traffic_gen/trusted_stats/GUPSGeneratorEP-2-CHIL1-gem5.components.memory-DualChannelDDR3_1600,directory,,1,1,main-source-tree,框架、配置、Python与程序测试,当前验收不等于全部上游tests通过,gem5/tests,inherited-from-ancestor
gem5/tests/gem5/traffic_gen/trusted_stats/GUPSGeneratorEP-2-CHIL1-gem5.components.memory-DualChannelDDR3_2133,directory,,1,1,main-source-tree,框架、配置、Python与程序测试,当前验收不等于全部上游tests通过,gem5/tests,inherited-from-ancestor
gem5/tests/gem5/traffic_gen/trusted_stats/GUPSGeneratorEP-2-CHIL1-gem5.components.memory-DualChannelDDR4_2400,directory,,1,1,main-source-tree,框架、配置、Python与程序测试,当前验收不等于全部上游tests通过,gem5/tests,inherited-from-ancestor
gem5/tests/gem5/traffic_gen/trusted_stats/GUPSGeneratorEP-2-CHIL1-gem5.components.memory-DualChannelLPDDR3_1600,directory,,1,1,main-source-tree,框架、配置、Python与程序测试,当前验收不等于全部上游tests通过,gem5/tests,inherited-from-ancestor
gem5/tests/gem5/traffic_gen/trusted_stats/GUPSGeneratorEP-2-CHIL1-gem5.components.memory-HBM2Stack,directory,,1,1,main-source-tree,框架、配置、Python与程序测试,当前验收不等于全部上游tests通过,gem5/tests,inherited-from-ancestor
gem5/tests/gem5/traffic_gen/trusted_stats/GUPSGeneratorEP-2-CHIL1-gem5.components.memory-SingleChannelDDR3_1600,directory,,1,1,main-source-tree,框架、配置、Python与程序测试,当前验收不等于全部上游tests通过,gem5/tests,inherited-from-ancestor
gem5/tests/gem5/traffic_gen/trusted_stats/GUPSGeneratorEP-2-CHIL1-gem5.components.memory-SingleChannelDDR3_2133,directory,,1,1,main-source-tree,框架、配置、Python与程序测试,当前验收不等于全部上游tests通过,gem5/tests,inherited-from-ancestor
gem5/tests/gem5/traffic_gen/trusted_stats/GUPSGeneratorEP-2-CHIL1-gem5.components.memory-SingleChannelDDR4_2400,directory,,1,1,main-source-tree,框架、配置、Python与程序测试,当前验收不等于全部上游tests通过,gem5/tests,inherited-from-ancestor
gem5/tests/gem5/traffic_gen/trusted_stats/GUPSGeneratorEP-2-CHIL1-gem5.components.memory-SingleChannelHBM,directory,,1,1,main-source-tree,框架、配置、Python与程序测试,当前验收不等于全部上游tests通过,gem5/tests,inherited-from-ancestor
gem5/tests/gem5/traffic_gen/trusted_stats/GUPSGeneratorEP-2-CHIL1-gem5.components.memory-SingleChannelLPDDR3_1600,directory,,1,1,main-source-tree,框架、配置、Python与程序测试,当前验收不等于全部上游tests通过,gem5/tests,inherited-from-ancestor
gem5/tests/gem5/traffic_gen/trusted_stats/GUPSGeneratorEP-2-MESIThreeLevel-gem5.components.memory-DualChannelDDR3_1600,directory,,1,1,main-source-tree,框架、配置、Python与程序测试,当前验收不等于全部上游tests通过,gem5/tests,inherited-from-ancestor
gem5/tests/gem5/traffic_gen/trusted_stats/GUPSGeneratorEP-2-MESIThreeLevel-gem5.components.memory-DualChannelDDR3_2133,directory,,1,1,main-source-tree,框架、配置、Python与程序测试,当前验收不等于全部上游tests通过,gem5/tests,inherited-from-ancestor
gem5/tests/gem5/traffic_gen/trusted_stats/GUPSGeneratorEP-2-MESIThreeLevel-gem5.components.memory-DualChannelDDR4_2400,directory,,1,1,main-source-tree,框架、配置、Python与程序测试,当前验收不等于全部上游tests通过,gem5/tests,inherited-from-ancestor
gem5/tests/gem5/traffic_gen/trusted_stats/GUPSGeneratorEP-2-MESIThreeLevel-gem5.components.memory-DualChannelLPDDR3_1600,directory,,1,1,main-source-tree,框架、配置、Python与程序测试,当前验收不等于全部上游tests通过,gem5/tests,inherited-from-ancestor
gem5/tests/gem5/traffic_gen/trusted_stats/GUPSGeneratorEP-2-MESIThreeLevel-gem5.components.memory-HBM2Stack,directory,,1,1,main-source-tree,框架、配置、Python与程序测试,当前验收不等于全部上游tests通过,gem5/tests,inherited-from-ancestor
gem5/tests/gem5/traffic_gen/trusted_stats/GUPSGeneratorEP-2-MESIThreeLevel-gem5.components.memory-SingleChannelDDR3_1600,directory,,1,1,main-source-tree,框架、配置、Python与程序测试,当前验收不等于全部上游tests通过,gem5/tests,inherited-from-ancestor
gem5/tests/gem5/traffic_gen/trusted_stats/GUPSGeneratorEP-2-MESIThreeLevel-gem5.components.memory-SingleChannelDDR3_2133,directory,,1,1,main-source-tree,框架、配置、Python与程序测试,当前验收不等于全部上游tests通过,gem5/tests,inherited-from-ancestor
gem5/tests/gem5/traffic_gen/trusted_stats/GUPSGeneratorEP-2-MESIThreeLevel-gem5.components.memory-SingleChannelDDR4_2400,directory,,1,1,main-source-tree,框架、配置、Python与程序测试,当前验收不等于全部上游tests通过,gem5/tests,inherited-from-ancestor
gem5/tests/gem5/traffic_gen/trusted_stats/GUPSGeneratorEP-2-MESIThreeLevel-gem5.components.memory-SingleChannelHBM,directory,,1,1,main-source-tree,框架、配置、Python与程序测试,当前验收不等于全部上游tests通过,gem5/tests,inherited-from-ancestor
gem5/tests/gem5/traffic_gen/trusted_stats/GUPSGeneratorEP-2-MESIThreeLevel-gem5.components.memory-SingleChannelLPDDR3_1600,directory,,1,1,main-source-tree,框架、配置、Python与程序测试,当前验收不等于全部上游tests通过,gem5/tests,inherited-from-ancestor
gem5/tests/gem5/traffic_gen/trusted_stats/GUPSGeneratorEP-2-MESITwoLevel-gem5.components.memory-DualChannelDDR3_1600,directory,,1,1,main-source-tree,框架、配置、Python与程序测试,当前验收不等于全部上游tests通过,gem5/tests,inherited-from-ancestor
gem5/tests/gem5/traffic_gen/trusted_stats/GUPSGeneratorEP-2-MESITwoLevel-gem5.components.memory-DualChannelDDR3_2133,directory,,1,1,main-source-tree,框架、配置、Python与程序测试,当前验收不等于全部上游tests通过,gem5/tests,inherited-from-ancestor
gem5/tests/gem5/traffic_gen/trusted_stats/GUPSGeneratorEP-2-MESITwoLevel-gem5.components.memory-DualChannelDDR4_2400,directory,,1,1,main-source-tree,框架、配置、Python与程序测试,当前验收不等于全部上游tests通过,gem5/tests,inherited-from-ancestor
gem5/tests/gem5/traffic_gen/trusted_stats/GUPSGeneratorEP-2-MESITwoLevel-gem5.components.memory-DualChannelLPDDR3_1600,directory,,1,1,main-source-tree,框架、配置、Python与程序测试,当前验收不等于全部上游tests通过,gem5/tests,inherited-from-ancestor
gem5/tests/gem5/traffic_gen/trusted_stats/GUPSGeneratorEP-2-MESITwoLevel-gem5.components.memory-HBM2Stack,directory,,1,1,main-source-tree,框架、配置、Python与程序测试,当前验收不等于全部上游tests通过,gem5/tests,inherited-from-ancestor
gem5/tests/gem5/traffic_gen/trusted_stats/GUPSGeneratorEP-2-MESITwoLevel-gem5.components.memory-SingleChannelDDR3_1600,directory,,1,1,main-source-tree,框架、配置、Python与程序测试,当前验收不等于全部上游tests通过,gem5/tests,inherited-from-ancestor
gem5/tests/gem5/traffic_gen/trusted_stats/GUPSGeneratorEP-2-MESITwoLevel-gem5.components.memory-SingleChannelDDR3_2133,directory,,1,1,main-source-tree,框架、配置、Python与程序测试,当前验收不等于全部上游tests通过,gem5/tests,inherited-from-ancestor
gem5/tests/gem5/traffic_gen/trusted_stats/GUPSGeneratorEP-2-MESITwoLevel-gem5.components.memory-SingleChannelDDR4_2400,directory,,1,1,main-source-tree,框架、配置、Python与程序测试,当前验收不等于全部上游tests通过,gem5/tests,inherited-from-ancestor
gem5/tests/gem5/traffic_gen/trusted_stats/GUPSGeneratorEP-2-MESITwoLevel-gem5.components.memory-SingleChannelHBM,directory,,1,1,main-source-tree,框架、配置、Python与程序测试,当前验收不等于全部上游tests通过,gem5/tests,inherited-from-ancestor
gem5/tests/gem5/traffic_gen/trusted_stats/GUPSGeneratorEP-2-MESITwoLevel-gem5.components.memory-SingleChannelLPDDR3_1600,directory,,1,1,main-source-tree,框架、配置、Python与程序测试,当前验收不等于全部上游tests通过,gem5/tests,inherited-from-ancestor
gem5/tests/gem5/traffic_gen/trusted_stats/GUPSGeneratorEP-2-MIExample-gem5.components.memory-DualChannelDDR3_1600,directory,,1,1,main-source-tree,框架、配置、Python与程序测试,当前验收不等于全部上游tests通过,gem5/tests,inherited-from-ancestor
gem5/tests/gem5/traffic_gen/trusted_stats/GUPSGeneratorEP-2-MIExample-gem5.components.memory-DualChannelDDR3_2133,directory,,1,1,main-source-tree,框架、配置、Python与程序测试,当前验收不等于全部上游tests通过,gem5/tests,inherited-from-ancestor
gem5/tests/gem5/traffic_gen/trusted_stats/GUPSGeneratorEP-2-MIExample-gem5.components.memory-DualChannelDDR4_2400,directory,,1,1,main-source-tree,框架、配置、Python与程序测试,当前验收不等于全部上游tests通过,gem5/tests,inherited-from-ancestor
gem5/tests/gem5/traffic_gen/trusted_stats/GUPSGeneratorEP-2-MIExample-gem5.components.memory-DualChannelLPDDR3_1600,directory,,1,1,main-source-tree,框架、配置、Python与程序测试,当前验收不等于全部上游tests通过,gem5/tests,inherited-from-ancestor
gem5/tests/gem5/traffic_gen/trusted_stats/GUPSGeneratorEP-2-MIExample-gem5.components.memory-HBM2Stack,directory,,1,1,main-source-tree,框架、配置、Python与程序测试,当前验收不等于全部上游tests通过,gem5/tests,inherited-from-ancestor
gem5/tests/gem5/traffic_gen/trusted_stats/GUPSGeneratorEP-2-MIExample-gem5.components.memory-SingleChannelDDR3_1600,directory,,1,1,main-source-tree,框架、配置、Python与程序测试,当前验收不等于全部上游tests通过,gem5/tests,inherited-from-ancestor
gem5/tests/gem5/traffic_gen/trusted_stats/GUPSGeneratorEP-2-MIExample-gem5.components.memory-SingleChannelDDR3_2133,directory,,1,1,main-source-tree,框架、配置、Python与程序测试,当前验收不等于全部上游tests通过,gem5/tests,inherited-from-ancestor
gem5/tests/gem5/traffic_gen/trusted_stats/GUPSGeneratorEP-2-MIExample-gem5.components.memory-SingleChannelDDR4_2400,directory,,1,1,main-source-tree,框架、配置、Python与程序测试,当前验收不等于全部上游tests通过,gem5/tests,inherited-from-ancestor
gem5/tests/gem5/traffic_gen/trusted_stats/GUPSGeneratorEP-2-MIExample-gem5.components.memory-SingleChannelHBM,directory,,1,1,main-source-tree,框架、配置、Python与程序测试,当前验收不等于全部上游tests通过,gem5/tests,inherited-from-ancestor
gem5/tests/gem5/traffic_gen/trusted_stats/GUPSGeneratorEP-2-MIExample-gem5.components.memory-SingleChannelLPDDR3_1600,directory,,1,1,main-source-tree,框架、配置、Python与程序测试,当前验收不等于全部上游tests通过,gem5/tests,inherited-from-ancestor
gem5/tests/gem5/traffic_gen/trusted_stats/GUPSGeneratorEP-2-NoCache-gem5.components.memory-DualChannelDDR3_1600,directory,,1,1,main-source-tree,框架、配置、Python与程序测试,当前验收不等于全部上游tests通过,gem5/tests,inherited-from-ancestor
gem5/tests/gem5/traffic_gen/trusted_stats/GUPSGeneratorEP-2-NoCache-gem5.components.memory-DualChannelDDR3_2133,directory,,1,1,main-source-tree,框架、配置、Python与程序测试,当前验收不等于全部上游tests通过,gem5/tests,inherited-from-ancestor
gem5/tests/gem5/traffic_gen/trusted_stats/GUPSGeneratorEP-2-NoCache-gem5.components.memory-DualChannelDDR4_2400,directory,,1,1,main-source-tree,框架、配置、Python与程序测试,当前验收不等于全部上游tests通过,gem5/tests,inherited-from-ancestor
gem5/tests/gem5/traffic_gen/trusted_stats/GUPSGeneratorEP-2-NoCache-gem5.components.memory-DualChannelLPDDR3_1600,directory,,1,1,main-source-tree,框架、配置、Python与程序测试,当前验收不等于全部上游tests通过,gem5/tests,inherited-from-ancestor
gem5/tests/gem5/traffic_gen/trusted_stats/GUPSGeneratorEP-2-NoCache-gem5.components.memory-HBM2Stack,directory,,1,1,main-source-tree,框架、配置、Python与程序测试,当前验收不等于全部上游tests通过,gem5/tests,inherited-from-ancestor
gem5/tests/gem5/traffic_gen/trusted_stats/GUPSGeneratorEP-2-NoCache-gem5.components.memory-SingleChannelDDR3_1600,directory,,1,1,main-source-tree,框架、配置、Python与程序测试,当前验收不等于全部上游tests通过,gem5/tests,inherited-from-ancestor
gem5/tests/gem5/traffic_gen/trusted_stats/GUPSGeneratorEP-2-NoCache-gem5.components.memory-SingleChannelDDR3_2133,directory,,1,1,main-source-tree,框架、配置、Python与程序测试,当前验收不等于全部上游tests通过,gem5/tests,inherited-from-ancestor
gem5/tests/gem5/traffic_gen/trusted_stats/GUPSGeneratorEP-2-NoCache-gem5.components.memory-SingleChannelDDR4_2400,directory,,1,1,main-source-tree,框架、配置、Python与程序测试,当前验收不等于全部上游tests通过,gem5/tests,inherited-from-ancestor
gem5/tests/gem5/traffic_gen/trusted_stats/GUPSGeneratorEP-2-NoCache-gem5.components.memory-SingleChannelHBM,directory,,1,1,main-source-tree,框架、配置、Python与程序测试,当前验收不等于全部上游tests通过,gem5/tests,inherited-from-ancestor
gem5/tests/gem5/traffic_gen/trusted_stats/GUPSGeneratorEP-2-NoCache-gem5.components.memory-SingleChannelLPDDR3_1600,directory,,1,1,main-source-tree,框架、配置、Python与程序测试,当前验收不等于全部上游tests通过,gem5/tests,inherited-from-ancestor
gem5/tests/gem5/traffic_gen/trusted_stats/GUPSGeneratorEP-2-OctopiCache-gem5.components.memory-DualChannelDDR3_1600,directory,,1,1,main-source-tree,框架、配置、Python与程序测试,当前验收不等于全部上游tests通过,gem5/tests,inherited-from-ancestor
gem5/tests/gem5/traffic_gen/trusted_stats/GUPSGeneratorEP-2-OctopiCache-gem5.components.memory-DualChannelDDR3_2133,directory,,1,1,main-source-tree,框架、配置、Python与程序测试,当前验收不等于全部上游tests通过,gem5/tests,inherited-from-ancestor
gem5/tests/gem5/traffic_gen/trusted_stats/GUPSGeneratorEP-2-OctopiCache-gem5.components.memory-DualChannelDDR4_2400,directory,,1,1,main-source-tree,框架、配置、Python与程序测试,当前验收不等于全部上游tests通过,gem5/tests,inherited-from-ancestor
gem5/tests/gem5/traffic_gen/trusted_stats/GUPSGeneratorEP-2-OctopiCache-gem5.components.memory-DualChannelLPDDR3_1600,directory,,1,1,main-source-tree,框架、配置、Python与程序测试,当前验收不等于全部上游tests通过,gem5/tests,inherited-from-ancestor
gem5/tests/gem5/traffic_gen/trusted_stats/GUPSGeneratorEP-2-OctopiCache-gem5.components.memory-HBM2Stack,directory,,1,1,main-source-tree,框架、配置、Python与程序测试,当前验收不等于全部上游tests通过,gem5/tests,inherited-from-ancestor
gem5/tests/gem5/traffic_gen/trusted_stats/GUPSGeneratorEP-2-OctopiCache-gem5.components.memory-SingleChannelDDR3_1600,directory,,1,1,main-source-tree,框架、配置、Python与程序测试,当前验收不等于全部上游tests通过,gem5/tests,inherited-from-ancestor
gem5/tests/gem5/traffic_gen/trusted_stats/GUPSGeneratorEP-2-OctopiCache-gem5.components.memory-SingleChannelDDR3_2133,directory,,1,1,main-source-tree,框架、配置、Python与程序测试,当前验收不等于全部上游tests通过,gem5/tests,inherited-from-ancestor
gem5/tests/gem5/traffic_gen/trusted_stats/GUPSGeneratorEP-2-OctopiCache-gem5.components.memory-SingleChannelDDR4_2400,directory,,1,1,main-source-tree,框架、配置、Python与程序测试,当前验收不等于全部上游tests通过,gem5/tests,inherited-from-ancestor
gem5/tests/gem5/traffic_gen/trusted_stats/GUPSGeneratorEP-2-OctopiCache-gem5.components.memory-SingleChannelHBM,directory,,1,1,main-source-tree,框架、配置、Python与程序测试,当前验收不等于全部上游tests通过,gem5/tests,inherited-from-ancestor
gem5/tests/gem5/traffic_gen/trusted_stats/GUPSGeneratorEP-2-OctopiCache-gem5.components.memory-SingleChannelLPDDR3_1600,directory,,1,1,main-source-tree,框架、配置、Python与程序测试,当前验收不等于全部上游tests通过,gem5/tests,inherited-from-ancestor
gem5/tests/gem5/traffic_gen/trusted_stats/GUPSGeneratorEP-2-PrivateL1-gem5.components.memory-DualChannelDDR3_1600,directory,,1,1,main-source-tree,框架、配置、Python与程序测试,当前验收不等于全部上游tests通过,gem5/tests,inherited-from-ancestor
gem5/tests/gem5/traffic_gen/trusted_stats/GUPSGeneratorEP-2-PrivateL1-gem5.components.memory-DualChannelDDR3_2133,directory,,1,1,main-source-tree,框架、配置、Python与程序测试,当前验收不等于全部上游tests通过,gem5/tests,inherited-from-ancestor
gem5/tests/gem5/traffic_gen/trusted_stats/GUPSGeneratorEP-2-PrivateL1-gem5.components.memory-DualChannelDDR4_2400,directory,,1,1,main-source-tree,框架、配置、Python与程序测试,当前验收不等于全部上游tests通过,gem5/tests,inherited-from-ancestor
gem5/tests/gem5/traffic_gen/trusted_stats/GUPSGeneratorEP-2-PrivateL1-gem5.components.memory-DualChannelLPDDR3_1600,directory,,1,1,main-source-tree,框架、配置、Python与程序测试,当前验收不等于全部上游tests通过,gem5/tests,inherited-from-ancestor
gem5/tests/gem5/traffic_gen/trusted_stats/GUPSGeneratorEP-2-PrivateL1-gem5.components.memory-HBM2Stack,directory,,1,1,main-source-tree,框架、配置、Python与程序测试,当前验收不等于全部上游tests通过,gem5/tests,inherited-from-ancestor
gem5/tests/gem5/traffic_gen/trusted_stats/GUPSGeneratorEP-2-PrivateL1-gem5.components.memory-SingleChannelDDR3_1600,directory,,1,1,main-source-tree,框架、配置、Python与程序测试,当前验收不等于全部上游tests通过,gem5/tests,inherited-from-ancestor
gem5/tests/gem5/traffic_gen/trusted_stats/GUPSGeneratorEP-2-PrivateL1-gem5.components.memory-SingleChannelDDR3_2133,directory,,1,1,main-source-tree,框架、配置、Python与程序测试,当前验收不等于全部上游tests通过,gem5/tests,inherited-from-ancestor
gem5/tests/gem5/traffic_gen/trusted_stats/GUPSGeneratorEP-2-PrivateL1-gem5.components.memory-SingleChannelDDR4_2400,directory,,1,1,main-source-tree,框架、配置、Python与程序测试,当前验收不等于全部上游tests通过,gem5/tests,inherited-from-ancestor
gem5/tests/gem5/traffic_gen/trusted_stats/GUPSGeneratorEP-2-PrivateL1-gem5.components.memory-SingleChannelHBM,directory,,1,1,main-source-tree,框架、配置、Python与程序测试,当前验收不等于全部上游tests通过,gem5/tests,inherited-from-ancestor
gem5/tests/gem5/traffic_gen/trusted_stats/GUPSGeneratorEP-2-PrivateL1-gem5.components.memory-SingleChannelLPDDR3_1600,directory,,1,1,main-source-tree,框架、配置、Python与程序测试,当前验收不等于全部上游tests通过,gem5/tests,inherited-from-ancestor
gem5/tests/gem5/traffic_gen/trusted_stats/GUPSGeneratorEP-2-PrivateL1PrivateL2-gem5.components.memory-DualChannelDDR3_1600,directory,,1,1,main-source-tree,框架、配置、Python与程序测试,当前验收不等于全部上游tests通过,gem5/tests,inherited-from-ancestor
gem5/tests/gem5/traffic_gen/trusted_stats/GUPSGeneratorEP-2-PrivateL1PrivateL2-gem5.components.memory-DualChannelDDR3_2133,directory,,1,1,main-source-tree,框架、配置、Python与程序测试,当前验收不等于全部上游tests通过,gem5/tests,inherited-from-ancestor
gem5/tests/gem5/traffic_gen/trusted_stats/GUPSGeneratorEP-2-PrivateL1PrivateL2-gem5.components.memory-DualChannelDDR4_2400,directory,,1,1,main-source-tree,框架、配置、Python与程序测试,当前验收不等于全部上游tests通过,gem5/tests,inherited-from-ancestor
gem5/tests/gem5/traffic_gen/trusted_stats/GUPSGeneratorEP-2-PrivateL1PrivateL2-gem5.components.memory-DualChannelLPDDR3_1600,directory,,1,1,main-source-tree,框架、配置、Python与程序测试,当前验收不等于全部上游tests通过,gem5/tests,inherited-from-ancestor
gem5/tests/gem5/traffic_gen/trusted_stats/GUPSGeneratorEP-2-PrivateL1PrivateL2-gem5.components.memory-HBM2Stack,directory,,1,1,main-source-tree,框架、配置、Python与程序测试,当前验收不等于全部上游tests通过,gem5/tests,inherited-from-ancestor
gem5/tests/gem5/traffic_gen/trusted_stats/GUPSGeneratorEP-2-PrivateL1PrivateL2-gem5.components.memory-SingleChannelDDR3_1600,directory,,1,1,main-source-tree,框架、配置、Python与程序测试,当前验收不等于全部上游tests通过,gem5/tests,inherited-from-ancestor
gem5/tests/gem5/traffic_gen/trusted_stats/GUPSGeneratorEP-2-PrivateL1PrivateL2-gem5.components.memory-SingleChannelDDR3_2133,directory,,1,1,main-source-tree,框架、配置、Python与程序测试,当前验收不等于全部上游tests通过,gem5/tests,inherited-from-ancestor
gem5/tests/gem5/traffic_gen/trusted_stats/GUPSGeneratorEP-2-PrivateL1PrivateL2-gem5.components.memory-SingleChannelDDR4_2400,directory,,1,1,main-source-tree,框架、配置、Python与程序测试,当前验收不等于全部上游tests通过,gem5/tests,inherited-from-ancestor
gem5/tests/gem5/traffic_gen/trusted_stats/GUPSGeneratorEP-2-PrivateL1PrivateL2-gem5.components.memory-SingleChannelHBM,directory,,1,1,main-source-tree,框架、配置、Python与程序测试,当前验收不等于全部上游tests通过,gem5/tests,inherited-from-ancestor
gem5/tests/gem5/traffic_gen/trusted_stats/GUPSGeneratorEP-2-PrivateL1PrivateL2-gem5.components.memory-SingleChannelLPDDR3_1600,directory,,1,1,main-source-tree,框架、配置、Python与程序测试,当前验收不等于全部上游tests通过,gem5/tests,inherited-from-ancestor
gem5/tests/gem5/traffic_gen/trusted_stats/GUPSGeneratorPAR-2-CHIL1-gem5.components.memory-DualChannelDDR3_1600,directory,,1,1,main-source-tree,框架、配置、Python与程序测试,当前验收不等于全部上游tests通过,gem5/tests,inherited-from-ancestor
gem5/tests/gem5/traffic_gen/trusted_stats/GUPSGeneratorPAR-2-CHIL1-gem5.components.memory-DualChannelDDR3_2133,directory,,1,1,main-source-tree,框架、配置、Python与程序测试,当前验收不等于全部上游tests通过,gem5/tests,inherited-from-ancestor
gem5/tests/gem5/traffic_gen/trusted_stats/GUPSGeneratorPAR-2-CHIL1-gem5.components.memory-DualChannelDDR4_2400,directory,,1,1,main-source-tree,框架、配置、Python与程序测试,当前验收不等于全部上游tests通过,gem5/tests,inherited-from-ancestor
gem5/tests/gem5/traffic_gen/trusted_stats/GUPSGeneratorPAR-2-CHIL1-gem5.components.memory-DualChannelLPDDR3_1600,directory,,1,1,main-source-tree,框架、配置、Python与程序测试,当前验收不等于全部上游tests通过,gem5/tests,inherited-from-ancestor
gem5/tests/gem5/traffic_gen/trusted_stats/GUPSGeneratorPAR-2-CHIL1-gem5.components.memory-HBM2Stack,directory,,1,1,main-source-tree,框架、配置、Python与程序测试,当前验收不等于全部上游tests通过,gem5/tests,inherited-from-ancestor
gem5/tests/gem5/traffic_gen/trusted_stats/GUPSGeneratorPAR-2-CHIL1-gem5.components.memory-SingleChannelDDR3_1600,directory,,1,1,main-source-tree,框架、配置、Python与程序测试,当前验收不等于全部上游tests通过,gem5/tests,inherited-from-ancestor
gem5/tests/gem5/traffic_gen/trusted_stats/GUPSGeneratorPAR-2-CHIL1-gem5.components.memory-SingleChannelDDR3_2133,directory,,1,1,main-source-tree,框架、配置、Python与程序测试,当前验收不等于全部上游tests通过,gem5/tests,inherited-from-ancestor
gem5/tests/gem5/traffic_gen/trusted_stats/GUPSGeneratorPAR-2-CHIL1-gem5.components.memory-SingleChannelDDR4_2400,directory,,1,1,main-source-tree,框架、配置、Python与程序测试,当前验收不等于全部上游tests通过,gem5/tests,inherited-from-ancestor
gem5/tests/gem5/traffic_gen/trusted_stats/GUPSGeneratorPAR-2-CHIL1-gem5.components.memory-SingleChannelHBM,directory,,1,1,main-source-tree,框架、配置、Python与程序测试,当前验收不等于全部上游tests通过,gem5/tests,inherited-from-ancestor
gem5/tests/gem5/traffic_gen/trusted_stats/GUPSGeneratorPAR-2-CHIL1-gem5.components.memory-SingleChannelLPDDR3_1600,directory,,1,1,main-source-tree,框架、配置、Python与程序测试,当前验收不等于全部上游tests通过,gem5/tests,inherited-from-ancestor
gem5/tests/gem5/traffic_gen/trusted_stats/GUPSGeneratorPAR-2-MESIThreeLevel-gem5.components.memory-DualChannelDDR3_1600,directory,,1,1,main-source-tree,框架、配置、Python与程序测试,当前验收不等于全部上游tests通过,gem5/tests,inherited-from-ancestor
gem5/tests/gem5/traffic_gen/trusted_stats/GUPSGeneratorPAR-2-MESIThreeLevel-gem5.components.memory-DualChannelDDR3_2133,directory,,1,1,main-source-tree,框架、配置、Python与程序测试,当前验收不等于全部上游tests通过,gem5/tests,inherited-from-ancestor
gem5/tests/gem5/traffic_gen/trusted_stats/GUPSGeneratorPAR-2-MESIThreeLevel-gem5.components.memory-DualChannelDDR4_2400,directory,,1,1,main-source-tree,框架、配置、Python与程序测试,当前验收不等于全部上游tests通过,gem5/tests,inherited-from-ancestor
gem5/tests/gem5/traffic_gen/trusted_stats/GUPSGeneratorPAR-2-MESIThreeLevel-gem5.components.memory-DualChannelLPDDR3_1600,directory,,1,1,main-source-tree,框架、配置、Python与程序测试,当前验收不等于全部上游tests通过,gem5/tests,inherited-from-ancestor
gem5/tests/gem5/traffic_gen/trusted_stats/GUPSGeneratorPAR-2-MESIThreeLevel-gem5.components.memory-HBM2Stack,directory,,1,1,main-source-tree,框架、配置、Python与程序测试,当前验收不等于全部上游tests通过,gem5/tests,inherited-from-ancestor
gem5/tests/gem5/traffic_gen/trusted_stats/GUPSGeneratorPAR-2-MESIThreeLevel-gem5.components.memory-SingleChannelDDR3_1600,directory,,1,1,main-source-tree,框架、配置、Python与程序测试,当前验收不等于全部上游tests通过,gem5/tests,inherited-from-ancestor
gem5/tests/gem5/traffic_gen/trusted_stats/GUPSGeneratorPAR-2-MESIThreeLevel-gem5.components.memory-SingleChannelDDR3_2133,directory,,1,1,main-source-tree,框架、配置、Python与程序测试,当前验收不等于全部上游tests通过,gem5/tests,inherited-from-ancestor
gem5/tests/gem5/traffic_gen/trusted_stats/GUPSGeneratorPAR-2-MESIThreeLevel-gem5.components.memory-SingleChannelDDR4_2400,directory,,1,1,main-source-tree,框架、配置、Python与程序测试,当前验收不等于全部上游tests通过,gem5/tests,inherited-from-ancestor
gem5/tests/gem5/traffic_gen/trusted_stats/GUPSGeneratorPAR-2-MESIThreeLevel-gem5.components.memory-SingleChannelHBM,directory,,1,1,main-source-tree,框架、配置、Python与程序测试,当前验收不等于全部上游tests通过,gem5/tests,inherited-from-ancestor
gem5/tests/gem5/traffic_gen/trusted_stats/GUPSGeneratorPAR-2-MESIThreeLevel-gem5.components.memory-SingleChannelLPDDR3_1600,directory,,1,1,main-source-tree,框架、配置、Python与程序测试,当前验收不等于全部上游tests通过,gem5/tests,inherited-from-ancestor
gem5/tests/gem5/traffic_gen/trusted_stats/GUPSGeneratorPAR-2-MESITwoLevel-gem5.components.memory-DualChannelDDR3_1600,directory,,1,1,main-source-tree,框架、配置、Python与程序测试,当前验收不等于全部上游tests通过,gem5/tests,inherited-from-ancestor
gem5/tests/gem5/traffic_gen/trusted_stats/GUPSGeneratorPAR-2-MESITwoLevel-gem5.components.memory-DualChannelDDR3_2133,directory,,1,1,main-source-tree,框架、配置、Python与程序测试,当前验收不等于全部上游tests通过,gem5/tests,inherited-from-ancestor
gem5/tests/gem5/traffic_gen/trusted_stats/GUPSGeneratorPAR-2-MESITwoLevel-gem5.components.memory-DualChannelDDR4_2400,directory,,1,1,main-source-tree,框架、配置、Python与程序测试,当前验收不等于全部上游tests通过,gem5/tests,inherited-from-ancestor
gem5/tests/gem5/traffic_gen/trusted_stats/GUPSGeneratorPAR-2-MESITwoLevel-gem5.components.memory-DualChannelLPDDR3_1600,directory,,1,1,main-source-tree,框架、配置、Python与程序测试,当前验收不等于全部上游tests通过,gem5/tests,inherited-from-ancestor
gem5/tests/gem5/traffic_gen/trusted_stats/GUPSGeneratorPAR-2-MESITwoLevel-gem5.components.memory-HBM2Stack,directory,,1,1,main-source-tree,框架、配置、Python与程序测试,当前验收不等于全部上游tests通过,gem5/tests,inherited-from-ancestor
gem5/tests/gem5/traffic_gen/trusted_stats/GUPSGeneratorPAR-2-MESITwoLevel-gem5.components.memory-SingleChannelDDR3_1600,directory,,1,1,main-source-tree,框架、配置、Python与程序测试,当前验收不等于全部上游tests通过,gem5/tests,inherited-from-ancestor
gem5/tests/gem5/traffic_gen/trusted_stats/GUPSGeneratorPAR-2-MESITwoLevel-gem5.components.memory-SingleChannelDDR3_2133,directory,,1,1,main-source-tree,框架、配置、Python与程序测试,当前验收不等于全部上游tests通过,gem5/tests,inherited-from-ancestor
gem5/tests/gem5/traffic_gen/trusted_stats/GUPSGeneratorPAR-2-MESITwoLevel-gem5.components.memory-SingleChannelDDR4_2400,directory,,1,1,main-source-tree,框架、配置、Python与程序测试,当前验收不等于全部上游tests通过,gem5/tests,inherited-from-ancestor
gem5/tests/gem5/traffic_gen/trusted_stats/GUPSGeneratorPAR-2-MESITwoLevel-gem5.components.memory-SingleChannelHBM,directory,,1,1,main-source-tree,框架、配置、Python与程序测试,当前验收不等于全部上游tests通过,gem5/tests,inherited-from-ancestor
gem5/tests/gem5/traffic_gen/trusted_stats/GUPSGeneratorPAR-2-MESITwoLevel-gem5.components.memory-SingleChannelLPDDR3_1600,directory,,1,1,main-source-tree,框架、配置、Python与程序测试,当前验收不等于全部上游tests通过,gem5/tests,inherited-from-ancestor
gem5/tests/gem5/traffic_gen/trusted_stats/GUPSGeneratorPAR-2-MIExample-gem5.components.memory-DualChannelDDR3_1600,directory,,1,1,main-source-tree,框架、配置、Python与程序测试,当前验收不等于全部上游tests通过,gem5/tests,inherited-from-ancestor
gem5/tests/gem5/traffic_gen/trusted_stats/GUPSGeneratorPAR-2-MIExample-gem5.components.memory-DualChannelDDR3_2133,directory,,1,1,main-source-tree,框架、配置、Python与程序测试,当前验收不等于全部上游tests通过,gem5/tests,inherited-from-ancestor
gem5/tests/gem5/traffic_gen/trusted_stats/GUPSGeneratorPAR-2-MIExample-gem5.components.memory-DualChannelDDR4_2400,directory,,1,1,main-source-tree,框架、配置、Python与程序测试,当前验收不等于全部上游tests通过,gem5/tests,inherited-from-ancestor
gem5/tests/gem5/traffic_gen/trusted_stats/GUPSGeneratorPAR-2-MIExample-gem5.components.memory-DualChannelLPDDR3_1600,directory,,1,1,main-source-tree,框架、配置、Python与程序测试,当前验收不等于全部上游tests通过,gem5/tests,inherited-from-ancestor
gem5/tests/gem5/traffic_gen/trusted_stats/GUPSGeneratorPAR-2-MIExample-gem5.components.memory-HBM2Stack,directory,,1,1,main-source-tree,框架、配置、Python与程序测试,当前验收不等于全部上游tests通过,gem5/tests,inherited-from-ancestor
gem5/tests/gem5/traffic_gen/trusted_stats/GUPSGeneratorPAR-2-MIExample-gem5.components.memory-SingleChannelDDR3_1600,directory,,1,1,main-source-tree,框架、配置、Python与程序测试,当前验收不等于全部上游tests通过,gem5/tests,inherited-from-ancestor
gem5/tests/gem5/traffic_gen/trusted_stats/GUPSGeneratorPAR-2-MIExample-gem5.components.memory-SingleChannelDDR3_2133,directory,,1,1,main-source-tree,框架、配置、Python与程序测试,当前验收不等于全部上游tests通过,gem5/tests,inherited-from-ancestor
gem5/tests/gem5/traffic_gen/trusted_stats/GUPSGeneratorPAR-2-MIExample-gem5.components.memory-SingleChannelDDR4_2400,directory,,1,1,main-source-tree,框架、配置、Python与程序测试,当前验收不等于全部上游tests通过,gem5/tests,inherited-from-ancestor
gem5/tests/gem5/traffic_gen/trusted_stats/GUPSGeneratorPAR-2-MIExample-gem5.components.memory-SingleChannelHBM,directory,,1,1,main-source-tree,框架、配置、Python与程序测试,当前验收不等于全部上游tests通过,gem5/tests,inherited-from-ancestor
gem5/tests/gem5/traffic_gen/trusted_stats/GUPSGeneratorPAR-2-MIExample-gem5.components.memory-SingleChannelLPDDR3_1600,directory,,1,1,main-source-tree,框架、配置、Python与程序测试,当前验收不等于全部上游tests通过,gem5/tests,inherited-from-ancestor
gem5/tests/gem5/traffic_gen/trusted_stats/GUPSGeneratorPAR-2-NoCache-gem5.components.memory-DualChannelDDR3_1600,directory,,1,1,main-source-tree,框架、配置、Python与程序测试,当前验收不等于全部上游tests通过,gem5/tests,inherited-from-ancestor
gem5/tests/gem5/traffic_gen/trusted_stats/GUPSGeneratorPAR-2-NoCache-gem5.components.memory-DualChannelDDR3_2133,directory,,1,1,main-source-tree,框架、配置、Python与程序测试,当前验收不等于全部上游tests通过,gem5/tests,inherited-from-ancestor
gem5/tests/gem5/traffic_gen/trusted_stats/GUPSGeneratorPAR-2-NoCache-gem5.components.memory-DualChannelDDR4_2400,directory,,1,1,main-source-tree,框架、配置、Python与程序测试,当前验收不等于全部上游tests通过,gem5/tests,inherited-from-ancestor
gem5/tests/gem5/traffic_gen/trusted_stats/GUPSGeneratorPAR-2-NoCache-gem5.components.memory-DualChannelLPDDR3_1600,directory,,1,1,main-source-tree,框架、配置、Python与程序测试,当前验收不等于全部上游tests通过,gem5/tests,inherited-from-ancestor
gem5/tests/gem5/traffic_gen/trusted_stats/GUPSGeneratorPAR-2-NoCache-gem5.components.memory-HBM2Stack,directory,,1,1,main-source-tree,框架、配置、Python与程序测试,当前验收不等于全部上游tests通过,gem5/tests,inherited-from-ancestor
gem5/tests/gem5/traffic_gen/trusted_stats/GUPSGeneratorPAR-2-NoCache-gem5.components.memory-SingleChannelDDR3_1600,directory,,1,1,main-source-tree,框架、配置、Python与程序测试,当前验收不等于全部上游tests通过,gem5/tests,inherited-from-ancestor
gem5/tests/gem5/traffic_gen/trusted_stats/GUPSGeneratorPAR-2-NoCache-gem5.components.memory-SingleChannelDDR3_2133,directory,,1,1,main-source-tree,框架、配置、Python与程序测试,当前验收不等于全部上游tests通过,gem5/tests,inherited-from-ancestor
gem5/tests/gem5/traffic_gen/trusted_stats/GUPSGeneratorPAR-2-NoCache-gem5.components.memory-SingleChannelDDR4_2400,directory,,1,1,main-source-tree,框架、配置、Python与程序测试,当前验收不等于全部上游tests通过,gem5/tests,inherited-from-ancestor
gem5/tests/gem5/traffic_gen/trusted_stats/GUPSGeneratorPAR-2-NoCache-gem5.components.memory-SingleChannelHBM,directory,,1,1,main-source-tree,框架、配置、Python与程序测试,当前验收不等于全部上游tests通过,gem5/tests,inherited-from-ancestor
gem5/tests/gem5/traffic_gen/trusted_stats/GUPSGeneratorPAR-2-NoCache-gem5.components.memory-SingleChannelLPDDR3_1600,directory,,1,1,main-source-tree,框架、配置、Python与程序测试,当前验收不等于全部上游tests通过,gem5/tests,inherited-from-ancestor
gem5/tests/gem5/traffic_gen/trusted_stats/GUPSGeneratorPAR-2-OctopiCache-gem5.components.memory-DualChannelDDR3_1600,directory,,1,1,main-source-tree,框架、配置、Python与程序测试,当前验收不等于全部上游tests通过,gem5/tests,inherited-from-ancestor
gem5/tests/gem5/traffic_gen/trusted_stats/GUPSGeneratorPAR-2-OctopiCache-gem5.components.memory-DualChannelDDR3_2133,directory,,1,1,main-source-tree,框架、配置、Python与程序测试,当前验收不等于全部上游tests通过,gem5/tests,inherited-from-ancestor
gem5/tests/gem5/traffic_gen/trusted_stats/GUPSGeneratorPAR-2-OctopiCache-gem5.components.memory-DualChannelDDR4_2400,directory,,1,1,main-source-tree,框架、配置、Python与程序测试,当前验收不等于全部上游tests通过,gem5/tests,inherited-from-ancestor
gem5/tests/gem5/traffic_gen/trusted_stats/GUPSGeneratorPAR-2-OctopiCache-gem5.components.memory-DualChannelLPDDR3_1600,directory,,1,1,main-source-tree,框架、配置、Python与程序测试,当前验收不等于全部上游tests通过,gem5/tests,inherited-from-ancestor
gem5/tests/gem5/traffic_gen/trusted_stats/GUPSGeneratorPAR-2-OctopiCache-gem5.components.memory-HBM2Stack,directory,,1,1,main-source-tree,框架、配置、Python与程序测试,当前验收不等于全部上游tests通过,gem5/tests,inherited-from-ancestor
gem5/tests/gem5/traffic_gen/trusted_stats/GUPSGeneratorPAR-2-OctopiCache-gem5.components.memory-SingleChannelDDR3_1600,directory,,1,1,main-source-tree,框架、配置、Python与程序测试,当前验收不等于全部上游tests通过,gem5/tests,inherited-from-ancestor
gem5/tests/gem5/traffic_gen/trusted_stats/GUPSGeneratorPAR-2-OctopiCache-gem5.components.memory-SingleChannelDDR3_2133,directory,,1,1,main-source-tree,框架、配置、Python与程序测试,当前验收不等于全部上游tests通过,gem5/tests,inherited-from-ancestor
gem5/tests/gem5/traffic_gen/trusted_stats/GUPSGeneratorPAR-2-OctopiCache-gem5.components.memory-SingleChannelDDR4_2400,directory,,1,1,main-source-tree,框架、配置、Python与程序测试,当前验收不等于全部上游tests通过,gem5/tests,inherited-from-ancestor
gem5/tests/gem5/traffic_gen/trusted_stats/GUPSGeneratorPAR-2-OctopiCache-gem5.components.memory-SingleChannelHBM,directory,,1,1,main-source-tree,框架、配置、Python与程序测试,当前验收不等于全部上游tests通过,gem5/tests,inherited-from-ancestor
gem5/tests/gem5/traffic_gen/trusted_stats/GUPSGeneratorPAR-2-OctopiCache-gem5.components.memory-SingleChannelLPDDR3_1600,directory,,1,1,main-source-tree,框架、配置、Python与程序测试,当前验收不等于全部上游tests通过,gem5/tests,inherited-from-ancestor
gem5/tests/gem5/traffic_gen/trusted_stats/GUPSGeneratorPAR-2-PrivateL1-gem5.components.memory-DualChannelDDR3_1600,directory,,1,1,main-source-tree,框架、配置、Python与程序测试,当前验收不等于全部上游tests通过,gem5/tests,inherited-from-ancestor
gem5/tests/gem5/traffic_gen/trusted_stats/GUPSGeneratorPAR-2-PrivateL1-gem5.components.memory-DualChannelDDR3_2133,directory,,1,1,main-source-tree,框架、配置、Python与程序测试,当前验收不等于全部上游tests通过,gem5/tests,inherited-from-ancestor
gem5/tests/gem5/traffic_gen/trusted_stats/GUPSGeneratorPAR-2-PrivateL1-gem5.components.memory-DualChannelDDR4_2400,directory,,1,1,main-source-tree,框架、配置、Python与程序测试,当前验收不等于全部上游tests通过,gem5/tests,inherited-from-ancestor
gem5/tests/gem5/traffic_gen/trusted_stats/GUPSGeneratorPAR-2-PrivateL1-gem5.components.memory-DualChannelLPDDR3_1600,directory,,1,1,main-source-tree,框架、配置、Python与程序测试,当前验收不等于全部上游tests通过,gem5/tests,inherited-from-ancestor
gem5/tests/gem5/traffic_gen/trusted_stats/GUPSGeneratorPAR-2-PrivateL1-gem5.components.memory-HBM2Stack,directory,,1,1,main-source-tree,框架、配置、Python与程序测试,当前验收不等于全部上游tests通过,gem5/tests,inherited-from-ancestor
gem5/tests/gem5/traffic_gen/trusted_stats/GUPSGeneratorPAR-2-PrivateL1-gem5.components.memory-SingleChannelDDR3_1600,directory,,1,1,main-source-tree,框架、配置、Python与程序测试,当前验收不等于全部上游tests通过,gem5/tests,inherited-from-ancestor
gem5/tests/gem5/traffic_gen/trusted_stats/GUPSGeneratorPAR-2-PrivateL1-gem5.components.memory-SingleChannelDDR3_2133,directory,,1,1,main-source-tree,框架、配置、Python与程序测试,当前验收不等于全部上游tests通过,gem5/tests,inherited-from-ancestor
gem5/tests/gem5/traffic_gen/trusted_stats/GUPSGeneratorPAR-2-PrivateL1-gem5.components.memory-SingleChannelDDR4_2400,directory,,1,1,main-source-tree,框架、配置、Python与程序测试,当前验收不等于全部上游tests通过,gem5/tests,inherited-from-ancestor
gem5/tests/gem5/traffic_gen/trusted_stats/GUPSGeneratorPAR-2-PrivateL1-gem5.components.memory-SingleChannelHBM,directory,,1,1,main-source-tree,框架、配置、Python与程序测试,当前验收不等于全部上游tests通过,gem5/tests,inherited-from-ancestor
gem5/tests/gem5/traffic_gen/trusted_stats/GUPSGeneratorPAR-2-PrivateL1-gem5.components.memory-SingleChannelLPDDR3_1600,directory,,1,1,main-source-tree,框架、配置、Python与程序测试,当前验收不等于全部上游tests通过,gem5/tests,inherited-from-ancestor
gem5/tests/gem5/traffic_gen/trusted_stats/GUPSGeneratorPAR-2-PrivateL1PrivateL2-gem5.components.memory-DualChannelDDR3_1600,directory,,1,1,main-source-tree,框架、配置、Python与程序测试,当前验收不等于全部上游tests通过,gem5/tests,inherited-from-ancestor
gem5/tests/gem5/traffic_gen/trusted_stats/GUPSGeneratorPAR-2-PrivateL1PrivateL2-gem5.components.memory-DualChannelDDR3_2133,directory,,1,1,main-source-tree,框架、配置、Python与程序测试,当前验收不等于全部上游tests通过,gem5/tests,inherited-from-ancestor
gem5/tests/gem5/traffic_gen/trusted_stats/GUPSGeneratorPAR-2-PrivateL1PrivateL2-gem5.components.memory-DualChannelDDR4_2400,directory,,1,1,main-source-tree,框架、配置、Python与程序测试,当前验收不等于全部上游tests通过,gem5/tests,inherited-from-ancestor
gem5/tests/gem5/traffic_gen/trusted_stats/GUPSGeneratorPAR-2-PrivateL1PrivateL2-gem5.components.memory-DualChannelLPDDR3_1600,directory,,1,1,main-source-tree,框架、配置、Python与程序测试,当前验收不等于全部上游tests通过,gem5/tests,inherited-from-ancestor
gem5/tests/gem5/traffic_gen/trusted_stats/GUPSGeneratorPAR-2-PrivateL1PrivateL2-gem5.components.memory-HBM2Stack,directory,,1,1,main-source-tree,框架、配置、Python与程序测试,当前验收不等于全部上游tests通过,gem5/tests,inherited-from-ancestor
gem5/tests/gem5/traffic_gen/trusted_stats/GUPSGeneratorPAR-2-PrivateL1PrivateL2-gem5.components.memory-SingleChannelDDR3_1600,directory,,1,1,main-source-tree,框架、配置、Python与程序测试,当前验收不等于全部上游tests通过,gem5/tests,inherited-from-ancestor
gem5/tests/gem5/traffic_gen/trusted_stats/GUPSGeneratorPAR-2-PrivateL1PrivateL2-gem5.components.memory-SingleChannelDDR3_2133,directory,,1,1,main-source-tree,框架、配置、Python与程序测试,当前验收不等于全部上游tests通过,gem5/tests,inherited-from-ancestor
gem5/tests/gem5/traffic_gen/trusted_stats/GUPSGeneratorPAR-2-PrivateL1PrivateL2-gem5.components.memory-SingleChannelDDR4_2400,directory,,1,1,main-source-tree,框架、配置、Python与程序测试,当前验收不等于全部上游tests通过,gem5/tests,inherited-from-ancestor
gem5/tests/gem5/traffic_gen/trusted_stats/GUPSGeneratorPAR-2-PrivateL1PrivateL2-gem5.components.memory-SingleChannelHBM,directory,,1,1,main-source-tree,框架、配置、Python与程序测试,当前验收不等于全部上游tests通过,gem5/tests,inherited-from-ancestor
gem5/tests/gem5/traffic_gen/trusted_stats/GUPSGeneratorPAR-2-PrivateL1PrivateL2-gem5.components.memory-SingleChannelLPDDR3_1600,directory,,1,1,main-source-tree,框架、配置、Python与程序测试,当前验收不等于全部上游tests通过,gem5/tests,inherited-from-ancestor
gem5/tests/gem5/traffic_gen/trusted_stats/LinearGenerator-1-CHIL1-gem5.components.memory-DualChannelDDR3_1600,directory,,1,1,main-source-tree,框架、配置、Python与程序测试,当前验收不等于全部上游tests通过,gem5/tests,inherited-from-ancestor
gem5/tests/gem5/traffic_gen/trusted_stats/LinearGenerator-1-CHIL1-gem5.components.memory-DualChannelDDR3_2133,directory,,1,1,main-source-tree,框架、配置、Python与程序测试,当前验收不等于全部上游tests通过,gem5/tests,inherited-from-ancestor
gem5/tests/gem5/traffic_gen/trusted_stats/LinearGenerator-1-CHIL1-gem5.components.memory-DualChannelDDR4_2400,directory,,1,1,main-source-tree,框架、配置、Python与程序测试,当前验收不等于全部上游tests通过,gem5/tests,inherited-from-ancestor
gem5/tests/gem5/traffic_gen/trusted_stats/LinearGenerator-1-CHIL1-gem5.components.memory-DualChannelLPDDR3_1600,directory,,1,1,main-source-tree,框架、配置、Python与程序测试,当前验收不等于全部上游tests通过,gem5/tests,inherited-from-ancestor
gem5/tests/gem5/traffic_gen/trusted_stats/LinearGenerator-1-CHIL1-gem5.components.memory-HBM2Stack,directory,,1,1,main-source-tree,框架、配置、Python与程序测试,当前验收不等于全部上游tests通过,gem5/tests,inherited-from-ancestor
gem5/tests/gem5/traffic_gen/trusted_stats/LinearGenerator-1-CHIL1-gem5.components.memory-SingleChannelDDR3_1600,directory,,1,1,main-source-tree,框架、配置、Python与程序测试,当前验收不等于全部上游tests通过,gem5/tests,inherited-from-ancestor
gem5/tests/gem5/traffic_gen/trusted_stats/LinearGenerator-1-CHIL1-gem5.components.memory-SingleChannelDDR3_2133,directory,,1,1,main-source-tree,框架、配置、Python与程序测试,当前验收不等于全部上游tests通过,gem5/tests,inherited-from-ancestor
gem5/tests/gem5/traffic_gen/trusted_stats/LinearGenerator-1-CHIL1-gem5.components.memory-SingleChannelDDR4_2400,directory,,1,1,main-source-tree,框架、配置、Python与程序测试,当前验收不等于全部上游tests通过,gem5/tests,inherited-from-ancestor
gem5/tests/gem5/traffic_gen/trusted_stats/LinearGenerator-1-CHIL1-gem5.components.memory-SingleChannelHBM,directory,,1,1,main-source-tree,框架、配置、Python与程序测试,当前验收不等于全部上游tests通过,gem5/tests,inherited-from-ancestor
gem5/tests/gem5/traffic_gen/trusted_stats/LinearGenerator-1-CHIL1-gem5.components.memory-SingleChannelLPDDR3_1600,directory,,1,1,main-source-tree,框架、配置、Python与程序测试,当前验收不等于全部上游tests通过,gem5/tests,inherited-from-ancestor
gem5/tests/gem5/traffic_gen/trusted_stats/LinearGenerator-1-MESIThreeLevel-gem5.components.memory-DualChannelDDR3_1600,directory,,1,1,main-source-tree,框架、配置、Python与程序测试,当前验收不等于全部上游tests通过,gem5/tests,inherited-from-ancestor
gem5/tests/gem5/traffic_gen/trusted_stats/LinearGenerator-1-MESIThreeLevel-gem5.components.memory-DualChannelDDR3_2133,directory,,1,1,main-source-tree,框架、配置、Python与程序测试,当前验收不等于全部上游tests通过,gem5/tests,inherited-from-ancestor
gem5/tests/gem5/traffic_gen/trusted_stats/LinearGenerator-1-MESIThreeLevel-gem5.components.memory-DualChannelDDR4_2400,directory,,1,1,main-source-tree,框架、配置、Python与程序测试,当前验收不等于全部上游tests通过,gem5/tests,inherited-from-ancestor
gem5/tests/gem5/traffic_gen/trusted_stats/LinearGenerator-1-MESIThreeLevel-gem5.components.memory-DualChannelLPDDR3_1600,directory,,1,1,main-source-tree,框架、配置、Python与程序测试,当前验收不等于全部上游tests通过,gem5/tests,inherited-from-ancestor
gem5/tests/gem5/traffic_gen/trusted_stats/LinearGenerator-1-MESIThreeLevel-gem5.components.memory-HBM2Stack,directory,,1,1,main-source-tree,框架、配置、Python与程序测试,当前验收不等于全部上游tests通过,gem5/tests,inherited-from-ancestor
gem5/tests/gem5/traffic_gen/trusted_stats/LinearGenerator-1-MESIThreeLevel-gem5.components.memory-SingleChannelDDR3_1600,directory,,1,1,main-source-tree,框架、配置、Python与程序测试,当前验收不等于全部上游tests通过,gem5/tests,inherited-from-ancestor
gem5/tests/gem5/traffic_gen/trusted_stats/LinearGenerator-1-MESIThreeLevel-gem5.components.memory-SingleChannelDDR3_2133,directory,,1,1,main-source-tree,框架、配置、Python与程序测试,当前验收不等于全部上游tests通过,gem5/tests,inherited-from-ancestor
gem5/tests/gem5/traffic_gen/trusted_stats/LinearGenerator-1-MESIThreeLevel-gem5.components.memory-SingleChannelDDR4_2400,directory,,1,1,main-source-tree,框架、配置、Python与程序测试,当前验收不等于全部上游tests通过,gem5/tests,inherited-from-ancestor
gem5/tests/gem5/traffic_gen/trusted_stats/LinearGenerator-1-MESIThreeLevel-gem5.components.memory-SingleChannelHBM,directory,,1,1,main-source-tree,框架、配置、Python与程序测试,当前验收不等于全部上游tests通过,gem5/tests,inherited-from-ancestor
gem5/tests/gem5/traffic_gen/trusted_stats/LinearGenerator-1-MESIThreeLevel-gem5.components.memory-SingleChannelLPDDR3_1600,directory,,1,1,main-source-tree,框架、配置、Python与程序测试,当前验收不等于全部上游tests通过,gem5/tests,inherited-from-ancestor
gem5/tests/gem5/traffic_gen/trusted_stats/LinearGenerator-1-MESITwoLevel-gem5.components.memory-DualChannelDDR3_1600,directory,,1,1,main-source-tree,框架、配置、Python与程序测试,当前验收不等于全部上游tests通过,gem5/tests,inherited-from-ancestor
gem5/tests/gem5/traffic_gen/trusted_stats/LinearGenerator-1-MESITwoLevel-gem5.components.memory-DualChannelDDR3_2133,directory,,1,1,main-source-tree,框架、配置、Python与程序测试,当前验收不等于全部上游tests通过,gem5/tests,inherited-from-ancestor
gem5/tests/gem5/traffic_gen/trusted_stats/LinearGenerator-1-MESITwoLevel-gem5.components.memory-DualChannelDDR4_2400,directory,,1,1,main-source-tree,框架、配置、Python与程序测试,当前验收不等于全部上游tests通过,gem5/tests,inherited-from-ancestor
gem5/tests/gem5/traffic_gen/trusted_stats/LinearGenerator-1-MESITwoLevel-gem5.components.memory-DualChannelLPDDR3_1600,directory,,1,1,main-source-tree,框架、配置、Python与程序测试,当前验收不等于全部上游tests通过,gem5/tests,inherited-from-ancestor
gem5/tests/gem5/traffic_gen/trusted_stats/LinearGenerator-1-MESITwoLevel-gem5.components.memory-HBM2Stack,directory,,1,1,main-source-tree,框架、配置、Python与程序测试,当前验收不等于全部上游tests通过,gem5/tests,inherited-from-ancestor
gem5/tests/gem5/traffic_gen/trusted_stats/LinearGenerator-1-MESITwoLevel-gem5.components.memory-SingleChannelDDR3_1600,directory,,1,1,main-source-tree,框架、配置、Python与程序测试,当前验收不等于全部上游tests通过,gem5/tests,inherited-from-ancestor
gem5/tests/gem5/traffic_gen/trusted_stats/LinearGenerator-1-MESITwoLevel-gem5.components.memory-SingleChannelDDR3_2133,directory,,1,1,main-source-tree,框架、配置、Python与程序测试,当前验收不等于全部上游tests通过,gem5/tests,inherited-from-ancestor
gem5/tests/gem5/traffic_gen/trusted_stats/LinearGenerator-1-MESITwoLevel-gem5.components.memory-SingleChannelDDR4_2400,directory,,1,1,main-source-tree,框架、配置、Python与程序测试,当前验收不等于全部上游tests通过,gem5/tests,inherited-from-ancestor
gem5/tests/gem5/traffic_gen/trusted_stats/LinearGenerator-1-MESITwoLevel-gem5.components.memory-SingleChannelHBM,directory,,1,1,main-source-tree,框架、配置、Python与程序测试,当前验收不等于全部上游tests通过,gem5/tests,inherited-from-ancestor
gem5/tests/gem5/traffic_gen/trusted_stats/LinearGenerator-1-MESITwoLevel-gem5.components.memory-SingleChannelLPDDR3_1600,directory,,1,1,main-source-tree,框架、配置、Python与程序测试,当前验收不等于全部上游tests通过,gem5/tests,inherited-from-ancestor
gem5/tests/gem5/traffic_gen/trusted_stats/LinearGenerator-1-MIExample-gem5.components.memory-DualChannelDDR3_1600,directory,,1,1,main-source-tree,框架、配置、Python与程序测试,当前验收不等于全部上游tests通过,gem5/tests,inherited-from-ancestor
gem5/tests/gem5/traffic_gen/trusted_stats/LinearGenerator-1-MIExample-gem5.components.memory-DualChannelDDR3_2133,directory,,1,1,main-source-tree,框架、配置、Python与程序测试,当前验收不等于全部上游tests通过,gem5/tests,inherited-from-ancestor
gem5/tests/gem5/traffic_gen/trusted_stats/LinearGenerator-1-MIExample-gem5.components.memory-DualChannelDDR4_2400,directory,,1,1,main-source-tree,框架、配置、Python与程序测试,当前验收不等于全部上游tests通过,gem5/tests,inherited-from-ancestor
gem5/tests/gem5/traffic_gen/trusted_stats/LinearGenerator-1-MIExample-gem5.components.memory-DualChannelLPDDR3_1600,directory,,1,1,main-source-tree,框架、配置、Python与程序测试,当前验收不等于全部上游tests通过,gem5/tests,inherited-from-ancestor
gem5/tests/gem5/traffic_gen/trusted_stats/LinearGenerator-1-MIExample-gem5.components.memory-HBM2Stack,directory,,1,1,main-source-tree,框架、配置、Python与程序测试,当前验收不等于全部上游tests通过,gem5/tests,inherited-from-ancestor
gem5/tests/gem5/traffic_gen/trusted_stats/LinearGenerator-1-MIExample-gem5.components.memory-SingleChannelDDR3_1600,directory,,1,1,main-source-tree,框架、配置、Python与程序测试,当前验收不等于全部上游tests通过,gem5/tests,inherited-from-ancestor
gem5/tests/gem5/traffic_gen/trusted_stats/LinearGenerator-1-MIExample-gem5.components.memory-SingleChannelDDR3_2133,directory,,1,1,main-source-tree,框架、配置、Python与程序测试,当前验收不等于全部上游tests通过,gem5/tests,inherited-from-ancestor
gem5/tests/gem5/traffic_gen/trusted_stats/LinearGenerator-1-MIExample-gem5.components.memory-SingleChannelDDR4_2400,directory,,1,1,main-source-tree,框架、配置、Python与程序测试,当前验收不等于全部上游tests通过,gem5/tests,inherited-from-ancestor
gem5/tests/gem5/traffic_gen/trusted_stats/LinearGenerator-1-MIExample-gem5.components.memory-SingleChannelHBM,directory,,1,1,main-source-tree,框架、配置、Python与程序测试,当前验收不等于全部上游tests通过,gem5/tests,inherited-from-ancestor
gem5/tests/gem5/traffic_gen/trusted_stats/LinearGenerator-1-MIExample-gem5.components.memory-SingleChannelLPDDR3_1600,directory,,1,1,main-source-tree,框架、配置、Python与程序测试,当前验收不等于全部上游tests通过,gem5/tests,inherited-from-ancestor
gem5/tests/gem5/traffic_gen/trusted_stats/LinearGenerator-1-NoCache-gem5.components.memory-DualChannelDDR3_1600,directory,,1,1,main-source-tree,框架、配置、Python与程序测试,当前验收不等于全部上游tests通过,gem5/tests,inherited-from-ancestor
gem5/tests/gem5/traffic_gen/trusted_stats/LinearGenerator-1-NoCache-gem5.components.memory-DualChannelDDR3_2133,directory,,1,1,main-source-tree,框架、配置、Python与程序测试,当前验收不等于全部上游tests通过,gem5/tests,inherited-from-ancestor
gem5/tests/gem5/traffic_gen/trusted_stats/LinearGenerator-1-NoCache-gem5.components.memory-DualChannelDDR4_2400,directory,,1,1,main-source-tree,框架、配置、Python与程序测试,当前验收不等于全部上游tests通过,gem5/tests,inherited-from-ancestor
gem5/tests/gem5/traffic_gen/trusted_stats/LinearGenerator-1-NoCache-gem5.components.memory-DualChannelLPDDR3_1600,directory,,1,1,main-source-tree,框架、配置、Python与程序测试,当前验收不等于全部上游tests通过,gem5/tests,inherited-from-ancestor
gem5/tests/gem5/traffic_gen/trusted_stats/LinearGenerator-1-NoCache-gem5.components.memory-HBM2Stack,directory,,1,1,main-source-tree,框架、配置、Python与程序测试,当前验收不等于全部上游tests通过,gem5/tests,inherited-from-ancestor
gem5/tests/gem5/traffic_gen/trusted_stats/LinearGenerator-1-NoCache-gem5.components.memory-SingleChannelDDR3_1600,directory,,1,1,main-source-tree,框架、配置、Python与程序测试,当前验收不等于全部上游tests通过,gem5/tests,inherited-from-ancestor
gem5/tests/gem5/traffic_gen/trusted_stats/LinearGenerator-1-NoCache-gem5.components.memory-SingleChannelDDR3_2133,directory,,1,1,main-source-tree,框架、配置、Python与程序测试,当前验收不等于全部上游tests通过,gem5/tests,inherited-from-ancestor
gem5/tests/gem5/traffic_gen/trusted_stats/LinearGenerator-1-NoCache-gem5.components.memory-SingleChannelDDR4_2400,directory,,1,1,main-source-tree,框架、配置、Python与程序测试,当前验收不等于全部上游tests通过,gem5/tests,inherited-from-ancestor
gem5/tests/gem5/traffic_gen/trusted_stats/LinearGenerator-1-NoCache-gem5.components.memory-SingleChannelHBM,directory,,1,1,main-source-tree,框架、配置、Python与程序测试,当前验收不等于全部上游tests通过,gem5/tests,inherited-from-ancestor
gem5/tests/gem5/traffic_gen/trusted_stats/LinearGenerator-1-NoCache-gem5.components.memory-SingleChannelLPDDR3_1600,directory,,1,1,main-source-tree,框架、配置、Python与程序测试,当前验收不等于全部上游tests通过,gem5/tests,inherited-from-ancestor
gem5/tests/gem5/traffic_gen/trusted_stats/LinearGenerator-1-OctopiCache-gem5.components.memory-DualChannelDDR3_1600,directory,,1,1,main-source-tree,框架、配置、Python与程序测试,当前验收不等于全部上游tests通过,gem5/tests,inherited-from-ancestor
gem5/tests/gem5/traffic_gen/trusted_stats/LinearGenerator-1-OctopiCache-gem5.components.memory-DualChannelDDR3_2133,directory,,1,1,main-source-tree,框架、配置、Python与程序测试,当前验收不等于全部上游tests通过,gem5/tests,inherited-from-ancestor
gem5/tests/gem5/traffic_gen/trusted_stats/LinearGenerator-1-OctopiCache-gem5.components.memory-DualChannelDDR4_2400,directory,,1,1,main-source-tree,框架、配置、Python与程序测试,当前验收不等于全部上游tests通过,gem5/tests,inherited-from-ancestor
gem5/tests/gem5/traffic_gen/trusted_stats/LinearGenerator-1-OctopiCache-gem5.components.memory-DualChannelLPDDR3_1600,directory,,1,1,main-source-tree,框架、配置、Python与程序测试,当前验收不等于全部上游tests通过,gem5/tests,inherited-from-ancestor
gem5/tests/gem5/traffic_gen/trusted_stats/LinearGenerator-1-OctopiCache-gem5.components.memory-HBM2Stack,directory,,1,1,main-source-tree,框架、配置、Python与程序测试,当前验收不等于全部上游tests通过,gem5/tests,inherited-from-ancestor
gem5/tests/gem5/traffic_gen/trusted_stats/LinearGenerator-1-OctopiCache-gem5.components.memory-SingleChannelDDR3_1600,directory,,1,1,main-source-tree,框架、配置、Python与程序测试,当前验收不等于全部上游tests通过,gem5/tests,inherited-from-ancestor
gem5/tests/gem5/traffic_gen/trusted_stats/LinearGenerator-1-OctopiCache-gem5.components.memory-SingleChannelDDR3_2133,directory,,1,1,main-source-tree,框架、配置、Python与程序测试,当前验收不等于全部上游tests通过,gem5/tests,inherited-from-ancestor
gem5/tests/gem5/traffic_gen/trusted_stats/LinearGenerator-1-OctopiCache-gem5.components.memory-SingleChannelDDR4_2400,directory,,1,1,main-source-tree,框架、配置、Python与程序测试,当前验收不等于全部上游tests通过,gem5/tests,inherited-from-ancestor
gem5/tests/gem5/traffic_gen/trusted_stats/LinearGenerator-1-OctopiCache-gem5.components.memory-SingleChannelHBM,directory,,1,1,main-source-tree,框架、配置、Python与程序测试,当前验收不等于全部上游tests通过,gem5/tests,inherited-from-ancestor
gem5/tests/gem5/traffic_gen/trusted_stats/LinearGenerator-1-OctopiCache-gem5.components.memory-SingleChannelLPDDR3_1600,directory,,1,1,main-source-tree,框架、配置、Python与程序测试,当前验收不等于全部上游tests通过,gem5/tests,inherited-from-ancestor
gem5/tests/gem5/traffic_gen/trusted_stats/LinearGenerator-1-PrivateL1-gem5.components.memory-DualChannelDDR3_1600,directory,,1,1,main-source-tree,框架、配置、Python与程序测试,当前验收不等于全部上游tests通过,gem5/tests,inherited-from-ancestor
gem5/tests/gem5/traffic_gen/trusted_stats/LinearGenerator-1-PrivateL1-gem5.components.memory-DualChannelDDR3_2133,directory,,1,1,main-source-tree,框架、配置、Python与程序测试,当前验收不等于全部上游tests通过,gem5/tests,inherited-from-ancestor
gem5/tests/gem5/traffic_gen/trusted_stats/LinearGenerator-1-PrivateL1-gem5.components.memory-DualChannelDDR4_2400,directory,,1,1,main-source-tree,框架、配置、Python与程序测试,当前验收不等于全部上游tests通过,gem5/tests,inherited-from-ancestor
gem5/tests/gem5/traffic_gen/trusted_stats/LinearGenerator-1-PrivateL1-gem5.components.memory-DualChannelLPDDR3_1600,directory,,1,1,main-source-tree,框架、配置、Python与程序测试,当前验收不等于全部上游tests通过,gem5/tests,inherited-from-ancestor
gem5/tests/gem5/traffic_gen/trusted_stats/LinearGenerator-1-PrivateL1-gem5.components.memory-HBM2Stack,directory,,1,1,main-source-tree,框架、配置、Python与程序测试,当前验收不等于全部上游tests通过,gem5/tests,inherited-from-ancestor
gem5/tests/gem5/traffic_gen/trusted_stats/LinearGenerator-1-PrivateL1-gem5.components.memory-SingleChannelDDR3_1600,directory,,1,1,main-source-tree,框架、配置、Python与程序测试,当前验收不等于全部上游tests通过,gem5/tests,inherited-from-ancestor
gem5/tests/gem5/traffic_gen/trusted_stats/LinearGenerator-1-PrivateL1-gem5.components.memory-SingleChannelDDR3_2133,directory,,1,1,main-source-tree,框架、配置、Python与程序测试,当前验收不等于全部上游tests通过,gem5/tests,inherited-from-ancestor
gem5/tests/gem5/traffic_gen/trusted_stats/LinearGenerator-1-PrivateL1-gem5.components.memory-SingleChannelDDR4_2400,directory,,1,1,main-source-tree,框架、配置、Python与程序测试,当前验收不等于全部上游tests通过,gem5/tests,inherited-from-ancestor
gem5/tests/gem5/traffic_gen/trusted_stats/LinearGenerator-1-PrivateL1-gem5.components.memory-SingleChannelHBM,directory,,1,1,main-source-tree,框架、配置、Python与程序测试,当前验收不等于全部上游tests通过,gem5/tests,inherited-from-ancestor
gem5/tests/gem5/traffic_gen/trusted_stats/LinearGenerator-1-PrivateL1-gem5.components.memory-SingleChannelLPDDR3_1600,directory,,1,1,main-source-tree,框架、配置、Python与程序测试,当前验收不等于全部上游tests通过,gem5/tests,inherited-from-ancestor
gem5/tests/gem5/traffic_gen/trusted_stats/LinearGenerator-1-PrivateL1PrivateL2-gem5.components.memory-DualChannelDDR3_1600,directory,,1,1,main-source-tree,框架、配置、Python与程序测试,当前验收不等于全部上游tests通过,gem5/tests,inherited-from-ancestor
gem5/tests/gem5/traffic_gen/trusted_stats/LinearGenerator-1-PrivateL1PrivateL2-gem5.components.memory-DualChannelDDR3_2133,directory,,1,1,main-source-tree,框架、配置、Python与程序测试,当前验收不等于全部上游tests通过,gem5/tests,inherited-from-ancestor
gem5/tests/gem5/traffic_gen/trusted_stats/LinearGenerator-1-PrivateL1PrivateL2-gem5.components.memory-DualChannelDDR4_2400,directory,,1,1,main-source-tree,框架、配置、Python与程序测试,当前验收不等于全部上游tests通过,gem5/tests,inherited-from-ancestor
gem5/tests/gem5/traffic_gen/trusted_stats/LinearGenerator-1-PrivateL1PrivateL2-gem5.components.memory-DualChannelLPDDR3_1600,directory,,1,1,main-source-tree,框架、配置、Python与程序测试,当前验收不等于全部上游tests通过,gem5/tests,inherited-from-ancestor
gem5/tests/gem5/traffic_gen/trusted_stats/LinearGenerator-1-PrivateL1PrivateL2-gem5.components.memory-HBM2Stack,directory,,1,1,main-source-tree,框架、配置、Python与程序测试,当前验收不等于全部上游tests通过,gem5/tests,inherited-from-ancestor
gem5/tests/gem5/traffic_gen/trusted_stats/LinearGenerator-1-PrivateL1PrivateL2-gem5.components.memory-SingleChannelDDR3_1600,directory,,1,1,main-source-tree,框架、配置、Python与程序测试,当前验收不等于全部上游tests通过,gem5/tests,inherited-from-ancestor
gem5/tests/gem5/traffic_gen/trusted_stats/LinearGenerator-1-PrivateL1PrivateL2-gem5.components.memory-SingleChannelDDR3_2133,directory,,1,1,main-source-tree,框架、配置、Python与程序测试,当前验收不等于全部上游tests通过,gem5/tests,inherited-from-ancestor
gem5/tests/gem5/traffic_gen/trusted_stats/LinearGenerator-1-PrivateL1PrivateL2-gem5.components.memory-SingleChannelDDR4_2400,directory,,1,1,main-source-tree,框架、配置、Python与程序测试,当前验收不等于全部上游tests通过,gem5/tests,inherited-from-ancestor
gem5/tests/gem5/traffic_gen/trusted_stats/LinearGenerator-1-PrivateL1PrivateL2-gem5.components.memory-SingleChannelHBM,directory,,1,1,main-source-tree,框架、配置、Python与程序测试,当前验收不等于全部上游tests通过,gem5/tests,inherited-from-ancestor
gem5/tests/gem5/traffic_gen/trusted_stats/LinearGenerator-1-PrivateL1PrivateL2-gem5.components.memory-SingleChannelLPDDR3_1600,directory,,1,1,main-source-tree,框架、配置、Python与程序测试,当前验收不等于全部上游tests通过,gem5/tests,inherited-from-ancestor
gem5/tests/gem5/traffic_gen/trusted_stats/RandomGenerator-1-CHIL1-gem5.components.memory-DualChannelDDR3_1600,directory,,1,1,main-source-tree,框架、配置、Python与程序测试,当前验收不等于全部上游tests通过,gem5/tests,inherited-from-ancestor
gem5/tests/gem5/traffic_gen/trusted_stats/RandomGenerator-1-CHIL1-gem5.components.memory-DualChannelDDR3_2133,directory,,1,1,main-source-tree,框架、配置、Python与程序测试,当前验收不等于全部上游tests通过,gem5/tests,inherited-from-ancestor
gem5/tests/gem5/traffic_gen/trusted_stats/RandomGenerator-1-CHIL1-gem5.components.memory-DualChannelDDR4_2400,directory,,1,1,main-source-tree,框架、配置、Python与程序测试,当前验收不等于全部上游tests通过,gem5/tests,inherited-from-ancestor
gem5/tests/gem5/traffic_gen/trusted_stats/RandomGenerator-1-CHIL1-gem5.components.memory-DualChannelLPDDR3_1600,directory,,1,1,main-source-tree,框架、配置、Python与程序测试,当前验收不等于全部上游tests通过,gem5/tests,inherited-from-ancestor
gem5/tests/gem5/traffic_gen/trusted_stats/RandomGenerator-1-CHIL1-gem5.components.memory-HBM2Stack,directory,,1,1,main-source-tree,框架、配置、Python与程序测试,当前验收不等于全部上游tests通过,gem5/tests,inherited-from-ancestor
gem5/tests/gem5/traffic_gen/trusted_stats/RandomGenerator-1-CHIL1-gem5.components.memory-SingleChannelDDR3_1600,directory,,1,1,main-source-tree,框架、配置、Python与程序测试,当前验收不等于全部上游tests通过,gem5/tests,inherited-from-ancestor
gem5/tests/gem5/traffic_gen/trusted_stats/RandomGenerator-1-CHIL1-gem5.components.memory-SingleChannelDDR3_2133,directory,,1,1,main-source-tree,框架、配置、Python与程序测试,当前验收不等于全部上游tests通过,gem5/tests,inherited-from-ancestor
gem5/tests/gem5/traffic_gen/trusted_stats/RandomGenerator-1-CHIL1-gem5.components.memory-SingleChannelDDR4_2400,directory,,1,1,main-source-tree,框架、配置、Python与程序测试,当前验收不等于全部上游tests通过,gem5/tests,inherited-from-ancestor
gem5/tests/gem5/traffic_gen/trusted_stats/RandomGenerator-1-CHIL1-gem5.components.memory-SingleChannelHBM,directory,,1,1,main-source-tree,框架、配置、Python与程序测试,当前验收不等于全部上游tests通过,gem5/tests,inherited-from-ancestor
gem5/tests/gem5/traffic_gen/trusted_stats/RandomGenerator-1-CHIL1-gem5.components.memory-SingleChannelLPDDR3_1600,directory,,1,1,main-source-tree,框架、配置、Python与程序测试,当前验收不等于全部上游tests通过,gem5/tests,inherited-from-ancestor
gem5/tests/gem5/traffic_gen/trusted_stats/RandomGenerator-1-MESIThreeLevel-gem5.components.memory-DualChannelDDR3_1600,directory,,1,1,main-source-tree,框架、配置、Python与程序测试,当前验收不等于全部上游tests通过,gem5/tests,inherited-from-ancestor
gem5/tests/gem5/traffic_gen/trusted_stats/RandomGenerator-1-MESIThreeLevel-gem5.components.memory-DualChannelDDR3_2133,directory,,1,1,main-source-tree,框架、配置、Python与程序测试,当前验收不等于全部上游tests通过,gem5/tests,inherited-from-ancestor
gem5/tests/gem5/traffic_gen/trusted_stats/RandomGenerator-1-MESIThreeLevel-gem5.components.memory-DualChannelDDR4_2400,directory,,1,1,main-source-tree,框架、配置、Python与程序测试,当前验收不等于全部上游tests通过,gem5/tests,inherited-from-ancestor
gem5/tests/gem5/traffic_gen/trusted_stats/RandomGenerator-1-MESIThreeLevel-gem5.components.memory-DualChannelLPDDR3_1600,directory,,1,1,main-source-tree,框架、配置、Python与程序测试,当前验收不等于全部上游tests通过,gem5/tests,inherited-from-ancestor
gem5/tests/gem5/traffic_gen/trusted_stats/RandomGenerator-1-MESIThreeLevel-gem5.components.memory-HBM2Stack,directory,,1,1,main-source-tree,框架、配置、Python与程序测试,当前验收不等于全部上游tests通过,gem5/tests,inherited-from-ancestor
gem5/tests/gem5/traffic_gen/trusted_stats/RandomGenerator-1-MESIThreeLevel-gem5.components.memory-SingleChannelDDR3_1600,directory,,1,1,main-source-tree,框架、配置、Python与程序测试,当前验收不等于全部上游tests通过,gem5/tests,inherited-from-ancestor
gem5/tests/gem5/traffic_gen/trusted_stats/RandomGenerator-1-MESIThreeLevel-gem5.components.memory-SingleChannelDDR3_2133,directory,,1,1,main-source-tree,框架、配置、Python与程序测试,当前验收不等于全部上游tests通过,gem5/tests,inherited-from-ancestor
gem5/tests/gem5/traffic_gen/trusted_stats/RandomGenerator-1-MESIThreeLevel-gem5.components.memory-SingleChannelDDR4_2400,directory,,1,1,main-source-tree,框架、配置、Python与程序测试,当前验收不等于全部上游tests通过,gem5/tests,inherited-from-ancestor
gem5/tests/gem5/traffic_gen/trusted_stats/RandomGenerator-1-MESIThreeLevel-gem5.components.memory-SingleChannelHBM,directory,,1,1,main-source-tree,框架、配置、Python与程序测试,当前验收不等于全部上游tests通过,gem5/tests,inherited-from-ancestor
gem5/tests/gem5/traffic_gen/trusted_stats/RandomGenerator-1-MESIThreeLevel-gem5.components.memory-SingleChannelLPDDR3_1600,directory,,1,1,main-source-tree,框架、配置、Python与程序测试,当前验收不等于全部上游tests通过,gem5/tests,inherited-from-ancestor
gem5/tests/gem5/traffic_gen/trusted_stats/RandomGenerator-1-MESITwoLevel-gem5.components.memory-DualChannelDDR3_1600,directory,,1,1,main-source-tree,框架、配置、Python与程序测试,当前验收不等于全部上游tests通过,gem5/tests,inherited-from-ancestor
gem5/tests/gem5/traffic_gen/trusted_stats/RandomGenerator-1-MESITwoLevel-gem5.components.memory-DualChannelDDR3_2133,directory,,1,1,main-source-tree,框架、配置、Python与程序测试,当前验收不等于全部上游tests通过,gem5/tests,inherited-from-ancestor
gem5/tests/gem5/traffic_gen/trusted_stats/RandomGenerator-1-MESITwoLevel-gem5.components.memory-DualChannelDDR4_2400,directory,,1,1,main-source-tree,框架、配置、Python与程序测试,当前验收不等于全部上游tests通过,gem5/tests,inherited-from-ancestor
gem5/tests/gem5/traffic_gen/trusted_stats/RandomGenerator-1-MESITwoLevel-gem5.components.memory-DualChannelLPDDR3_1600,directory,,1,1,main-source-tree,框架、配置、Python与程序测试,当前验收不等于全部上游tests通过,gem5/tests,inherited-from-ancestor
gem5/tests/gem5/traffic_gen/trusted_stats/RandomGenerator-1-MESITwoLevel-gem5.components.memory-HBM2Stack,directory,,1,1,main-source-tree,框架、配置、Python与程序测试,当前验收不等于全部上游tests通过,gem5/tests,inherited-from-ancestor
gem5/tests/gem5/traffic_gen/trusted_stats/RandomGenerator-1-MESITwoLevel-gem5.components.memory-SingleChannelDDR3_1600,directory,,1,1,main-source-tree,框架、配置、Python与程序测试,当前验收不等于全部上游tests通过,gem5/tests,inherited-from-ancestor
gem5/tests/gem5/traffic_gen/trusted_stats/RandomGenerator-1-MESITwoLevel-gem5.components.memory-SingleChannelDDR3_2133,directory,,1,1,main-source-tree,框架、配置、Python与程序测试,当前验收不等于全部上游tests通过,gem5/tests,inherited-from-ancestor
gem5/tests/gem5/traffic_gen/trusted_stats/RandomGenerator-1-MESITwoLevel-gem5.components.memory-SingleChannelDDR4_2400,directory,,1,1,main-source-tree,框架、配置、Python与程序测试,当前验收不等于全部上游tests通过,gem5/tests,inherited-from-ancestor
gem5/tests/gem5/traffic_gen/trusted_stats/RandomGenerator-1-MESITwoLevel-gem5.components.memory-SingleChannelHBM,directory,,1,1,main-source-tree,框架、配置、Python与程序测试,当前验收不等于全部上游tests通过,gem5/tests,inherited-from-ancestor
gem5/tests/gem5/traffic_gen/trusted_stats/RandomGenerator-1-MESITwoLevel-gem5.components.memory-SingleChannelLPDDR3_1600,directory,,1,1,main-source-tree,框架、配置、Python与程序测试,当前验收不等于全部上游tests通过,gem5/tests,inherited-from-ancestor
gem5/tests/gem5/traffic_gen/trusted_stats/RandomGenerator-1-MIExample-gem5.components.memory-DualChannelDDR3_1600,directory,,1,1,main-source-tree,框架、配置、Python与程序测试,当前验收不等于全部上游tests通过,gem5/tests,inherited-from-ancestor
gem5/tests/gem5/traffic_gen/trusted_stats/RandomGenerator-1-MIExample-gem5.components.memory-DualChannelDDR3_2133,directory,,1,1,main-source-tree,框架、配置、Python与程序测试,当前验收不等于全部上游tests通过,gem5/tests,inherited-from-ancestor
gem5/tests/gem5/traffic_gen/trusted_stats/RandomGenerator-1-MIExample-gem5.components.memory-DualChannelDDR4_2400,directory,,1,1,main-source-tree,框架、配置、Python与程序测试,当前验收不等于全部上游tests通过,gem5/tests,inherited-from-ancestor
gem5/tests/gem5/traffic_gen/trusted_stats/RandomGenerator-1-MIExample-gem5.components.memory-DualChannelLPDDR3_1600,directory,,1,1,main-source-tree,框架、配置、Python与程序测试,当前验收不等于全部上游tests通过,gem5/tests,inherited-from-ancestor
gem5/tests/gem5/traffic_gen/trusted_stats/RandomGenerator-1-MIExample-gem5.components.memory-HBM2Stack,directory,,1,1,main-source-tree,框架、配置、Python与程序测试,当前验收不等于全部上游tests通过,gem5/tests,inherited-from-ancestor
gem5/tests/gem5/traffic_gen/trusted_stats/RandomGenerator-1-MIExample-gem5.components.memory-SingleChannelDDR3_1600,directory,,1,1,main-source-tree,框架、配置、Python与程序测试,当前验收不等于全部上游tests通过,gem5/tests,inherited-from-ancestor
gem5/tests/gem5/traffic_gen/trusted_stats/RandomGenerator-1-MIExample-gem5.components.memory-SingleChannelDDR3_2133,directory,,1,1,main-source-tree,框架、配置、Python与程序测试,当前验收不等于全部上游tests通过,gem5/tests,inherited-from-ancestor
gem5/tests/gem5/traffic_gen/trusted_stats/RandomGenerator-1-MIExample-gem5.components.memory-SingleChannelDDR4_2400,directory,,1,1,main-source-tree,框架、配置、Python与程序测试,当前验收不等于全部上游tests通过,gem5/tests,inherited-from-ancestor
gem5/tests/gem5/traffic_gen/trusted_stats/RandomGenerator-1-MIExample-gem5.components.memory-SingleChannelHBM,directory,,1,1,main-source-tree,框架、配置、Python与程序测试,当前验收不等于全部上游tests通过,gem5/tests,inherited-from-ancestor
gem5/tests/gem5/traffic_gen/trusted_stats/RandomGenerator-1-MIExample-gem5.components.memory-SingleChannelLPDDR3_1600,directory,,1,1,main-source-tree,框架、配置、Python与程序测试,当前验收不等于全部上游tests通过,gem5/tests,inherited-from-ancestor
gem5/tests/gem5/traffic_gen/trusted_stats/RandomGenerator-1-NoCache-gem5.components.memory-DualChannelDDR3_1600,directory,,1,1,main-source-tree,框架、配置、Python与程序测试,当前验收不等于全部上游tests通过,gem5/tests,inherited-from-ancestor
gem5/tests/gem5/traffic_gen/trusted_stats/RandomGenerator-1-NoCache-gem5.components.memory-DualChannelDDR3_2133,directory,,1,1,main-source-tree,框架、配置、Python与程序测试,当前验收不等于全部上游tests通过,gem5/tests,inherited-from-ancestor
gem5/tests/gem5/traffic_gen/trusted_stats/RandomGenerator-1-NoCache-gem5.components.memory-DualChannelDDR4_2400,directory,,1,1,main-source-tree,框架、配置、Python与程序测试,当前验收不等于全部上游tests通过,gem5/tests,inherited-from-ancestor
gem5/tests/gem5/traffic_gen/trusted_stats/RandomGenerator-1-NoCache-gem5.components.memory-DualChannelLPDDR3_1600,directory,,1,1,main-source-tree,框架、配置、Python与程序测试,当前验收不等于全部上游tests通过,gem5/tests,inherited-from-ancestor
gem5/tests/gem5/traffic_gen/trusted_stats/RandomGenerator-1-NoCache-gem5.components.memory-HBM2Stack,directory,,1,1,main-source-tree,框架、配置、Python与程序测试,当前验收不等于全部上游tests通过,gem5/tests,inherited-from-ancestor
gem5/tests/gem5/traffic_gen/trusted_stats/RandomGenerator-1-NoCache-gem5.components.memory-SingleChannelDDR3_1600,directory,,1,1,main-source-tree,框架、配置、Python与程序测试,当前验收不等于全部上游tests通过,gem5/tests,inherited-from-ancestor
gem5/tests/gem5/traffic_gen/trusted_stats/RandomGenerator-1-NoCache-gem5.components.memory-SingleChannelDDR3_2133,directory,,1,1,main-source-tree,框架、配置、Python与程序测试,当前验收不等于全部上游tests通过,gem5/tests,inherited-from-ancestor
gem5/tests/gem5/traffic_gen/trusted_stats/RandomGenerator-1-NoCache-gem5.components.memory-SingleChannelDDR4_2400,directory,,1,1,main-source-tree,框架、配置、Python与程序测试,当前验收不等于全部上游tests通过,gem5/tests,inherited-from-ancestor
gem5/tests/gem5/traffic_gen/trusted_stats/RandomGenerator-1-NoCache-gem5.components.memory-SingleChannelHBM,directory,,1,1,main-source-tree,框架、配置、Python与程序测试,当前验收不等于全部上游tests通过,gem5/tests,inherited-from-ancestor
gem5/tests/gem5/traffic_gen/trusted_stats/RandomGenerator-1-NoCache-gem5.components.memory-SingleChannelLPDDR3_1600,directory,,1,1,main-source-tree,框架、配置、Python与程序测试,当前验收不等于全部上游tests通过,gem5/tests,inherited-from-ancestor
gem5/tests/gem5/traffic_gen/trusted_stats/RandomGenerator-1-OctopiCache-gem5.components.memory-DualChannelDDR3_1600,directory,,1,1,main-source-tree,框架、配置、Python与程序测试,当前验收不等于全部上游tests通过,gem5/tests,inherited-from-ancestor
gem5/tests/gem5/traffic_gen/trusted_stats/RandomGenerator-1-OctopiCache-gem5.components.memory-DualChannelDDR3_2133,directory,,1,1,main-source-tree,框架、配置、Python与程序测试,当前验收不等于全部上游tests通过,gem5/tests,inherited-from-ancestor
gem5/tests/gem5/traffic_gen/trusted_stats/RandomGenerator-1-OctopiCache-gem5.components.memory-DualChannelDDR4_2400,directory,,1,1,main-source-tree,框架、配置、Python与程序测试,当前验收不等于全部上游tests通过,gem5/tests,inherited-from-ancestor
gem5/tests/gem5/traffic_gen/trusted_stats/RandomGenerator-1-OctopiCache-gem5.components.memory-DualChannelLPDDR3_1600,directory,,1,1,main-source-tree,框架、配置、Python与程序测试,当前验收不等于全部上游tests通过,gem5/tests,inherited-from-ancestor
gem5/tests/gem5/traffic_gen/trusted_stats/RandomGenerator-1-OctopiCache-gem5.components.memory-HBM2Stack,directory,,1,1,main-source-tree,框架、配置、Python与程序测试,当前验收不等于全部上游tests通过,gem5/tests,inherited-from-ancestor
gem5/tests/gem5/traffic_gen/trusted_stats/RandomGenerator-1-OctopiCache-gem5.components.memory-SingleChannelDDR3_1600,directory,,1,1,main-source-tree,框架、配置、Python与程序测试,当前验收不等于全部上游tests通过,gem5/tests,inherited-from-ancestor
gem5/tests/gem5/traffic_gen/trusted_stats/RandomGenerator-1-OctopiCache-gem5.components.memory-SingleChannelDDR3_2133,directory,,1,1,main-source-tree,框架、配置、Python与程序测试,当前验收不等于全部上游tests通过,gem5/tests,inherited-from-ancestor
gem5/tests/gem5/traffic_gen/trusted_stats/RandomGenerator-1-OctopiCache-gem5.components.memory-SingleChannelDDR4_2400,directory,,1,1,main-source-tree,框架、配置、Python与程序测试,当前验收不等于全部上游tests通过,gem5/tests,inherited-from-ancestor
gem5/tests/gem5/traffic_gen/trusted_stats/RandomGenerator-1-OctopiCache-gem5.components.memory-SingleChannelHBM,directory,,1,1,main-source-tree,框架、配置、Python与程序测试,当前验收不等于全部上游tests通过,gem5/tests,inherited-from-ancestor
gem5/tests/gem5/traffic_gen/trusted_stats/RandomGenerator-1-OctopiCache-gem5.components.memory-SingleChannelLPDDR3_1600,directory,,1,1,main-source-tree,框架、配置、Python与程序测试,当前验收不等于全部上游tests通过,gem5/tests,inherited-from-ancestor
gem5/tests/gem5/traffic_gen/trusted_stats/RandomGenerator-1-PrivateL1-gem5.components.memory-DualChannelDDR3_1600,directory,,1,1,main-source-tree,框架、配置、Python与程序测试,当前验收不等于全部上游tests通过,gem5/tests,inherited-from-ancestor
gem5/tests/gem5/traffic_gen/trusted_stats/RandomGenerator-1-PrivateL1-gem5.components.memory-DualChannelDDR3_2133,directory,,1,1,main-source-tree,框架、配置、Python与程序测试,当前验收不等于全部上游tests通过,gem5/tests,inherited-from-ancestor
gem5/tests/gem5/traffic_gen/trusted_stats/RandomGenerator-1-PrivateL1-gem5.components.memory-DualChannelDDR4_2400,directory,,1,1,main-source-tree,框架、配置、Python与程序测试,当前验收不等于全部上游tests通过,gem5/tests,inherited-from-ancestor
gem5/tests/gem5/traffic_gen/trusted_stats/RandomGenerator-1-PrivateL1-gem5.components.memory-DualChannelLPDDR3_1600,directory,,1,1,main-source-tree,框架、配置、Python与程序测试,当前验收不等于全部上游tests通过,gem5/tests,inherited-from-ancestor
gem5/tests/gem5/traffic_gen/trusted_stats/RandomGenerator-1-PrivateL1-gem5.components.memory-HBM2Stack,directory,,1,1,main-source-tree,框架、配置、Python与程序测试,当前验收不等于全部上游tests通过,gem5/tests,inherited-from-ancestor
gem5/tests/gem5/traffic_gen/trusted_stats/RandomGenerator-1-PrivateL1-gem5.components.memory-SingleChannelDDR3_1600,directory,,1,1,main-source-tree,框架、配置、Python与程序测试,当前验收不等于全部上游tests通过,gem5/tests,inherited-from-ancestor
gem5/tests/gem5/traffic_gen/trusted_stats/RandomGenerator-1-PrivateL1-gem5.components.memory-SingleChannelDDR3_2133,directory,,1,1,main-source-tree,框架、配置、Python与程序测试,当前验收不等于全部上游tests通过,gem5/tests,inherited-from-ancestor
gem5/tests/gem5/traffic_gen/trusted_stats/RandomGenerator-1-PrivateL1-gem5.components.memory-SingleChannelDDR4_2400,directory,,1,1,main-source-tree,框架、配置、Python与程序测试,当前验收不等于全部上游tests通过,gem5/tests,inherited-from-ancestor
gem5/tests/gem5/traffic_gen/trusted_stats/RandomGenerator-1-PrivateL1-gem5.components.memory-SingleChannelHBM,directory,,1,1,main-source-tree,框架、配置、Python与程序测试,当前验收不等于全部上游tests通过,gem5/tests,inherited-from-ancestor
gem5/tests/gem5/traffic_gen/trusted_stats/RandomGenerator-1-PrivateL1-gem5.components.memory-SingleChannelLPDDR3_1600,directory,,1,1,main-source-tree,框架、配置、Python与程序测试,当前验收不等于全部上游tests通过,gem5/tests,inherited-from-ancestor
gem5/tests/gem5/traffic_gen/trusted_stats/RandomGenerator-1-PrivateL1PrivateL2-gem5.components.memory-DualChannelDDR3_1600,directory,,1,1,main-source-tree,框架、配置、Python与程序测试,当前验收不等于全部上游tests通过,gem5/tests,inherited-from-ancestor
gem5/tests/gem5/traffic_gen/trusted_stats/RandomGenerator-1-PrivateL1PrivateL2-gem5.components.memory-DualChannelDDR3_2133,directory,,1,1,main-source-tree,框架、配置、Python与程序测试,当前验收不等于全部上游tests通过,gem5/tests,inherited-from-ancestor
gem5/tests/gem5/traffic_gen/trusted_stats/RandomGenerator-1-PrivateL1PrivateL2-gem5.components.memory-DualChannelDDR4_2400,directory,,1,1,main-source-tree,框架、配置、Python与程序测试,当前验收不等于全部上游tests通过,gem5/tests,inherited-from-ancestor
gem5/tests/gem5/traffic_gen/trusted_stats/RandomGenerator-1-PrivateL1PrivateL2-gem5.components.memory-DualChannelLPDDR3_1600,directory,,1,1,main-source-tree,框架、配置、Python与程序测试,当前验收不等于全部上游tests通过,gem5/tests,inherited-from-ancestor
gem5/tests/gem5/traffic_gen/trusted_stats/RandomGenerator-1-PrivateL1PrivateL2-gem5.components.memory-HBM2Stack,directory,,1,1,main-source-tree,框架、配置、Python与程序测试,当前验收不等于全部上游tests通过,gem5/tests,inherited-from-ancestor
gem5/tests/gem5/traffic_gen/trusted_stats/RandomGenerator-1-PrivateL1PrivateL2-gem5.components.memory-SingleChannelDDR3_1600,directory,,1,1,main-source-tree,框架、配置、Python与程序测试,当前验收不等于全部上游tests通过,gem5/tests,inherited-from-ancestor
gem5/tests/gem5/traffic_gen/trusted_stats/RandomGenerator-1-PrivateL1PrivateL2-gem5.components.memory-SingleChannelDDR3_2133,directory,,1,1,main-source-tree,框架、配置、Python与程序测试,当前验收不等于全部上游tests通过,gem5/tests,inherited-from-ancestor
gem5/tests/gem5/traffic_gen/trusted_stats/RandomGenerator-1-PrivateL1PrivateL2-gem5.components.memory-SingleChannelDDR4_2400,directory,,1,1,main-source-tree,框架、配置、Python与程序测试,当前验收不等于全部上游tests通过,gem5/tests,inherited-from-ancestor
gem5/tests/gem5/traffic_gen/trusted_stats/RandomGenerator-1-PrivateL1PrivateL2-gem5.components.memory-SingleChannelHBM,directory,,1,1,main-source-tree,框架、配置、Python与程序测试,当前验收不等于全部上游tests通过,gem5/tests,inherited-from-ancestor
gem5/tests/gem5/traffic_gen/trusted_stats/RandomGenerator-1-PrivateL1PrivateL2-gem5.components.memory-SingleChannelLPDDR3_1600,directory,,1,1,main-source-tree,框架、配置、Python与程序测试,当前验收不等于全部上游tests通过,gem5/tests,inherited-from-ancestor
gem5/tests/gem5/x86_boot_tests,directory,,2,3,main-source-tree,框架、配置、Python与程序测试,当前验收不等于全部上游tests通过,gem5/tests,inherited-from-ancestor
gem5/tests/gem5/x86_boot_tests/configs,directory,,1,1,main-source-tree,框架、配置、Python与程序测试,当前验收不等于全部上游tests通过,gem5/tests,inherited-from-ancestor
gem5/tests/pyunit,directory,,1,25,main-source-tree,框架、配置、Python与程序测试,当前验收不等于全部上游tests通过,gem5/tests,inherited-from-ancestor
gem5/tests/pyunit/pystats,directory,,2,2,main-source-tree,框架、配置、Python与程序测试,当前验收不等于全部上游tests通过,gem5/tests,inherited-from-ancestor
gem5/tests/pyunit/stdlib,directory,,2,20,main-source-tree,框架、配置、Python与程序测试,当前验收不等于全部上游tests通过,gem5/tests,inherited-from-ancestor
gem5/tests/pyunit/stdlib/refs,directory,,2,2,main-source-tree,框架、配置、Python与程序测试,当前验收不等于全部上游tests通过,gem5/tests,inherited-from-ancestor
gem5/tests/pyunit/stdlib/resources,directory,,9,16,main-source-tree,框架、配置、Python与程序测试,当前验收不等于全部上游tests通过,gem5/tests,inherited-from-ancestor
gem5/tests/pyunit/stdlib/resources/refs,directory,,7,7,main-source-tree,框架、配置、Python与程序测试,当前验收不等于全部上游tests通过,gem5/tests,inherited-from-ancestor
gem5/tests/pyunit/util,directory,,2,2,main-source-tree,框架、配置、Python与程序测试,当前验收不等于全部上游tests通过,gem5/tests,inherited-from-ancestor
gem5/tests/test-progs,directory,,0,21,main-source-tree,框架、配置、Python与程序测试,当前验收不等于全部上游tests通过,gem5/tests,inherited-from-ancestor
gem5/tests/test-progs/hello,directory,,1,13,main-source-tree,框架、配置、Python与程序测试,当前验收不等于全部上游tests通过,gem5/tests,inherited-from-ancestor
gem5/tests/test-progs/hello/bin,directory,,0,7,main-source-tree,框架、配置、Python与程序测试,当前验收不等于全部上游tests通过,gem5/tests,inherited-from-ancestor
gem5/tests/test-progs/hello/bin/arm,directory,,0,1,main-source-tree,框架、配置、Python与程序测试,当前验收不等于全部上游tests通过,gem5/tests,inherited-from-ancestor
gem5/tests/test-progs/hello/bin/arm/linux,directory,,1,1,main-source-tree,框架、配置、Python与程序测试,当前验收不等于全部上游tests通过,gem5/tests,inherited-from-ancestor
gem5/tests/test-progs/hello/bin/power,directory,,0,3,main-source-tree,框架、配置、Python与程序测试,当前验收不等于全部上游tests通过,gem5/tests,inherited-from-ancestor
gem5/tests/test-progs/hello/bin/power/linux,directory,,3,3,main-source-tree,框架、配置、Python与程序测试,当前验收不等于全部上游tests通过,gem5/tests,inherited-from-ancestor
gem5/tests/test-progs/hello/bin/riscv,directory,,0,1,main-source-tree,框架、配置、Python与程序测试,当前验收不等于全部上游tests通过,gem5/tests,inherited-from-ancestor
gem5/tests/test-progs/hello/bin/riscv/linux,directory,,1,1,main-source-tree,框架、配置、Python与程序测试,当前验收不等于全部上游tests通过,gem5/tests,inherited-from-ancestor
gem5/tests/test-progs/hello/bin/x86,directory,,0,2,main-source-tree,框架、配置、Python与程序测试,当前验收不等于全部上游tests通过,gem5/tests,inherited-from-ancestor
gem5/tests/test-progs/hello/bin/x86/linux,directory,,2,2,main-source-tree,框架、配置、Python与程序测试,当前验收不等于全部上游tests通过,gem5/tests,inherited-from-ancestor
gem5/tests/test-progs/hello/src,directory,,5,5,main-source-tree,框架、配置、Python与程序测试,当前验收不等于全部上游tests通过,gem5/tests,inherited-from-ancestor
gem5/tests/test-progs/m5-exit,directory,,1,5,main-source-tree,框架、配置、Python与程序测试,当前验收不等于全部上游tests通过,gem5/tests,inherited-from-ancestor
gem5/tests/test-progs/m5-exit/src,directory,,4,4,main-source-tree,框架、配置、Python与程序测试,当前验收不等于全部上游tests通过,gem5/tests,inherited-from-ancestor
gem5/tests/test-progs/threads,directory,,0,3,main-source-tree,框架、配置、Python与程序测试,当前验收不等于全部上游tests通过,gem5/tests,inherited-from-ancestor
gem5/tests/test-progs/threads/bin,directory,,0,1,main-source-tree,框架、配置、Python与程序测试,当前验收不等于全部上游tests通过,gem5/tests,inherited-from-ancestor
gem5/tests/test-progs/threads/bin/x86,directory,,0,1,main-source-tree,框架、配置、Python与程序测试,当前验收不等于全部上游tests通过,gem5/tests,inherited-from-ancestor
gem5/tests/test-progs/threads/bin/x86/linux,directory,,1,1,main-source-tree,框架、配置、Python与程序测试,当前验收不等于全部上游tests通过,gem5/tests,inherited-from-ancestor
gem5/tests/test-progs/threads/src,directory,,2,2,main-source-tree,框架、配置、Python与程序测试,当前验收不等于全部上游tests通过,gem5/tests,inherited-from-ancestor
gem5/util,directory,,39,417,main-source-tree,m5工具、trace、checkpoint、系统/分析辅助,开发工具,gem5/util,manual
gem5/util/amdgpu,directory,,0,3,main-source-tree,m5工具、trace、checkpoint、系统/分析辅助,开发工具,gem5/util,inherited-from-ancestor
gem5/util/amdgpu/fs_files,directory,,3,3,main-source-tree,m5工具、trace、checkpoint、系统/分析辅助,开发工具,gem5/util,inherited-from-ancestor
gem5/util/cpt_upgraders,directory,,35,35,main-source-tree,m5工具、trace、checkpoint、系统/分析辅助,开发工具,gem5/util,inherited-from-ancestor
gem5/util/crosstool-ng,directory,,6,6,main-source-tree,m5工具、trace、checkpoint、系统/分析辅助,开发工具,gem5/util,inherited-from-ancestor
gem5/util/cxx_config,directory,,5,5,main-source-tree,m5工具、trace、checkpoint、系统/分析辅助,开发工具,gem5/util,inherited-from-ancestor
gem5/util/disk-image-validator,directory,,7,7,main-source-tree,m5工具、trace、checkpoint、系统/分析辅助,开发工具,gem5/util,inherited-from-ancestor
gem5/util/dist,directory,,1,3,main-source-tree,m5工具、trace、checkpoint、系统/分析辅助,开发工具,gem5/util,inherited-from-ancestor
gem5/util/dist/test,directory,,2,2,main-source-tree,m5工具、trace、checkpoint、系统/分析辅助,开发工具,gem5/util,inherited-from-ancestor
gem5/util/dockerfiles,directory,,2,15,main-source-tree,m5工具、trace、checkpoint、系统/分析辅助,开发工具,gem5/util,inherited-from-ancestor
gem5/util/dockerfiles/clang-compiler,directory,,1,1,main-source-tree,m5工具、trace、checkpoint、系统/分析辅助,开发工具,gem5/util,inherited-from-ancestor
gem5/util/dockerfiles/devcontainer,directory,,1,1,main-source-tree,m5工具、trace、checkpoint、系统/分析辅助,开发工具,gem5/util,inherited-from-ancestor
gem5/util/dockerfiles/gcc-compiler,directory,,1,1,main-source-tree,m5工具、trace、checkpoint、系统/分析辅助,开发工具,gem5/util,inherited-from-ancestor
gem5/util/dockerfiles/gcn-gpu,directory,,2,2,main-source-tree,m5工具、trace、checkpoint、系统/分析辅助,开发工具,gem5/util,inherited-from-ancestor
gem5/util/dockerfiles/gpu-fs,directory,,2,2,main-source-tree,m5工具、trace、checkpoint、系统/分析辅助,开发工具,gem5/util,inherited-from-ancestor
gem5/util/dockerfiles/qemu-riscv-env,directory,,1,1,main-source-tree,m5工具、trace、checkpoint、系统/分析辅助,开发工具,gem5/util,inherited-from-ancestor
gem5/util/dockerfiles/sst,directory,,1,1,main-source-tree,m5工具、trace、checkpoint、系统/分析辅助,开发工具,gem5/util,inherited-from-ancestor
gem5/util/dockerfiles/systemc,directory,,1,1,main-source-tree,m5工具、trace、checkpoint、系统/分析辅助,开发工具,gem5/util,inherited-from-ancestor
gem5/util/dockerfiles/ubuntu-22.04_all-dependencies,directory,,1,1,main-source-tree,m5工具、trace、checkpoint、系统/分析辅助,开发工具,gem5/util,inherited-from-ancestor
gem5/util/dockerfiles/ubuntu-24.04_all-dependencies,directory,,1,1,main-source-tree,m5工具、trace、checkpoint、系统/分析辅助,开发工具,gem5/util,inherited-from-ancestor
gem5/util/dockerfiles/ubuntu-24.04_min-dependencies,directory,,1,1,main-source-tree,m5工具、trace、checkpoint、系统/分析辅助,开发工具,gem5/util,inherited-from-ancestor
gem5/util/emacs,directory,,1,1,main-source-tree,m5工具、trace、checkpoint、系统/分析辅助,开发工具,gem5/util,inherited-from-ancestor
gem5/util/gem5-resources-manager,directory,,5,31,main-source-tree,m5工具、trace、checkpoint、系统/分析辅助,开发工具,gem5/util,inherited-from-ancestor
gem5/util/gem5-resources-manager/api,directory,,4,4,main-source-tree,m5工具、trace、checkpoint、系统/分析辅助,开发工具,gem5/util,inherited-from-ancestor
gem5/util/gem5-resources-manager/static,directory,,1,9,main-source-tree,m5工具、trace、checkpoint、系统/分析辅助,开发工具,gem5/util,inherited-from-ancestor
gem5/util/gem5-resources-manager/static/images,directory,,3,3,main-source-tree,m5工具、trace、checkpoint、系统/分析辅助,开发工具,gem5/util,inherited-from-ancestor
gem5/util/gem5-resources-manager/static/js,directory,,4,4,main-source-tree,m5工具、trace、checkpoint、系统/分析辅助,开发工具,gem5/util,inherited-from-ancestor
gem5/util/gem5-resources-manager/static/styles,directory,,1,1,main-source-tree,m5工具、trace、checkpoint、系统/分析辅助,开发工具,gem5/util,inherited-from-ancestor
gem5/util/gem5-resources-manager/templates,directory,,5,7,main-source-tree,m5工具、trace、checkpoint、系统/分析辅助,开发工具,gem5/util,inherited-from-ancestor
gem5/util/gem5-resources-manager/templates/login,directory,,2,2,main-source-tree,m5工具、trace、checkpoint、系统/分析辅助,开发工具,gem5/util,inherited-from-ancestor
gem5/util/gem5-resources-manager/test,directory,,5,6,main-source-tree,m5工具、trace、checkpoint、系统/分析辅助,开发工具,gem5/util,inherited-from-ancestor
gem5/util/gem5-resources-manager/test/refs,directory,,1,1,main-source-tree,m5工具、trace、checkpoint、系统/分析辅助,开发工具,gem5/util,inherited-from-ancestor
gem5/util/gem5_bridge,directory,,2,2,main-source-tree,m5工具、trace、checkpoint、系统/分析辅助,开发工具,gem5/util,inherited-from-ancestor
gem5/util/gem5art,directory,,6,29,main-source-tree,m5工具、trace、checkpoint、系统/分析辅助,开发工具,gem5/util,inherited-from-ancestor
gem5/util/gem5art/artifact,directory,,3,10,main-source-tree,m5工具、trace、checkpoint、系统/分析辅助,开发工具,gem5/util,inherited-from-ancestor
gem5/util/gem5art/artifact/gem5art,directory,,0,4,main-source-tree,m5工具、trace、checkpoint、系统/分析辅助,开发工具,gem5/util,inherited-from-ancestor
gem5/util/gem5art/artifact/gem5art/artifact,directory,,4,4,main-source-tree,m5工具、trace、checkpoint、系统/分析辅助,开发工具,gem5/util,inherited-from-ancestor
gem5/util/gem5art/artifact/tests,directory,,3,3,main-source-tree,m5工具、trace、checkpoint、系统/分析辅助,开发工具,gem5/util,inherited-from-ancestor
gem5/util/gem5art/run,directory,,3,7,main-source-tree,m5工具、trace、checkpoint、系统/分析辅助,开发工具,gem5/util,inherited-from-ancestor
gem5/util/gem5art/run/bin,directory,,1,1,main-source-tree,m5工具、trace、checkpoint、系统/分析辅助,开发工具,gem5/util,inherited-from-ancestor
gem5/util/gem5art/run/gem5art,directory,,1,1,main-source-tree,m5工具、trace、checkpoint、系统/分析辅助,开发工具,gem5/util,inherited-from-ancestor
gem5/util/gem5art/run/tests,directory,,2,2,main-source-tree,m5工具、trace、checkpoint、系统/分析辅助,开发工具,gem5/util,inherited-from-ancestor
gem5/util/gem5art/tasks,directory,,3,6,main-source-tree,m5工具、trace、checkpoint、系统/分析辅助,开发工具,gem5/util,inherited-from-ancestor
gem5/util/gem5art/tasks/gem5art,directory,,0,3,main-source-tree,m5工具、trace、checkpoint、系统/分析辅助,开发工具,gem5/util,inherited-from-ancestor
gem5/util/gem5art/tasks/gem5art/tasks,directory,,3,3,main-source-tree,m5工具、trace、checkpoint、系统/分析辅助,开发工具,gem5/util,inherited-from-ancestor
gem5/util/gerrit-bot,directory,,6,6,main-source-tree,m5工具、trace、checkpoint、系统/分析辅助,开发工具,gem5/util,inherited-from-ancestor
gem5/util/github-runners-vagrant,directory,,9,9,main-source-tree,m5工具、trace、checkpoint、系统/分析辅助,开发工具,gem5/util,inherited-from-ancestor
gem5/util/helper_scripts_for_mongodb,directory,,5,5,main-source-tree,m5工具、trace、checkpoint、系统/分析辅助,开发工具,gem5/util,inherited-from-ancestor
gem5/util/hypercall_external_signal,directory,,2,2,main-source-tree,m5工具、trace、checkpoint、系统/分析辅助,开发工具,gem5/util,inherited-from-ancestor
gem5/util/m5,directory,,2,86,main-source-tree,m5工具、trace、checkpoint、系统/分析辅助,开发工具,gem5/util,inherited-from-ancestor
gem5/util/m5/src,directory,,19,84,main-source-tree,m5工具、trace、checkpoint、系统/分析辅助,开发工具,gem5/util,inherited-from-ancestor
gem5/util/m5/src/abi,directory,,0,22,main-source-tree,m5工具、trace、checkpoint、系统/分析辅助,开发工具,gem5/util,inherited-from-ancestor
gem5/util/m5/src/abi/arm,directory,,3,3,main-source-tree,m5工具、trace、checkpoint、系统/分析辅助,开发工具,gem5/util,inherited-from-ancestor
gem5/util/m5/src/abi/arm64,directory,,6,6,main-source-tree,m5工具、trace、checkpoint、系统/分析辅助,开发工具,gem5/util,inherited-from-ancestor
gem5/util/m5/src/abi/riscv,directory,,3,3,main-source-tree,m5工具、trace、checkpoint、系统/分析辅助,开发工具,gem5/util,inherited-from-ancestor
gem5/util/m5/src/abi/sparc,directory,,3,3,main-source-tree,m5工具、trace、checkpoint、系统/分析辅助,开发工具,gem5/util,inherited-from-ancestor
gem5/util/m5/src/abi/thumb,directory,,3,3,main-source-tree,m5工具、trace、checkpoint、系统/分析辅助,开发工具,gem5/util,inherited-from-ancestor
gem5/util/m5/src/abi/x86,directory,,4,4,main-source-tree,m5工具、trace、checkpoint、系统/分析辅助,开发工具,gem5/util,inherited-from-ancestor
gem5/util/m5/src/call_type,directory,,11,11,main-source-tree,m5工具、trace、checkpoint、系统/分析辅助,开发工具,gem5/util,inherited-from-ancestor
gem5/util/m5/src/command,directory,,29,29,main-source-tree,m5工具、trace、checkpoint、系统/分析辅助,开发工具,gem5/util,inherited-from-ancestor
gem5/util/m5/src/java,directory,,0,3,main-source-tree,m5工具、trace、checkpoint、系统/分析辅助,开发工具,gem5/util,inherited-from-ancestor
gem5/util/m5/src/java/gem5,directory,,3,3,main-source-tree,m5工具、trace、checkpoint、系统/分析辅助,开发工具,gem5/util,inherited-from-ancestor
gem5/util/maint,directory,,5,9,main-source-tree,m5工具、trace、checkpoint、系统/分析辅助,开发工具,gem5/util,inherited-from-ancestor
gem5/util/maint/lib,directory,,2,4,main-source-tree,m5工具、trace、checkpoint、系统/分析辅助,开发工具,gem5/util,inherited-from-ancestor
gem5/util/maint/lib/tests,directory,,2,2,main-source-tree,m5工具、trace、checkpoint、系统/分析辅助,开发工具,gem5/util,inherited-from-ancestor
gem5/util/mem,directory,,3,3,main-source-tree,m5工具、trace、checkpoint、系统/分析辅助,开发工具,gem5/util,inherited-from-ancestor
gem5/util/minorview,directory,,8,8,main-source-tree,m5工具、trace、checkpoint、系统/分析辅助,开发工具,gem5/util,inherited-from-ancestor
gem5/util/offline_db,directory,,3,3,main-source-tree,m5工具、trace、checkpoint、系统/分析辅助,开发工具,gem5/util,inherited-from-ancestor
gem5/util/plot_dram,directory,,4,4,main-source-tree,m5工具、trace、checkpoint、系统/分析辅助,开发工具,gem5/util,inherited-from-ancestor
gem5/util/statetrace,directory,,2,15,main-source-tree,m5工具、trace、checkpoint、系统/分析辅助,开发工具,gem5/util,inherited-from-ancestor
gem5/util/statetrace/arch,directory,,0,8,main-source-tree,m5工具、trace、checkpoint、系统/分析辅助,开发工具,gem5/util,inherited-from-ancestor
gem5/util/statetrace/arch/amd64,directory,,2,2,main-source-tree,m5工具、trace、checkpoint、系统/分析辅助,开发工具,gem5/util,inherited-from-ancestor
gem5/util/statetrace/arch/arm,directory,,2,2,main-source-tree,m5工具、trace、checkpoint、系统/分析辅助,开发工具,gem5/util,inherited-from-ancestor
gem5/util/statetrace/arch/i686,directory,,2,2,main-source-tree,m5工具、trace、checkpoint、系统/分析辅助,开发工具,gem5/util,inherited-from-ancestor
gem5/util/statetrace/arch/sparc,directory,,2,2,main-source-tree,m5工具、trace、checkpoint、系统/分析辅助,开发工具,gem5/util,inherited-from-ancestor
gem5/util/statetrace/base,directory,,5,5,main-source-tree,m5工具、trace、checkpoint、系统/分析辅助,开发工具,gem5/util,inherited-from-ancestor
gem5/util/streamline,directory,,3,3,main-source-tree,m5工具、trace、checkpoint、系统/分析辅助,开发工具,gem5/util,inherited-from-ancestor
gem5/util/style,directory,,7,7,main-source-tree,m5工具、trace、checkpoint、系统/分析辅助,开发工具,gem5/util,inherited-from-ancestor
gem5/util/systemc,directory,,1,31,main-source-tree,m5工具、trace、checkpoint、系统/分析辅助,开发工具,gem5/util,inherited-from-ancestor
gem5/util/systemc/gem5_within_systemc,directory,,11,11,main-source-tree,m5工具、trace、checkpoint、系统/分析辅助,开发工具,gem5/util,inherited-from-ancestor
gem5/util/systemc/systemc_within_gem5,directory,,1,19,main-source-tree,m5工具、trace、checkpoint、系统/分析辅助,开发工具,gem5/util,inherited-from-ancestor
gem5/util/systemc/systemc_within_gem5/systemc_gem5_tlm,directory,,5,5,main-source-tree,m5工具、trace、checkpoint、系统/分析辅助,开发工具,gem5/util,inherited-from-ancestor
gem5/util/systemc/systemc_within_gem5/systemc_sc_main,directory,,3,3,main-source-tree,m5工具、trace、checkpoint、系统/分析辅助,开发工具,gem5/util,inherited-from-ancestor
gem5/util/systemc/systemc_within_gem5/systemc_simple_object,directory,,7,7,main-source-tree,m5工具、trace、checkpoint、系统/分析辅助,开发工具,gem5/util,inherited-from-ancestor
gem5/util/systemc/systemc_within_gem5/systemc_tlm,directory,,3,3,main-source-tree,m5工具、trace、checkpoint、系统/分析辅助,开发工具,gem5/util,inherited-from-ancestor
gem5/util/tap,directory,,2,2,main-source-tree,m5工具、trace、checkpoint、系统/分析辅助,开发工具,gem5/util,inherited-from-ancestor
gem5/util/term,directory,,4,4,main-source-tree,m5工具、trace、checkpoint、系统/分析辅助,开发工具,gem5/util,inherited-from-ancestor
gem5/util/tlm,directory,,4,39,main-source-tree,m5工具、trace、checkpoint、系统/分析辅助,开发工具,gem5/util,inherited-from-ancestor
gem5/util/tlm/conf,directory,,4,4,main-source-tree,m5工具、trace、checkpoint、系统/分析辅助,开发工具,gem5/util,inherited-from-ancestor
gem5/util/tlm/examples,directory,,1,14,main-source-tree,m5工具、trace、checkpoint、系统/分析辅助,开发工具,gem5/util,inherited-from-ancestor
gem5/util/tlm/examples/common,directory,,5,5,main-source-tree,m5工具、trace、checkpoint、系统/分析辅助,开发工具,gem5/util,inherited-from-ancestor
gem5/util/tlm/examples/master_port,directory,,4,4,main-source-tree,m5工具、trace、checkpoint、系统/分析辅助,开发工具,gem5/util,inherited-from-ancestor
gem5/util/tlm/examples/slave_port,directory,,4,4,main-source-tree,m5工具、trace、checkpoint、系统/分析辅助,开发工具,gem5/util,inherited-from-ancestor
gem5/util/tlm/src,directory,,17,17,main-source-tree,m5工具、trace、checkpoint、系统/分析辅助,开发工具,gem5/util,inherited-from-ancestor
gem5/util/update_copyright,directory,,2,4,main-source-tree,m5工具、trace、checkpoint、系统/分析辅助,开发工具,gem5/util,inherited-from-ancestor
gem5/util/update_copyright/test,directory,,2,2,main-source-tree,m5工具、trace、checkpoint、系统/分析辅助,开发工具,gem5/util,inherited-from-ancestor
gem5/util/vi,directory,,1,1,main-source-tree,m5工具、trace、checkpoint、系统/分析辅助,开发工具,gem5/util,inherited-from-ancestor
gem5_axi,directory,,25,92,main-source-tree,整机接线和 TLM/AXI/后端集成,普通主仓库源码,gem5_axi,manual
gem5_axi/build,directory,,3,3,build-output,CPU工作负载等生成binary,本地构建产物,gem5_axi/build,manual
gem5_axi/configs,directory,,2,4,main-source-tree,run.py定向/CPU配置，run_xpu.py三源配置,对象实例化、地址路由、设备库、时钟和后端选择,gem5_axi/configs,manual
gem5_axi/configs/__pycache__,directory,,2,2,generated-cache,Python自动生成的bytecode缓存,本地产物，不维护源码、不提交,__pycache__,directory-type-rule
gem5_axi/patches,directory,,2,2,main-source-tree,历史masked-write/VCD适配记录,当前必要适配已纳入gem5源码，统一构建不再向内部模块应用这些基础补丁,gem5_axi/patches,manual
gem5_axi/scripts,directory,,29,51,main-source-tree,公共数据/协议检查、Flit解码、backend验证、VCD审计、HTML生成,运行后证据分析；包含旧RAM/memsim分支工具,gem5_axi/scripts,manual
gem5_axi/scripts/__pycache__,directory,,22,22,generated-cache,Python自动生成的bytecode缓存,本地产物，不维护源码、不提交,__pycache__,directory-type-rule
gem5_axi/tests,directory,,2,2,main-source-tree,TargetBackingStore独立契约测试,零值、掩码、跨页、高地址及越界无部分写,gem5_axi/tests,manual
gem5_axi/workloads,directory,,5,5,main-source-tree,实际CPU验收程序源码,编译成Host CPU执行的binary,gem5_axi/workloads,manual
gem5_new,directory,,7,119,main-source-tree,异构设备接入与观察/工作负载,普通主仓库源码,gem5_new,manual
gem5_new/coralnpuint,directory,,7,16,main-source-tree,CoralNPU C ABI真源、安装脚本及ddr_touch验收kernel,刷新coralnpu/gem5int构建package,gem5_new/coralnpuint,manual
gem5_new/coralnpuint/patches,directory,,7,7,main-source-tree,历史wrapper、async AXI、native C++规则等适配记录,当前CoralNPU源码已内置必要改动，不在构建重新打基础补丁,gem5_new/coralnpuint/patches,manual
gem5_new/coralnpuint/tests,directory,,2,2,main-source-tree,dlopen/C ABI smoke测试,库层组件检查,gem5_new/coralnpuint/tests,manual
gem5_new/docs,directory,,14,15,main-source-tree,原模块架构、trace规范、设备集成及历史实验说明,保存历史设计；当前后端以根docs为准,gem5_new/docs,manual
gem5_new/docs/results,directory,,1,1,main-source-tree,已保存的历史memory-sweep JSON,不是本次在线验收目录,gem5_new/docs/results,manual
gem5_new/gem5int,directory,,2,28,main-source-tree,gem5设备、共享配置、观察器、安装和组件运行脚本,集成源码真源，不是第二份完整gem5,gem5_new/gem5int,manual
gem5_new/gem5int/configs,directory,,0,4,main-source-tree,gem5设备、共享配置、观察器、安装和组件运行脚本,集成源码真源，不是第二份完整gem5,gem5_new/gem5int,inherited-from-ancestor
gem5_new/gem5int/configs/het,directory,,3,4,main-source-tree,CPU/cache/device共用创建函数、地址和时钟常量、独立历史配置,当前run_xpu.py复用部分helpers，不能把独立main拓扑等同当前系统,gem5_new/gem5int/configs/het,manual
gem5_new/gem5int/configs/het/__pycache__,directory,,1,1,generated-cache,Python自动生成的bytecode缓存,本地产物，不维护源码、不提交,__pycache__,directory-type-rule
gem5_new/gem5int/patches,directory,,1,1,main-source-tree,历史DmaPort byte-enable补丁依据,当前gem5已维护对应适配，不由构建重复应用,gem5_new/gem5int/patches,manual
gem5_new/gem5int/src,directory,,0,16,main-source-tree,设备、trace和旧内存responder实现,源码,gem5_new/gem5int/src,manual
gem5_new/gem5int/src/dev,directory,,0,8,main-source-tree,GPU/NPU gem5设备壳统一维护位置,修改此处，由install_devices.sh刷新gem5副本,gem5_new/gem5int/src/dev,manual
gem5_new/gem5int/src/dev/coralnpu,directory,,4,4,main-source-tree,NPU SimObject、PIO启动/状态、周期step、掩码DMA、延迟完成通知,NPU ABI↔gem5 Packet,gem5_new/gem5int/src/dev/coralnpu,manual
gem5_new/gem5int/src/dev/vortex,directory,,4,4,main-source-tree,GPU SimObject、PIO/CP、core token、DMA与完成通知,SimX ABI↔gem5 Packet,gem5_new/gem5int/src/dev/vortex,manual
gem5_new/gem5int/src/hettrace,directory,,4,4,main-source-tree,HetAxiMonitor，透明目标Packet观察并按requestor分类,不拥有数据、不驱动DRAM；输出SYNTH事务记录,gem5_new/gem5int/src/hettrace,manual
gem5_new/gem5int/src/mem,directory,,0,4,main-source-tree,设备、trace和旧内存responder实现,源码,gem5_new/gem5int/src,inherited-from-ancestor
gem5_new/gem5int/src/mem/unified_timing,directory,,4,4,main-source-tree,历史共享sparse功能responder,当前在线run_xpu.py不实例化，真实目标字节在backing,gem5_new/gem5int/src/mem/unified_timing,manual
gem5_new/gem5int/tests,directory,,5,5,main-source-tree,独立NPU、GPU、共享与三源运行脚本,当前完整验收优先env/run_xpu.sh,gem5_new/gem5int/tests,manual
gem5_new/libhettrace,directory,,0,4,main-source-tree,C++ trace记录库,CPU/设备/互连观察共享,gem5_new/libhettrace,manual
gem5_new/libhettrace/include,directory,,0,3,main-source-tree,C++ trace记录库,CPU/设备/互连观察共享,gem5_new/libhettrace,inherited-from-ancestor
gem5_new/libhettrace/include/hettrace,directory,,3,3,main-source-tree,record/writer/addrmap头及格式,binary trace ABI，不是存储后端,gem5_new/libhettrace/include/hettrace,manual
gem5_new/libhettrace/tests,directory,,1,1,main-source-tree,格式和writer测试,组件验证,gem5_new/libhettrace/tests,manual
gem5_new/scripts,directory,,5,5,main-source-tree,地址图生成、旧环境/preflight/upstream检查和离线回放,独立/历史辅助，当前入口为根env,gem5_new/scripts,manual
gem5_new/storage_chain,directory,,2,7,main-source-tree,小型透明AXI/trace参考边界,独立RTL示例，未接入当前完整链路,gem5_new/storage_chain,manual
gem5_new/storage_chain/rtl,directory,,4,4,main-source-tree,AXI passthrough、参考master、subset checker、旁路trace monitor,非UCIe/MC/DRAM实现,gem5_new/storage_chain/rtl,manual
gem5_new/storage_chain/tb,directory,,1,1,main-source-tree,BFM和RTL字段/计数scoreboard,BFM延迟不代表DRAM性能,gem5_new/storage_chain/tb,manual
gem5_new/tools,directory,,0,21,main-source-tree,异构设备接入与观察/工作负载,普通主仓库源码,gem5_new,inherited-from-ancestor
gem5_new/tools/hettrace,directory,,10,19,main-source-tree,读取、校验、统计、合并、合成和转换CLI,观察数据分析；convert memsim属于历史离线投影,gem5_new/tools/hettrace,manual
gem5_new/tools/hettrace/__pycache__,directory,,9,9,generated-cache,Python自动生成的bytecode缓存,本地产物，不维护源码、不提交,__pycache__,directory-type-rule
gem5_new/tools/tests,directory,,2,2,main-source-tree,trace CLI与工作流测试,工具验证,gem5_new/tools/tests,manual
gem5_new/vortexint,directory,,2,4,main-source-tree,固定外部Vortex的安装与接入,GPU适配入口,gem5_new/vortexint,manual
gem5_new/vortexint/patches,directory,,2,2,main-source-tree,保存SimX在线接口与runtime包含顺序等外部差异,外部必要补丁仍由install.sh幂等维护,gem5_new/vortexint/patches,manual
gem5_new/workloads,directory,,0,12,main-source-tree,异构设备任务与Host工作负载,应用/验证层,gem5_new/workloads,manual
gem5_new/workloads/llm_memory,directory,,4,4,main-source-tree,合成decoder-LLM-like访存trace与历史离线回放,不执行Transformer数值推理，不证明在线tokens/s,gem5_new/workloads/llm_memory,manual
gem5_new/workloads/shared_buffer,directory,,2,3,main-source-tree,Host↔NPU共享输入、计算、输出校验,当前NPU验收使用,gem5_new/workloads/shared_buffer,manual
gem5_new/workloads/shared_buffer/build,directory,,1,1,build-output,Host↔NPU共享输入、计算、输出校验,当前NPU验收使用,gem5_new/workloads/shared_buffer,inherited-from-ancestor
gem5_new/workloads/three_source,directory,,2,3,main-source-tree,Host同时协调GPU/NPU并检查结果,当前three/three_slow验收使用,gem5_new/workloads/three_source,manual
gem5_new/workloads/three_source/build,directory,,1,1,build-output,Host同时协调GPU/NPU并检查结果,当前three/three_slow验收使用,gem5_new/workloads/three_source,inherited-from-ancestor
gem5_new/workloads/vortex_smoke,directory,,2,2,main-source-tree,GPU接入smoke工作负载,组件开发用例,gem5_new/workloads/vortex_smoke,manual
integrate_doc,directory,,2,17,local-handoff,本地迁移、备份及交接资料,保留，不入 Git,integrate_doc,manual
integrate_doc/vendor-migration-20260917T011043Z,directory,,12,15,local-handoff,gem5/CoralNPU普通源码迁移备份、原tar、git指针、inventory和verification,本地追溯，不分发于Git,integrate_doc/vendor-migration-20260917T011043Z,manual
integrate_doc/vendor-migration-20260917T011043Z/adaptation-backups,directory,,0,3,local-handoff,迁移时必要适配的备份,保留，不作为构建时自动补丁来源,integrate_doc/vendor-migration-20260917T011043Z/adaptation-backups,manual
integrate_doc/vendor-migration-20260917T011043Z/adaptation-backups/coralnpu,directory,,0,3,local-handoff,迁移时必要适配的备份,保留，不作为构建时自动补丁来源,integrate_doc/vendor-migration-20260917T011043Z/adaptation-backups,inherited-from-ancestor
integrate_doc/vendor-migration-20260917T011043Z/adaptation-backups/coralnpu/hw_sim,directory,,3,3,local-handoff,迁移时必要适配的备份,保留，不作为构建时自动补丁来源,integrate_doc/vendor-migration-20260917T011043Z/adaptation-backups,inherited-from-ancestor
protocol,directory,,0,1,main-source-tree,前后两端共享的协议定义,源码公共契约,protocol,manual
protocol/include,directory,,1,1,main-source-tree,aou_format6.h 规定250B逻辑帧与256B物理帧之间的scatter/gather映射,AXI2Flit与UCIe同时依赖；不能在两边各维护不同版本,protocol/include,manual
ramulator2,directory,,10,1286,main-source-tree,DRAM 控制器/行为/功耗,普通主仓库源码,ramulator2,manual
ramulator2/.devcontainer,directory,,3,3,main-source-tree,独立开发容器,开发环境,ramulator2/.devcontainer,manual
ramulator2/DRAMPower,directory,,7,270,main-source-tree,vendored DRAMPower功耗库,当前在线DRAM功耗实现,ramulator2/DRAMPower,manual
ramulator2/DRAMPower/.github,directory,,0,1,main-source-tree,库CI,开发基础设施,ramulator2/DRAMPower/.github,manual
ramulator2/DRAMPower/.github/workflows,directory,,1,1,main-source-tree,库CI,开发基础设施,ramulator2/DRAMPower/.github,inherited-from-ancestor
ramulator2/DRAMPower/benches,directory,,3,3,main-source-tree,性能benchmark,开发测试,ramulator2/DRAMPower/benches,manual
ramulator2/DRAMPower/cmake,directory,,6,6,main-source-tree,CMake辅助,构建期,ramulator2/DRAMPower/cmake,manual
ramulator2/DRAMPower/docs,directory,,1,1,main-source-tree,库文档,文档,ramulator2/DRAMPower/docs,manual
ramulator2/DRAMPower/examples,directory,,0,9,main-source-tree,独立示例,示例,ramulator2/DRAMPower/examples,manual
ramulator2/DRAMPower/examples/hbm34,directory,,5,5,main-source-tree,独立示例,示例,ramulator2/DRAMPower/examples,inherited-from-ancestor
ramulator2/DRAMPower/examples/lpddr5,directory,,2,2,main-source-tree,独立示例,示例,ramulator2/DRAMPower/examples,inherited-from-ancestor
ramulator2/DRAMPower/examples/lpddr6,directory,,2,2,main-source-tree,独立示例,示例,ramulator2/DRAMPower/examples,inherited-from-ancestor
ramulator2/DRAMPower/lib,directory,,0,2,main-source-tree,功耗库依赖支持,库构建,ramulator2/DRAMPower/lib,manual
ramulator2/DRAMPower/lib/cli11,directory,,1,1,main-source-tree,功耗库依赖支持,库构建,ramulator2/DRAMPower/lib,inherited-from-ancestor
ramulator2/DRAMPower/lib/spdlog,directory,,1,1,main-source-tree,功耗库依赖支持,库构建,ramulator2/DRAMPower/lib,inherited-from-ancestor
ramulator2/DRAMPower/src,directory,,0,141,main-source-tree,vendored DRAMPower功耗库,当前在线DRAM功耗实现,ramulator2/DRAMPower,inherited-from-ancestor
ramulator2/DRAMPower/src/DRAMPower,directory,,1,129,main-source-tree,各标准memspec、命令状态、core/interface计算,当前HBM34对应实现,ramulator2/DRAMPower/src/DRAMPower,manual
ramulator2/DRAMPower/src/DRAMPower/DRAMPower,directory,,2,128,main-source-tree,各标准memspec、命令状态、core/interface计算,当前HBM34对应实现,ramulator2/DRAMPower/src/DRAMPower,inherited-from-ancestor
ramulator2/DRAMPower/src/DRAMPower/DRAMPower/command,directory,,5,5,main-source-tree,各标准memspec、命令状态、core/interface计算,当前HBM34对应实现,ramulator2/DRAMPower/src/DRAMPower,inherited-from-ancestor
ramulator2/DRAMPower/src/DRAMPower/DRAMPower/data,directory,,3,3,main-source-tree,各标准memspec、命令状态、core/interface计算,当前HBM34对应实现,ramulator2/DRAMPower/src/DRAMPower,inherited-from-ancestor
ramulator2/DRAMPower/src/DRAMPower/DRAMPower/dram,directory,,8,8,main-source-tree,各标准memspec、命令状态、core/interface计算,当前HBM34对应实现,ramulator2/DRAMPower/src/DRAMPower,inherited-from-ancestor
ramulator2/DRAMPower/src/DRAMPower/DRAMPower/factory,directory,,2,2,main-source-tree,各标准memspec、命令状态、core/interface计算,当前HBM34对应实现,ramulator2/DRAMPower/src/DRAMPower,inherited-from-ancestor
ramulator2/DRAMPower/src/DRAMPower/DRAMPower/memspec,directory,,14,14,main-source-tree,各标准memspec、命令状态、core/interface计算,当前HBM34对应实现,ramulator2/DRAMPower/src/DRAMPower,inherited-from-ancestor
ramulator2/DRAMPower/src/DRAMPower/DRAMPower/simconfig,directory,,1,1,main-source-tree,各标准memspec、命令状态、core/interface计算,当前HBM34对应实现,ramulator2/DRAMPower/src/DRAMPower,inherited-from-ancestor
ramulator2/DRAMPower/src/DRAMPower/DRAMPower/standards,directory,,1,61,main-source-tree,各标准memspec、命令状态、core/interface计算,当前HBM34对应实现,ramulator2/DRAMPower/src/DRAMPower,inherited-from-ancestor
ramulator2/DRAMPower/src/DRAMPower/DRAMPower/standards/hbm2,directory,,15,15,main-source-tree,各标准memspec、命令状态、core/interface计算,当前HBM34对应实现,ramulator2/DRAMPower/src/DRAMPower,inherited-from-ancestor
ramulator2/DRAMPower/src/DRAMPower/DRAMPower/standards/hbm3,directory,,1,1,main-source-tree,各标准memspec、命令状态、core/interface计算,当前HBM34对应实现,ramulator2/DRAMPower/src/DRAMPower,inherited-from-ancestor
ramulator2/DRAMPower/src/DRAMPower/DRAMPower/standards/hbm34,directory,,6,6,main-source-tree,各标准memspec、命令状态、core/interface计算,当前HBM34对应实现,ramulator2/DRAMPower/src/DRAMPower,inherited-from-ancestor
ramulator2/DRAMPower/src/DRAMPower/DRAMPower/standards/hbm4,directory,,1,1,main-source-tree,各标准memspec、命令状态、core/interface计算,当前HBM34对应实现,ramulator2/DRAMPower/src/DRAMPower,inherited-from-ancestor
ramulator2/DRAMPower/src/DRAMPower/DRAMPower/standards/lpddr4,directory,,11,11,main-source-tree,各标准memspec、命令状态、core/interface计算,当前HBM34对应实现,ramulator2/DRAMPower/src/DRAMPower,inherited-from-ancestor
ramulator2/DRAMPower/src/DRAMPower/DRAMPower/standards/lpddr5,directory,,11,11,main-source-tree,各标准memspec、命令状态、core/interface计算,当前HBM34对应实现,ramulator2/DRAMPower/src/DRAMPower,inherited-from-ancestor
ramulator2/DRAMPower/src/DRAMPower/DRAMPower/standards/lpddr6,directory,,15,15,main-source-tree,各标准memspec、命令状态、core/interface计算,当前HBM34对应实现,ramulator2/DRAMPower/src/DRAMPower,inherited-from-ancestor
ramulator2/DRAMPower/src/DRAMPower/DRAMPower/util,directory,,32,32,main-source-tree,各标准memspec、命令状态、core/interface计算,当前HBM34对应实现,ramulator2/DRAMPower/src/DRAMPower,inherited-from-ancestor
ramulator2/DRAMPower/src/cli,directory,,1,12,main-source-tree,功耗库独立CLI,整机不通过CLI驱动响应,ramulator2/DRAMPower/src/cli,manual
ramulator2/DRAMPower/src/cli/lib,directory,,1,7,main-source-tree,功耗库独立CLI,整机不通过CLI驱动响应,ramulator2/DRAMPower/src/cli,inherited-from-ancestor
ramulator2/DRAMPower/src/cli/lib/DRAMPower,directory,,0,6,main-source-tree,功耗库独立CLI,整机不通过CLI驱动响应,ramulator2/DRAMPower/src/cli,inherited-from-ancestor
ramulator2/DRAMPower/src/cli/lib/DRAMPower/cli,directory,,6,6,main-source-tree,功耗库独立CLI,整机不通过CLI驱动响应,ramulator2/DRAMPower/src/cli,inherited-from-ancestor
ramulator2/DRAMPower/src/cli/main,directory,,4,4,main-source-tree,功耗库独立CLI,整机不通过CLI驱动响应,ramulator2/DRAMPower/src/cli,inherited-from-ancestor
ramulator2/DRAMPower/tests,directory,,1,100,main-source-tree,功耗库自身测试,独立测试,ramulator2/DRAMPower/tests,manual
ramulator2/DRAMPower/tests/tests_drampower,directory,,1,88,main-source-tree,功耗库自身测试,独立测试,ramulator2/DRAMPower/tests,inherited-from-ancestor
ramulator2/DRAMPower/tests/tests_drampower/base,directory,,3,3,main-source-tree,功耗库自身测试,独立测试,ramulator2/DRAMPower/tests,inherited-from-ancestor
ramulator2/DRAMPower/tests/tests_drampower/core,directory,,0,67,main-source-tree,功耗库自身测试,独立测试,ramulator2/DRAMPower/tests,inherited-from-ancestor
ramulator2/DRAMPower/tests/tests_drampower/core/HBM2,directory,,1,1,main-source-tree,功耗库自身测试,独立测试,ramulator2/DRAMPower/tests,inherited-from-ancestor
ramulator2/DRAMPower/tests/tests_drampower/core/HBM34,directory,,1,1,main-source-tree,功耗库自身测试,独立测试,ramulator2/DRAMPower/tests,inherited-from-ancestor
ramulator2/DRAMPower/tests/tests_drampower/core/LPDDR4,directory,,21,21,main-source-tree,功耗库自身测试,独立测试,ramulator2/DRAMPower/tests,inherited-from-ancestor
ramulator2/DRAMPower/tests/tests_drampower/core/LPDDR5,directory,,24,24,main-source-tree,功耗库自身测试,独立测试,ramulator2/DRAMPower/tests,inherited-from-ancestor
ramulator2/DRAMPower/tests/tests_drampower/core/LPDDR6,directory,,20,20,main-source-tree,功耗库自身测试,独立测试,ramulator2/DRAMPower/tests,inherited-from-ancestor
ramulator2/DRAMPower/tests/tests_drampower/interface,directory,,8,8,main-source-tree,功耗库自身测试,独立测试,ramulator2/DRAMPower/tests,inherited-from-ancestor
ramulator2/DRAMPower/tests/tests_drampower/resources,directory,,9,9,main-source-tree,功耗库自身测试,独立测试,ramulator2/DRAMPower/tests,inherited-from-ancestor
ramulator2/DRAMPower/tests/tests_misc,directory,,11,11,main-source-tree,功耗库自身测试,独立测试,ramulator2/DRAMPower/tests,inherited-from-ancestor
ramulator2/examples,directory,,8,21,main-source-tree,standalone配置、程序、trace和power spec,独立示例，不是当前三源系统入口,ramulator2/examples,manual
ramulator2/examples/bin,directory,,1,1,main-source-tree,standalone示例程序资源,示例,ramulator2/examples/bin,manual
ramulator2/examples/power_specs,directory,,8,8,main-source-tree,功耗memspec示例,在线配置优先生成matching memspec,ramulator2/examples/power_specs,manual
ramulator2/examples/traces,directory,,4,4,main-source-tree,示例访存trace,固定输入,ramulator2/examples/traces,manual
ramulator2/ext,directory,,1,606,main-source-tree,原生依赖辅助/缓存位置，如fmt与yaml-cpp,当前统一构建实际使用锁定用户缓存，不能以此判断实际依赖版本,ramulator2/ext,manual
ramulator2/ext/fmt,directory,,7,211,main-source-tree,原生依赖辅助/缓存位置，如fmt与yaml-cpp,当前统一构建实际使用锁定用户缓存，不能以此判断实际依赖版本,ramulator2/ext,inherited-from-ancestor
ramulator2/ext/fmt/.github,directory,,3,10,main-source-tree,原生依赖辅助/缓存位置，如fmt与yaml-cpp,当前统一构建实际使用锁定用户缓存，不能以此判断实际依赖版本,ramulator2/ext,inherited-from-ancestor
ramulator2/ext/fmt/.github/workflows,directory,,7,7,main-source-tree,原生依赖辅助/缓存位置，如fmt与yaml-cpp,当前统一构建实际使用锁定用户缓存，不能以此判断实际依赖版本,ramulator2/ext,inherited-from-ancestor
ramulator2/ext/fmt/doc,directory,,10,91,main-source-tree,原生依赖辅助/缓存位置，如fmt与yaml-cpp,当前统一构建实际使用锁定用户缓存，不能以此判断实际依赖版本,ramulator2/ext,inherited-from-ancestor
ramulator2/ext/fmt/doc/_static,directory,,2,6,main-source-tree,原生依赖辅助/缓存位置，如fmt与yaml-cpp,当前统一构建实际使用锁定用户缓存，不能以此判断实际依赖版本,ramulator2/ext,inherited-from-ancestor
ramulator2/ext/fmt/doc/_static/fonts,directory,,4,4,main-source-tree,原生依赖辅助/缓存位置，如fmt与yaml-cpp,当前统一构建实际使用锁定用户缓存，不能以此判断实际依赖版本,ramulator2/ext,inherited-from-ancestor
ramulator2/ext/fmt/doc/_templates,directory,,2,2,main-source-tree,原生依赖辅助/缓存位置，如fmt与yaml-cpp,当前统一构建实际使用锁定用户缓存，不能以此判断实际依赖版本,ramulator2/ext,inherited-from-ancestor
ramulator2/ext/fmt/doc/basic-bootstrap,directory,,3,3,main-source-tree,原生依赖辅助/缓存位置，如fmt与yaml-cpp,当前统一构建实际使用锁定用户缓存，不能以此判断实际依赖版本,ramulator2/ext,inherited-from-ancestor
ramulator2/ext/fmt/doc/bootstrap,directory,,41,70,main-source-tree,原生依赖辅助/缓存位置，如fmt与yaml-cpp,当前统一构建实际使用锁定用户缓存，不能以此判断实际依赖版本,ramulator2/ext,inherited-from-ancestor
ramulator2/ext/fmt/doc/bootstrap/mixins,directory,,29,29,main-source-tree,原生依赖辅助/缓存位置，如fmt与yaml-cpp,当前统一构建实际使用锁定用户缓存，不能以此判断实际依赖版本,ramulator2/ext,inherited-from-ancestor
ramulator2/ext/fmt/include,directory,,0,13,main-source-tree,原生依赖辅助/缓存位置，如fmt与yaml-cpp,当前统一构建实际使用锁定用户缓存，不能以此判断实际依赖版本,ramulator2/ext,inherited-from-ancestor
ramulator2/ext/fmt/include/fmt,directory,,13,13,main-source-tree,原生依赖辅助/缓存位置，如fmt与yaml-cpp,当前统一构建实际使用锁定用户缓存，不能以此判断实际依赖版本,ramulator2/ext,inherited-from-ancestor
ramulator2/ext/fmt/src,directory,,3,3,main-source-tree,原生依赖辅助/缓存位置，如fmt与yaml-cpp,当前统一构建实际使用锁定用户缓存，不能以此判断实际依赖版本,ramulator2/ext,inherited-from-ancestor
ramulator2/ext/fmt/support,directory,,11,23,main-source-tree,原生依赖辅助/缓存位置，如fmt与yaml-cpp,当前统一构建实际使用锁定用户缓存，不能以此判断实际依赖版本,ramulator2/ext,inherited-from-ancestor
ramulator2/ext/fmt/support/bazel,directory,,4,4,main-source-tree,原生依赖辅助/缓存位置，如fmt与yaml-cpp,当前统一构建实际使用锁定用户缓存，不能以此判断实际依赖版本,ramulator2/ext,inherited-from-ancestor
ramulator2/ext/fmt/support/cmake,directory,,4,4,main-source-tree,原生依赖辅助/缓存位置，如fmt与yaml-cpp,当前统一构建实际使用锁定用户缓存，不能以此判断实际依赖版本,ramulator2/ext,inherited-from-ancestor
ramulator2/ext/fmt/support/rtd,directory,,2,4,main-source-tree,原生依赖辅助/缓存位置，如fmt与yaml-cpp,当前统一构建实际使用锁定用户缓存，不能以此判断实际依赖版本,ramulator2/ext,inherited-from-ancestor
ramulator2/ext/fmt/support/rtd/theme,directory,,2,2,main-source-tree,原生依赖辅助/缓存位置，如fmt与yaml-cpp,当前统一构建实际使用锁定用户缓存，不能以此判断实际依赖版本,ramulator2/ext,inherited-from-ancestor
ramulator2/ext/fmt/test,directory,,35,64,main-source-tree,原生依赖辅助/缓存位置，如fmt与yaml-cpp,当前统一构建实际使用锁定用户缓存，不能以此判断实际依赖版本,ramulator2/ext,inherited-from-ancestor
ramulator2/ext/fmt/test/add-subdirectory-test,directory,,2,2,main-source-tree,原生依赖辅助/缓存位置，如fmt与yaml-cpp,当前统一构建实际使用锁定用户缓存，不能以此判断实际依赖版本,ramulator2/ext,inherited-from-ancestor
ramulator2/ext/fmt/test/compile-error-test,directory,,1,1,main-source-tree,原生依赖辅助/缓存位置，如fmt与yaml-cpp,当前统一构建实际使用锁定用户缓存，不能以此判断实际依赖版本,ramulator2/ext,inherited-from-ancestor
ramulator2/ext/fmt/test/cuda-test,directory,,3,3,main-source-tree,原生依赖辅助/缓存位置，如fmt与yaml-cpp,当前统一构建实际使用锁定用户缓存，不能以此判断实际依赖版本,ramulator2/ext,inherited-from-ancestor
ramulator2/ext/fmt/test/find-package-test,directory,,2,2,main-source-tree,原生依赖辅助/缓存位置，如fmt与yaml-cpp,当前统一构建实际使用锁定用户缓存，不能以此判断实际依赖版本,ramulator2/ext,inherited-from-ancestor
ramulator2/ext/fmt/test/fuzzing,directory,,12,12,main-source-tree,原生依赖辅助/缓存位置，如fmt与yaml-cpp,当前统一构建实际使用锁定用户缓存，不能以此判断实际依赖版本,ramulator2/ext,inherited-from-ancestor
ramulator2/ext/fmt/test/gtest,directory,,3,6,main-source-tree,原生依赖辅助/缓存位置，如fmt与yaml-cpp,当前统一构建实际使用锁定用户缓存，不能以此判断实际依赖版本,ramulator2/ext,inherited-from-ancestor
ramulator2/ext/fmt/test/gtest/gmock,directory,,1,1,main-source-tree,原生依赖辅助/缓存位置，如fmt与yaml-cpp,当前统一构建实际使用锁定用户缓存，不能以此判断实际依赖版本,ramulator2/ext,inherited-from-ancestor
ramulator2/ext/fmt/test/gtest/gtest,directory,,2,2,main-source-tree,原生依赖辅助/缓存位置，如fmt与yaml-cpp,当前统一构建实际使用锁定用户缓存，不能以此判断实际依赖版本,ramulator2/ext,inherited-from-ancestor
ramulator2/ext/fmt/test/static-export-test,directory,,3,3,main-source-tree,原生依赖辅助/缓存位置，如fmt与yaml-cpp,当前统一构建实际使用锁定用户缓存，不能以此判断实际依赖版本,ramulator2/ext,inherited-from-ancestor
ramulator2/ext/yaml-cpp,directory,,16,394,main-source-tree,原生依赖辅助/缓存位置，如fmt与yaml-cpp,当前统一构建实际使用锁定用户缓存，不能以此判断实际依赖版本,ramulator2/ext,inherited-from-ancestor
ramulator2/ext/yaml-cpp/.github,directory,,1,3,main-source-tree,原生依赖辅助/缓存位置，如fmt与yaml-cpp,当前统一构建实际使用锁定用户缓存，不能以此判断实际依赖版本,ramulator2/ext,inherited-from-ancestor
ramulator2/ext/yaml-cpp/.github/workflows,directory,,2,2,main-source-tree,原生依赖辅助/缓存位置，如fmt与yaml-cpp,当前统一构建实际使用锁定用户缓存，不能以此判断实际依赖版本,ramulator2/ext,inherited-from-ancestor
ramulator2/ext/yaml-cpp/docs,directory,,7,7,main-source-tree,原生依赖辅助/缓存位置，如fmt与yaml-cpp,当前统一构建实际使用锁定用户缓存，不能以此判断实际依赖版本,ramulator2/ext,inherited-from-ancestor
ramulator2/ext/yaml-cpp/include,directory,,0,38,main-source-tree,原生依赖辅助/缓存位置，如fmt与yaml-cpp,当前统一构建实际使用锁定用户缓存，不能以此判断实际依赖版本,ramulator2/ext,inherited-from-ancestor
ramulator2/ext/yaml-cpp/include/yaml-cpp,directory,,20,38,main-source-tree,原生依赖辅助/缓存位置，如fmt与yaml-cpp,当前统一构建实际使用锁定用户缓存，不能以此判断实际依赖版本,ramulator2/ext,inherited-from-ancestor
ramulator2/ext/yaml-cpp/include/yaml-cpp/contrib,directory,,2,2,main-source-tree,原生依赖辅助/缓存位置，如fmt与yaml-cpp,当前统一构建实际使用锁定用户缓存，不能以此判断实际依赖版本,ramulator2/ext,inherited-from-ancestor
ramulator2/ext/yaml-cpp/include/yaml-cpp/node,directory,,8,16,main-source-tree,原生依赖辅助/缓存位置，如fmt与yaml-cpp,当前统一构建实际使用锁定用户缓存，不能以此判断实际依赖版本,ramulator2/ext,inherited-from-ancestor
ramulator2/ext/yaml-cpp/include/yaml-cpp/node/detail,directory,,8,8,main-source-tree,原生依赖辅助/缓存位置，如fmt与yaml-cpp,当前统一构建实际使用锁定用户缓存，不能以此判断实际依赖版本,ramulator2/ext,inherited-from-ancestor
ramulator2/ext/yaml-cpp/src,directory,,51,57,main-source-tree,原生依赖辅助/缓存位置，如fmt与yaml-cpp,当前统一构建实际使用锁定用户缓存，不能以此判断实际依赖版本,ramulator2/ext,inherited-from-ancestor
ramulator2/ext/yaml-cpp/src/contrib,directory,,6,6,main-source-tree,原生依赖辅助/缓存位置，如fmt与yaml-cpp,当前统一构建实际使用锁定用户缓存，不能以此判断实际依赖版本,ramulator2/ext,inherited-from-ancestor
ramulator2/ext/yaml-cpp/test,directory,,11,268,main-source-tree,原生依赖辅助/缓存位置，如fmt与yaml-cpp,当前统一构建实际使用锁定用户缓存，不能以此判断实际依赖版本,ramulator2/ext,inherited-from-ancestor
ramulator2/ext/yaml-cpp/test/cmake,directory,,2,2,main-source-tree,原生依赖辅助/缓存位置，如fmt与yaml-cpp,当前统一构建实际使用锁定用户缓存，不能以此判断实际依赖版本,ramulator2/ext,inherited-from-ancestor
ramulator2/ext/yaml-cpp/test/googletest-1.13.0,directory,,9,244,main-source-tree,原生依赖辅助/缓存位置，如fmt与yaml-cpp,当前统一构建实际使用锁定用户缓存，不能以此判断实际依赖版本,ramulator2/ext,inherited-from-ancestor
ramulator2/ext/yaml-cpp/test/googletest-1.13.0/.github,directory,,0,4,main-source-tree,原生依赖辅助/缓存位置，如fmt与yaml-cpp,当前统一构建实际使用锁定用户缓存，不能以此判断实际依赖版本,ramulator2/ext,inherited-from-ancestor
ramulator2/ext/yaml-cpp/test/googletest-1.13.0/.github/ISSUE_TEMPLATE,directory,,3,3,main-source-tree,原生依赖辅助/缓存位置，如fmt与yaml-cpp,当前统一构建实际使用锁定用户缓存，不能以此判断实际依赖版本,ramulator2/ext,inherited-from-ancestor
ramulator2/ext/yaml-cpp/test/googletest-1.13.0/.github/workflows,directory,,1,1,main-source-tree,原生依赖辅助/缓存位置，如fmt与yaml-cpp,当前统一构建实际使用锁定用户缓存，不能以此判断实际依赖版本,ramulator2/ext,inherited-from-ancestor
ramulator2/ext/yaml-cpp/test/googletest-1.13.0/ci,directory,,3,3,main-source-tree,原生依赖辅助/缓存位置，如fmt与yaml-cpp,当前统一构建实际使用锁定用户缓存，不能以此判断实际依赖版本,ramulator2/ext,inherited-from-ancestor
ramulator2/ext/yaml-cpp/test/googletest-1.13.0/docs,directory,,15,24,main-source-tree,原生依赖辅助/缓存位置，如fmt与yaml-cpp,当前统一构建实际使用锁定用户缓存，不能以此判断实际依赖版本,ramulator2/ext,inherited-from-ancestor
ramulator2/ext/yaml-cpp/test/googletest-1.13.0/docs/_data,directory,,1,1,main-source-tree,原生依赖辅助/缓存位置，如fmt与yaml-cpp,当前统一构建实际使用锁定用户缓存，不能以此判断实际依赖版本,ramulator2/ext,inherited-from-ancestor
ramulator2/ext/yaml-cpp/test/googletest-1.13.0/docs/_layouts,directory,,1,1,main-source-tree,原生依赖辅助/缓存位置，如fmt与yaml-cpp,当前统一构建实际使用锁定用户缓存，不能以此判断实际依赖版本,ramulator2/ext,inherited-from-ancestor
ramulator2/ext/yaml-cpp/test/googletest-1.13.0/docs/_sass,directory,,1,1,main-source-tree,原生依赖辅助/缓存位置，如fmt与yaml-cpp,当前统一构建实际使用锁定用户缓存，不能以此判断实际依赖版本,ramulator2/ext,inherited-from-ancestor
ramulator2/ext/yaml-cpp/test/googletest-1.13.0/docs/assets,directory,,0,1,main-source-tree,原生依赖辅助/缓存位置，如fmt与yaml-cpp,当前统一构建实际使用锁定用户缓存，不能以此判断实际依赖版本,ramulator2/ext,inherited-from-ancestor
ramulator2/ext/yaml-cpp/test/googletest-1.13.0/docs/assets/css,directory,,1,1,main-source-tree,原生依赖辅助/缓存位置，如fmt与yaml-cpp,当前统一构建实际使用锁定用户缓存，不能以此判断实际依赖版本,ramulator2/ext,inherited-from-ancestor
ramulator2/ext/yaml-cpp/test/googletest-1.13.0/docs/reference,directory,,5,5,main-source-tree,原生依赖辅助/缓存位置，如fmt与yaml-cpp,当前统一构建实际使用锁定用户缓存，不能以此判断实际依赖版本,ramulator2/ext,inherited-from-ancestor
ramulator2/ext/yaml-cpp/test/googletest-1.13.0/googlemock,directory,,2,57,main-source-tree,原生依赖辅助/缓存位置，如fmt与yaml-cpp,当前统一构建实际使用锁定用户缓存，不能以此判断实际依赖版本,ramulator2/ext,inherited-from-ancestor
ramulator2/ext/yaml-cpp/test/googletest-1.13.0/googlemock/cmake,directory,,2,2,main-source-tree,原生依赖辅助/缓存位置，如fmt与yaml-cpp,当前统一构建实际使用锁定用户缓存，不能以此判断实际依赖版本,ramulator2/ext,inherited-from-ancestor
ramulator2/ext/yaml-cpp/test/googletest-1.13.0/googlemock/docs,directory,,1,1,main-source-tree,原生依赖辅助/缓存位置，如fmt与yaml-cpp,当前统一构建实际使用锁定用户缓存，不能以此判断实际依赖版本,ramulator2/ext,inherited-from-ancestor
ramulator2/ext/yaml-cpp/test/googletest-1.13.0/googlemock/include,directory,,0,16,main-source-tree,原生依赖辅助/缓存位置，如fmt与yaml-cpp,当前统一构建实际使用锁定用户缓存，不能以此判断实际依赖版本,ramulator2/ext,inherited-from-ancestor
ramulator2/ext/yaml-cpp/test/googletest-1.13.0/googlemock/include/gmock,directory,,9,16,main-source-tree,原生依赖辅助/缓存位置，如fmt与yaml-cpp,当前统一构建实际使用锁定用户缓存，不能以此判断实际依赖版本,ramulator2/ext,inherited-from-ancestor
ramulator2/ext/yaml-cpp/test/googletest-1.13.0/googlemock/include/gmock/internal,directory,,3,7,main-source-tree,原生依赖辅助/缓存位置，如fmt与yaml-cpp,当前统一构建实际使用锁定用户缓存，不能以此判断实际依赖版本,ramulator2/ext,inherited-from-ancestor
ramulator2/ext/yaml-cpp/test/googletest-1.13.0/googlemock/include/gmock/internal/custom,directory,,4,4,main-source-tree,原生依赖辅助/缓存位置，如fmt与yaml-cpp,当前统一构建实际使用锁定用户缓存，不能以此判断实际依赖版本,ramulator2/ext,inherited-from-ancestor
ramulator2/ext/yaml-cpp/test/googletest-1.13.0/googlemock/src,directory,,7,7,main-source-tree,原生依赖辅助/缓存位置，如fmt与yaml-cpp,当前统一构建实际使用锁定用户缓存，不能以此判断实际依赖版本,ramulator2/ext,inherited-from-ancestor
ramulator2/ext/yaml-cpp/test/googletest-1.13.0/googlemock/test,directory,,29,29,main-source-tree,原生依赖辅助/缓存位置，如fmt与yaml-cpp,当前统一构建实际使用锁定用户缓存，不能以此判断实际依赖版本,ramulator2/ext,inherited-from-ancestor
ramulator2/ext/yaml-cpp/test/googletest-1.13.0/googletest,directory,,2,147,main-source-tree,原生依赖辅助/缓存位置，如fmt与yaml-cpp,当前统一构建实际使用锁定用户缓存，不能以此判断实际依赖版本,ramulator2/ext,inherited-from-ancestor
ramulator2/ext/yaml-cpp/test/googletest-1.13.0/googletest/cmake,directory,,5,5,main-source-tree,原生依赖辅助/缓存位置，如fmt与yaml-cpp,当前统一构建实际使用锁定用户缓存，不能以此判断实际依赖版本,ramulator2/ext,inherited-from-ancestor
ramulator2/ext/yaml-cpp/test/googletest-1.13.0/googletest/docs,directory,,1,1,main-source-tree,原生依赖辅助/缓存位置，如fmt与yaml-cpp,当前统一构建实际使用锁定用户缓存，不能以此判断实际依赖版本,ramulator2/ext,inherited-from-ancestor
ramulator2/ext/yaml-cpp/test/googletest-1.13.0/googletest/include,directory,,0,24,main-source-tree,原生依赖辅助/缓存位置，如fmt与yaml-cpp,当前统一构建实际使用锁定用户缓存，不能以此判断实际依赖版本,ramulator2/ext,inherited-from-ancestor
ramulator2/ext/yaml-cpp/test/googletest-1.13.0/googletest/include/gtest,directory,,12,24,main-source-tree,原生依赖辅助/缓存位置，如fmt与yaml-cpp,当前统一构建实际使用锁定用户缓存，不能以此判断实际依赖版本,ramulator2/ext,inherited-from-ancestor
ramulator2/ext/yaml-cpp/test/googletest-1.13.0/googletest/include/gtest/internal,directory,,8,12,main-source-tree,原生依赖辅助/缓存位置，如fmt与yaml-cpp,当前统一构建实际使用锁定用户缓存，不能以此判断实际依赖版本,ramulator2/ext,inherited-from-ancestor
ramulator2/ext/yaml-cpp/test/googletest-1.13.0/googletest/include/gtest/internal/custom,directory,,4,4,main-source-tree,原生依赖辅助/缓存位置，如fmt与yaml-cpp,当前统一构建实际使用锁定用户缓存，不能以此判断实际依赖版本,ramulator2/ext,inherited-from-ancestor
ramulator2/ext/yaml-cpp/test/googletest-1.13.0/googletest/samples,directory,,18,18,main-source-tree,原生依赖辅助/缓存位置，如fmt与yaml-cpp,当前统一构建实际使用锁定用户缓存，不能以此判断实际依赖版本,ramulator2/ext,inherited-from-ancestor
ramulator2/ext/yaml-cpp/test/googletest-1.13.0/googletest/src,directory,,12,12,main-source-tree,原生依赖辅助/缓存位置，如fmt与yaml-cpp,当前统一构建实际使用锁定用户缓存，不能以此判断实际依赖版本,ramulator2/ext,inherited-from-ancestor
ramulator2/ext/yaml-cpp/test/googletest-1.13.0/googletest/test,directory,,85,85,main-source-tree,原生依赖辅助/缓存位置，如fmt与yaml-cpp,当前统一构建实际使用锁定用户缓存，不能以此判断实际依赖版本,ramulator2/ext,inherited-from-ancestor
ramulator2/ext/yaml-cpp/test/integration,directory,,10,10,main-source-tree,原生依赖辅助/缓存位置，如fmt与yaml-cpp,当前统一构建实际使用锁定用户缓存，不能以此判断实际依赖版本,ramulator2/ext,inherited-from-ancestor
ramulator2/ext/yaml-cpp/test/node,directory,,1,1,main-source-tree,原生依赖辅助/缓存位置，如fmt与yaml-cpp,当前统一构建实际使用锁定用户缓存，不能以此判断实际依赖版本,ramulator2/ext,inherited-from-ancestor
ramulator2/ext/yaml-cpp/util,directory,,5,5,main-source-tree,原生依赖辅助/缓存位置，如fmt与yaml-cpp,当前统一构建实际使用锁定用户缓存，不能以此判断实际依赖版本,ramulator2/ext,inherited-from-ancestor
ramulator2/integration,directory,,5,7,main-source-tree,online.h/online.cpp/online.map及check_online.py,当前ssr_*在线ABI、ISSUE/SERVICE事件和库契约测试,ramulator2/integration,manual
ramulator2/integration/__pycache__,directory,,2,2,generated-cache,Python自动生成的bytecode缓存,本地产物，不维护源码、不提交,__pycache__,directory-type-rule
ramulator2/python,directory,,0,137,main-source-tree,DRAM 控制器/行为/功耗,普通主仓库源码,ramulator2,inherited-from-ancestor
ramulator2/python/ramulator,directory,,11,137,main-source-tree,Python对象、配置、DRAM DSL、codegen、CLI和power.py,构建/配置能力；power.py是文件,ramulator2/python/ramulator,manual
ramulator2/python/ramulator/__pycache__,directory,,6,6,generated-cache,Python自动生成的bytecode缓存,本地产物，不维护源码、不提交,__pycache__,directory-type-rule
ramulator2/python/ramulator/addr_mapper,directory,,6,12,main-source-tree,控制器地址映射配置,配置层,ramulator2/python/ramulator/addr_mapper,manual
ramulator2/python/ramulator/addr_mapper/__pycache__,directory,,6,6,generated-cache,Python自动生成的bytecode缓存,本地产物，不维护源码、不提交,__pycache__,directory-type-rule
ramulator2/python/ramulator/channel_mapper,directory,,4,8,main-source-tree,channel映射配置,配置层,ramulator2/python/ramulator/channel_mapper,manual
ramulator2/python/ramulator/channel_mapper/__pycache__,directory,,4,4,generated-cache,Python自动生成的bytecode缓存,本地产物，不维护源码、不提交,__pycache__,directory-type-rule
ramulator2/python/ramulator/controller,directory,,4,8,main-source-tree,控制器Python包装,配置层,ramulator2/python/ramulator/controller,manual
ramulator2/python/ramulator/controller/__pycache__,directory,,4,4,generated-cache,Python自动生成的bytecode缓存,本地产物，不维护源码、不提交,__pycache__,directory-type-rule
ramulator2/python/ramulator/controller_plugin,directory,,18,36,main-source-tree,plugin Python包装,配置DRAMPower等能力,ramulator2/python/ramulator/controller_plugin,manual
ramulator2/python/ramulator/controller_plugin/__pycache__,directory,,18,18,generated-cache,Python自动生成的bytecode缓存,本地产物，不维护源码、不提交,__pycache__,directory-type-rule
ramulator2/python/ramulator/dram,directory,,6,12,main-source-tree,HBM/LPDDR组织和timing preset/DSL,生成展开配置和匹配memspec,ramulator2/python/ramulator/dram,manual
ramulator2/python/ramulator/dram/__pycache__,directory,,6,6,generated-cache,Python自动生成的bytecode缓存,本地产物，不维护源码、不提交,__pycache__,directory-type-rule
ramulator2/python/ramulator/frontend,directory,,7,14,main-source-tree,前端配置,当前External,ramulator2/python/ramulator/frontend,manual
ramulator2/python/ramulator/frontend/__pycache__,directory,,7,7,generated-cache,Python自动生成的bytecode缓存,本地产物，不维护源码、不提交,__pycache__,directory-type-rule
ramulator2/python/ramulator/memory_system,directory,,2,4,main-source-tree,多通道系统配置,当前GenericDRAM,ramulator2/python/ramulator/memory_system,manual
ramulator2/python/ramulator/memory_system/__pycache__,directory,,2,2,generated-cache,Python自动生成的bytecode缓存,本地产物，不维护源码、不提交,__pycache__,directory-type-rule
ramulator2/python/ramulator/refresh_manager,directory,,5,10,main-source-tree,刷新配置,配置层,ramulator2/python/ramulator/refresh_manager,manual
ramulator2/python/ramulator/refresh_manager/__pycache__,directory,,5,5,generated-cache,Python自动生成的bytecode缓存,本地产物，不维护源码、不提交,__pycache__,directory-type-rule
ramulator2/python/ramulator/row_policy,directory,,3,6,main-source-tree,行策略配置,配置层,ramulator2/python/ramulator/row_policy,manual
ramulator2/python/ramulator/row_policy/__pycache__,directory,,3,3,generated-cache,Python自动生成的bytecode缓存,本地产物，不维护源码、不提交,__pycache__,directory-type-rule
ramulator2/python/ramulator/scheduler,directory,,3,6,main-source-tree,调度配置,配置层,ramulator2/python/ramulator/scheduler,manual
ramulator2/python/ramulator/scheduler/__pycache__,directory,,3,3,generated-cache,Python自动生成的bytecode缓存,本地产物，不维护源码、不提交,__pycache__,directory-type-rule
ramulator2/python/ramulator/translation,directory,,2,4,main-source-tree,翻译配置,配置层,ramulator2/python/ramulator/translation,manual
ramulator2/python/ramulator/translation/__pycache__,directory,,2,2,generated-cache,Python自动生成的bytecode缓存,本地产物，不维护源码、不提交,__pycache__,directory-type-rule
ramulator2/resources,directory,,0,9,main-source-tree,DRAM 控制器/行为/功耗,普通主仓库源码,ramulator2,inherited-from-ancestor
ramulator2/resources/gem5_wrappers,directory,,9,9,main-source-tree,上游参考直接接入gem5的wrapper,当前使用FIFO+ssr_*接入，不用它绕过AXI/UCIe,ramulator2/resources/gem5_wrappers,manual
ramulator2/src,directory,,0,136,main-source-tree,原生C++实现,源码,ramulator2/src,manual
ramulator2/src/ramulator,directory,,1,136,main-source-tree,原生C++实现,源码,ramulator2/src,inherited-from-ancestor
ramulator2/src/ramulator/base,directory,,18,18,main-source-tree,Request、配置、factory、组件、日志和统计,所有模型共用基础,ramulator2/src/ramulator/base,manual
ramulator2/src/ramulator/controller,directory,,4,51,main-source-tree,队列、候选选择、实际发命令、完成和plugin观察,DRAM调度中心,ramulator2/src/ramulator/controller,manual
ramulator2/src/ramulator/controller/addr_mapper,directory,,3,9,main-source-tree,通道内地址映射为组织坐标,与全局channel mapper分层,ramulator2/src/ramulator/controller/addr_mapper,manual
ramulator2/src/ramulator/controller/addr_mapper/impl,directory,,6,6,main-source-tree,通道内地址映射为组织坐标,与全局channel mapper分层,ramulator2/src/ramulator/controller/addr_mapper,inherited-from-ancestor
ramulator2/src/ramulator/controller/impl,directory,,7,7,main-source-tree,HBM34及LPDDR控制器实现,当前默认HBM34控制器,ramulator2/src/ramulator/controller/impl,manual
ramulator2/src/ramulator/controller/plugin,directory,,3,20,main-source-tree,实际命令观察与扩展plugin,包含DRAMPower reporter,ramulator2/src/ramulator/controller/plugin,manual
ramulator2/src/ramulator/controller/plugin/impl,directory,,17,17,main-source-tree,DRAMPower等plugin实现,实际issue→功耗统计，不另行调度,ramulator2/src/ramulator/controller/plugin/impl,manual
ramulator2/src/ramulator/controller/refresh,directory,,1,5,main-source-tree,刷新管理,当前HBM34PerBankRefresh,ramulator2/src/ramulator/controller/refresh,manual
ramulator2/src/ramulator/controller/refresh/impl,directory,,4,4,main-source-tree,刷新管理,当前HBM34PerBankRefresh,ramulator2/src/ramulator/controller/refresh,inherited-from-ancestor
ramulator2/src/ramulator/controller/rowpolicy,directory,,1,3,main-source-tree,行开启/关闭策略,当前Open,ramulator2/src/ramulator/controller/rowpolicy,manual
ramulator2/src/ramulator/controller/rowpolicy/impl,directory,,2,2,main-source-tree,行开启/关闭策略,当前Open,ramulator2/src/ramulator/controller/rowpolicy,inherited-from-ancestor
ramulator2/src/ramulator/controller/scheduler,directory,,1,3,main-source-tree,调度策略,当前FRFCFSRowHit,ramulator2/src/ramulator/controller/scheduler,manual
ramulator2/src/ramulator/controller/scheduler/impl,directory,,2,2,main-source-tree,调度策略,当前FRFCFSRowHit,ramulator2/src/ramulator/controller/scheduler,inherited-from-ancestor
ramulator2/src/ramulator/dram,directory,,8,37,main-source-tree,spec/device/node、bank/row状态、ready time及issue更新,行为级DRAM状态与约束,ramulator2/src/ramulator/dram,manual
ramulator2/src/ramulator/dram/commands,directory,,25,25,main-source-tree,命令相关框架和定义支持,DRAM命令层,ramulator2/src/ramulator/dram/commands,manual
ramulator2/src/ramulator/dram/impl,directory,,4,4,main-source-tree,HBM3、HBM4、LPDDR5、LPDDR6编译后标准定义,当前默认HBM4，换标准须核对组织/控制器/功耗能力,ramulator2/src/ramulator/dram/impl,manual
ramulator2/src/ramulator/frontend,directory,,2,17,main-source-tree,外部请求或独立trace/CPU前端,当前选External，不在此生成第二个设备执行模型,ramulator2/src/ramulator/frontend,manual
ramulator2/src/ramulator/frontend/impl,directory,,1,15,main-source-tree,外部请求或独立trace/CPU前端,当前选External，不在此生成第二个设备执行模型,ramulator2/src/ramulator/frontend,inherited-from-ancestor
ramulator2/src/ramulator/frontend/impl/memory_trace,directory,,3,3,main-source-tree,外部请求或独立trace/CPU前端,当前选External，不在此生成第二个设备执行模型,ramulator2/src/ramulator/frontend,inherited-from-ancestor
ramulator2/src/ramulator/frontend/impl/processor,directory,,0,11,main-source-tree,外部请求或独立trace/CPU前端,当前选External，不在此生成第二个设备执行模型,ramulator2/src/ramulator/frontend,inherited-from-ancestor
ramulator2/src/ramulator/frontend/impl/processor/bhO3,directory,,6,6,main-source-tree,外部请求或独立trace/CPU前端,当前选External，不在此生成第二个设备执行模型,ramulator2/src/ramulator/frontend,inherited-from-ancestor
ramulator2/src/ramulator/frontend/impl/processor/simpleO3,directory,,5,5,main-source-tree,外部请求或独立trace/CPU前端,当前选External，不在此生成第二个设备执行模型,ramulator2/src/ramulator/frontend,inherited-from-ancestor
ramulator2/src/ramulator/memory_system,directory,,2,7,main-source-tree,GenericDRAM、多个channel/controller、send/tick和统计,外部child→通道控制器,ramulator2/src/ramulator/memory_system,manual
ramulator2/src/ramulator/memory_system/channel_mapper,directory,,1,4,main-source-tree,按transaction选择channel及通道内地址,默认CacheLineInterleave,ramulator2/src/ramulator/memory_system/channel_mapper,manual
ramulator2/src/ramulator/memory_system/channel_mapper/impl,directory,,3,3,main-source-tree,按transaction选择channel及通道内地址,默认CacheLineInterleave,ramulator2/src/ramulator/memory_system/channel_mapper,inherited-from-ancestor
ramulator2/src/ramulator/memory_system/impl,directory,,1,1,main-source-tree,GenericDRAM、多个channel/controller、send/tick和统计,外部child→通道控制器,ramulator2/src/ramulator/memory_system,inherited-from-ancestor
ramulator2/src/ramulator/python,directory,,2,2,main-source-tree,C++/Python绑定支持,当前在线构建Python bindings关闭,ramulator2/src/ramulator/python,manual
ramulator2/src/ramulator/translation,directory,,2,3,main-source-tree,可选地址翻译层,当前NoTranslation能力；不是gem5页表,ramulator2/src/ramulator/translation,manual
ramulator2/src/ramulator/translation/impl,directory,,1,1,main-source-tree,可选地址翻译层,当前NoTranslation能力；不是gem5页表,ramulator2/src/ramulator/translation,inherited-from-ancestor
ramulator2/tests,directory,,6,52,main-source-tree,DRAM组件、控制器、吞吐和功耗测试,原生/独立验证,ramulator2/tests,manual
ramulator2/tests/controller_scheduling,directory,,5,9,main-source-tree,控制器调度测试,组件验证,ramulator2/tests/controller_scheduling,manual
ramulator2/tests/controller_scheduling/HBMController,directory,,3,3,main-source-tree,控制器调度测试,组件验证,ramulator2/tests/controller_scheduling,inherited-from-ancestor
ramulator2/tests/controller_scheduling/examples,directory,,1,1,main-source-tree,控制器调度测试,组件验证,ramulator2/tests/controller_scheduling,inherited-from-ancestor
ramulator2/tests/device_timings,directory,,5,5,main-source-tree,DRAM命令timing测试,组件验证,ramulator2/tests/device_timings,manual
ramulator2/tests/latency_throughput,directory,,3,16,main-source-tree,延迟和吞吐实验,模型验证,ramulator2/tests/latency_throughput,manual
ramulator2/tests/latency_throughput/gem5_pytrafficgen,directory,,3,3,main-source-tree,延迟和吞吐实验,模型验证,ramulator2/tests/latency_throughput,inherited-from-ancestor
ramulator2/tests/latency_throughput/testcases,directory,,5,5,main-source-tree,延迟和吞吐实验,模型验证,ramulator2/tests/latency_throughput,inherited-from-ancestor
ramulator2/tests/latency_throughput/utils,directory,,5,5,main-source-tree,延迟和吞吐实验,模型验证,ramulator2/tests/latency_throughput,inherited-from-ancestor
ramulator2/tests/power,directory,,1,1,main-source-tree,功耗集成测试,模型验证,ramulator2/tests/power,manual
ramulator2/tests/smoke,directory,,3,8,main-source-tree,快速smoke,组件验证,ramulator2/tests/smoke,manual
ramulator2/tests/smoke/testcases,directory,,5,5,main-source-tree,快速smoke,组件验证,ramulator2/tests/smoke,inherited-from-ancestor
ramulator2/tests/unit_tests,directory,,6,6,main-source-tree,单元测试,组件验证,ramulator2/tests/unit_tests,manual
ramulator2/tests/utils,directory,,1,1,main-source-tree,公共测试工具,测试辅助,ramulator2/tests/utils,manual
ramulator2/visualizer,directory,,6,35,main-source-tree,Nuxt/WebGL独立trace可视化,当前整机静态HTML由gem5_axi/scripts生成,ramulator2/visualizer,manual
ramulator2/visualizer/app,directory,,2,23,main-source-tree,页面、组件、store、worker和renderer,独立前端,ramulator2/visualizer/app,manual
ramulator2/visualizer/app/assets,directory,,0,1,main-source-tree,页面、组件、store、worker和renderer,独立前端,ramulator2/visualizer/app,inherited-from-ancestor
ramulator2/visualizer/app/assets/css,directory,,1,1,main-source-tree,页面、组件、store、worker和renderer,独立前端,ramulator2/visualizer/app,inherited-from-ancestor
ramulator2/visualizer/app/components,directory,,0,6,main-source-tree,页面、组件、store、worker和renderer,独立前端,ramulator2/visualizer/app,inherited-from-ancestor
ramulator2/visualizer/app/components/Trace,directory,,6,6,main-source-tree,页面、组件、store、worker和renderer,独立前端,ramulator2/visualizer/app,inherited-from-ancestor
ramulator2/visualizer/app/composables,directory,,4,4,main-source-tree,页面、组件、store、worker和renderer,独立前端,ramulator2/visualizer/app,inherited-from-ancestor
ramulator2/visualizer/app/layouts,directory,,1,1,main-source-tree,页面、组件、store、worker和renderer,独立前端,ramulator2/visualizer/app,inherited-from-ancestor
ramulator2/visualizer/app/pages,directory,,1,3,main-source-tree,页面、组件、store、worker和renderer,独立前端,ramulator2/visualizer/app,inherited-from-ancestor
ramulator2/visualizer/app/pages/trace,directory,,2,2,main-source-tree,页面、组件、store、worker和renderer,独立前端,ramulator2/visualizer/app,inherited-from-ancestor
ramulator2/visualizer/app/stores,directory,,2,2,main-source-tree,页面、组件、store、worker和renderer,独立前端,ramulator2/visualizer/app,inherited-from-ancestor
ramulator2/visualizer/app/utils,directory,,3,3,main-source-tree,页面、组件、store、worker和renderer,独立前端,ramulator2/visualizer/app,inherited-from-ancestor
ramulator2/visualizer/app/workers,directory,,1,1,main-source-tree,页面、组件、store、worker和renderer,独立前端,ramulator2/visualizer/app,inherited-from-ancestor
ramulator2/visualizer/public,directory,,2,2,main-source-tree,静态资源,独立前端,ramulator2/visualizer/public,manual
ramulator2/visualizer/server,directory,,0,4,main-source-tree,trace加载/live streaming API,独立服务,ramulator2/visualizer/server,manual
ramulator2/visualizer/server/api,directory,,3,3,main-source-tree,trace加载/live streaming API,独立服务,ramulator2/visualizer/server,inherited-from-ancestor
ramulator2/visualizer/server/utils,directory,,1,1,main-source-tree,trace加载/live streaming API,独立服务,ramulator2/visualizer/server,inherited-from-ancestor
results,directory,,0,35522,simulation-results,仿真用例、证据、波形及视图,执行输出，不入 Git,results,manual
results/acceptance-compat-20260917,directory,,1,989,simulation-results,原RAM/simple、CPU反馈及observer透明性验收,兼容证据,results/acceptance-compat-20260917,manual
results/acceptance-compat-20260917/aou,directory,,4,805,simulation-results,原RAM/simple、CPU反馈及observer透明性验收,兼容证据,results/acceptance-compat-20260917,inherited-from-ancestor
results/acceptance-compat-20260917/aou/cpu,directory,,29,136,simulation-results,原RAM/simple、CPU反馈及observer透明性验收,兼容证据,results/acceptance-compat-20260917,inherited-from-ancestor
results/acceptance-compat-20260917/aou/cpu/hettrace,directory,,3,3,simulation-results,原RAM/simple、CPU反馈及observer透明性验收,兼容证据,results/acceptance-compat-20260917,inherited-from-ancestor
results/acceptance-compat-20260917/aou/cpu/trace_flits_data,directory,,94,94,simulation-results,原RAM/simple、CPU反馈及observer透明性验收,兼容证据,results/acceptance-compat-20260917,inherited-from-ancestor
results/acceptance-compat-20260917/aou/cpu/trace_paths_data,directory,,10,10,simulation-results,原RAM/simple、CPU反馈及observer透明性验收,兼容证据,results/acceptance-compat-20260917,inherited-from-ancestor
results/acceptance-compat-20260917/aou/directed,directory,,31,77,simulation-results,原RAM/simple、CPU反馈及observer透明性验收,兼容证据,results/acceptance-compat-20260917,inherited-from-ancestor
results/acceptance-compat-20260917/aou/directed/hettrace,directory,,3,3,simulation-results,原RAM/simple、CPU反馈及observer透明性验收,兼容证据,results/acceptance-compat-20260917,inherited-from-ancestor
results/acceptance-compat-20260917/aou/directed/trace_flits_data,directory,,37,37,simulation-results,原RAM/simple、CPU反馈及observer透明性验收,兼容证据,results/acceptance-compat-20260917,inherited-from-ancestor
results/acceptance-compat-20260917/aou/directed/trace_paths_data,directory,,6,6,simulation-results,原RAM/simple、CPU反馈及observer透明性验收,兼容证据,results/acceptance-compat-20260917,inherited-from-ancestor
results/acceptance-compat-20260917/aou/id_wrap,directory,,29,339,simulation-results,原RAM/simple、CPU反馈及observer透明性验收,兼容证据,results/acceptance-compat-20260917,inherited-from-ancestor
results/acceptance-compat-20260917/aou/id_wrap/hettrace,directory,,3,3,simulation-results,原RAM/simple、CPU反馈及observer透明性验收,兼容证据,results/acceptance-compat-20260917,inherited-from-ancestor
results/acceptance-compat-20260917/aou/id_wrap/trace_flits_data,directory,,279,279,simulation-results,原RAM/simple、CPU反馈及observer透明性验收,兼容证据,results/acceptance-compat-20260917,inherited-from-ancestor
results/acceptance-compat-20260917/aou/id_wrap/trace_paths_data,directory,,28,28,simulation-results,原RAM/simple、CPU反馈及observer透明性验收,兼容证据,results/acceptance-compat-20260917,inherited-from-ancestor
results/acceptance-compat-20260917/aou/period_3ns,directory,,31,77,simulation-results,原RAM/simple、CPU反馈及observer透明性验收,兼容证据,results/acceptance-compat-20260917,inherited-from-ancestor
results/acceptance-compat-20260917/aou/period_3ns/hettrace,directory,,3,3,simulation-results,原RAM/simple、CPU反馈及observer透明性验收,兼容证据,results/acceptance-compat-20260917,inherited-from-ancestor
results/acceptance-compat-20260917/aou/period_3ns/trace_flits_data,directory,,37,37,simulation-results,原RAM/simple、CPU反馈及observer透明性验收,兼容证据,results/acceptance-compat-20260917,inherited-from-ancestor
results/acceptance-compat-20260917/aou/period_3ns/trace_paths_data,directory,,6,6,simulation-results,原RAM/simple、CPU反馈及observer透明性验收,兼容证据,results/acceptance-compat-20260917,inherited-from-ancestor
results/acceptance-compat-20260917/aou/replay,directory,,31,77,simulation-results,原RAM/simple、CPU反馈及observer透明性验收,兼容证据,results/acceptance-compat-20260917,inherited-from-ancestor
results/acceptance-compat-20260917/aou/replay/hettrace,directory,,3,3,simulation-results,原RAM/simple、CPU反馈及observer透明性验收,兼容证据,results/acceptance-compat-20260917,inherited-from-ancestor
results/acceptance-compat-20260917/aou/replay/trace_flits_data,directory,,37,37,simulation-results,原RAM/simple、CPU反馈及observer透明性验收,兼容证据,results/acceptance-compat-20260917,inherited-from-ancestor
results/acceptance-compat-20260917/aou/replay/trace_paths_data,directory,,6,6,simulation-results,原RAM/simple、CPU反馈及observer透明性验收,兼容证据,results/acceptance-compat-20260917,inherited-from-ancestor
results/acceptance-compat-20260917/aou/rp2,directory,,31,76,simulation-results,原RAM/simple、CPU反馈及observer透明性验收,兼容证据,results/acceptance-compat-20260917,inherited-from-ancestor
results/acceptance-compat-20260917/aou/rp2/hettrace,directory,,3,3,simulation-results,原RAM/simple、CPU反馈及observer透明性验收,兼容证据,results/acceptance-compat-20260917,inherited-from-ancestor
results/acceptance-compat-20260917/aou/rp2/trace_flits_data,directory,,36,36,simulation-results,原RAM/simple、CPU反馈及observer透明性验收,兼容证据,results/acceptance-compat-20260917,inherited-from-ancestor
results/acceptance-compat-20260917/aou/rp2/trace_paths_data,directory,,6,6,simulation-results,原RAM/simple、CPU反馈及observer透明性验收,兼容证据,results/acceptance-compat-20260917,inherited-from-ancestor
results/acceptance-compat-20260917/aou/wave_audit,directory,,1,19,simulation-results,原RAM/simple、CPU反馈及observer透明性验收,兼容证据,results/acceptance-compat-20260917,inherited-from-ancestor
results/acceptance-compat-20260917/aou/wave_audit/cpu,directory,,3,3,simulation-results,原RAM/simple、CPU反馈及observer透明性验收,兼容证据,results/acceptance-compat-20260917,inherited-from-ancestor
results/acceptance-compat-20260917/aou/wave_audit/directed,directory,,3,3,simulation-results,原RAM/simple、CPU反馈及observer透明性验收,兼容证据,results/acceptance-compat-20260917,inherited-from-ancestor
results/acceptance-compat-20260917/aou/wave_audit/id_wrap,directory,,3,3,simulation-results,原RAM/simple、CPU反馈及observer透明性验收,兼容证据,results/acceptance-compat-20260917,inherited-from-ancestor
results/acceptance-compat-20260917/aou/wave_audit/period_3ns,directory,,3,3,simulation-results,原RAM/simple、CPU反馈及observer透明性验收,兼容证据,results/acceptance-compat-20260917,inherited-from-ancestor
results/acceptance-compat-20260917/aou/wave_audit/replay,directory,,3,3,simulation-results,原RAM/simple、CPU反馈及observer透明性验收,兼容证据,results/acceptance-compat-20260917,inherited-from-ancestor
results/acceptance-compat-20260917/aou/wave_audit/rp2,directory,,3,3,simulation-results,原RAM/simple、CPU反馈及observer透明性验收,兼容证据,results/acceptance-compat-20260917,inherited-from-ancestor
results/acceptance-compat-20260917/environment,directory,,8,8,simulation-results,原RAM/simple、CPU反馈及observer透明性验收,兼容证据,results/acceptance-compat-20260917,inherited-from-ancestor
results/acceptance-compat-20260917/feedback,directory,,0,63,simulation-results,原RAM/simple、CPU反馈及observer透明性验收,兼容证据,results/acceptance-compat-20260917,inherited-from-ancestor
results/acceptance-compat-20260917/feedback/cpu_l3,directory,,25,28,simulation-results,原RAM/simple、CPU反馈及observer透明性验收,兼容证据,results/acceptance-compat-20260917,inherited-from-ancestor
results/acceptance-compat-20260917/feedback/cpu_l3/hettrace,directory,,3,3,simulation-results,原RAM/simple、CPU反馈及observer透明性验收,兼容证据,results/acceptance-compat-20260917,inherited-from-ancestor
results/acceptance-compat-20260917/feedback/cpu_l9,directory,,25,28,simulation-results,原RAM/simple、CPU反馈及observer透明性验收,兼容证据,results/acceptance-compat-20260917,inherited-from-ancestor
results/acceptance-compat-20260917/feedback/cpu_l9/hettrace,directory,,3,3,simulation-results,原RAM/simple、CPU反馈及observer透明性验收,兼容证据,results/acceptance-compat-20260917,inherited-from-ancestor
results/acceptance-compat-20260917/feedback/wave_audit,directory,,1,7,simulation-results,原RAM/simple、CPU反馈及observer透明性验收,兼容证据,results/acceptance-compat-20260917,inherited-from-ancestor
results/acceptance-compat-20260917/feedback/wave_audit/cpu_l3,directory,,3,3,simulation-results,原RAM/simple、CPU反馈及observer透明性验收,兼容证据,results/acceptance-compat-20260917,inherited-from-ancestor
results/acceptance-compat-20260917/feedback/wave_audit/cpu_l9,directory,,3,3,simulation-results,原RAM/simple、CPU反馈及observer透明性验收,兼容证据,results/acceptance-compat-20260917,inherited-from-ancestor
results/acceptance-compat-20260917/observer_off,directory,,21,21,simulation-results,原RAM/simple、CPU反馈及observer透明性验收,兼容证据,results/acceptance-compat-20260917,inherited-from-ancestor
results/acceptance-compat-20260917/ram,directory,,2,91,simulation-results,原RAM/simple、CPU反馈及observer透明性验收,兼容证据,results/acceptance-compat-20260917,inherited-from-ancestor
results/acceptance-compat-20260917/ram/cpu,directory,,13,13,simulation-results,原RAM/simple、CPU反馈及observer透明性验收,兼容证据,results/acceptance-compat-20260917,inherited-from-ancestor
results/acceptance-compat-20260917/ram/directed,directory,,15,15,simulation-results,原RAM/simple、CPU反馈及observer透明性验收,兼容证据,results/acceptance-compat-20260917,inherited-from-ancestor
results/acceptance-compat-20260917/ram/period_3ns,directory,,15,15,simulation-results,原RAM/simple、CPU反馈及observer透明性验收,兼容证据,results/acceptance-compat-20260917,inherited-from-ancestor
results/acceptance-compat-20260917/ram/serial_l3,directory,,15,15,simulation-results,原RAM/simple、CPU反馈及observer透明性验收,兼容证据,results/acceptance-compat-20260917,inherited-from-ancestor
results/acceptance-compat-20260917/ram/serial_l9,directory,,15,15,simulation-results,原RAM/simple、CPU反馈及observer透明性验收,兼容证据,results/acceptance-compat-20260917,inherited-from-ancestor
results/acceptance-compat-20260917/ram/wave_audit,directory,,1,16,simulation-results,原RAM/simple、CPU反馈及observer透明性验收,兼容证据,results/acceptance-compat-20260917,inherited-from-ancestor
results/acceptance-compat-20260917/ram/wave_audit/cpu,directory,,3,3,simulation-results,原RAM/simple、CPU反馈及observer透明性验收,兼容证据,results/acceptance-compat-20260917,inherited-from-ancestor
results/acceptance-compat-20260917/ram/wave_audit/directed,directory,,3,3,simulation-results,原RAM/simple、CPU反馈及observer透明性验收,兼容证据,results/acceptance-compat-20260917,inherited-from-ancestor
results/acceptance-compat-20260917/ram/wave_audit/period_3ns,directory,,3,3,simulation-results,原RAM/simple、CPU反馈及observer透明性验收,兼容证据,results/acceptance-compat-20260917,inherited-from-ancestor
results/acceptance-compat-20260917/ram/wave_audit/serial_l3,directory,,3,3,simulation-results,原RAM/simple、CPU反馈及observer透明性验收,兼容证据,results/acceptance-compat-20260917,inherited-from-ancestor
results/acceptance-compat-20260917/ram/wave_audit/serial_l9,directory,,3,3,simulation-results,原RAM/simple、CPU反馈及observer透明性验收,兼容证据,results/acceptance-compat-20260917,inherited-from-ancestor
results/acceptance-metrics-api-20260918,directory,,1,59,simulation-results,仿真用例、证据、波形及视图,执行输出，不入 Git,results,inherited-from-ancestor
results/acceptance-metrics-api-20260918/fast,directory,,13,13,simulation-results,仿真用例、证据、波形及视图,执行输出，不入 Git,results,inherited-from-ancestor
results/acceptance-metrics-api-20260918/high_address,directory,,19,19,simulation-results,仿真用例、证据、波形及视图,执行输出，不入 Git,results,inherited-from-ancestor
results/acceptance-metrics-api-20260918/power_off,directory,,13,13,simulation-results,仿真用例、证据、波形及视图,执行输出，不入 Git,results,inherited-from-ancestor
results/acceptance-metrics-api-20260918/slow,directory,,13,13,simulation-results,仿真用例、证据、波形及视图,执行输出，不入 Git,results,inherited-from-ancestor
results/acceptance-metrics-directed-20260918,directory,,56,72,simulation-results,仿真用例、证据、波形及视图,执行输出，不入 Git,results,inherited-from-ancestor
results/acceptance-metrics-directed-20260918/hettrace,directory,,2,2,simulation-results,仿真用例、证据、波形及视图,执行输出，不入 Git,results,inherited-from-ancestor
results/acceptance-metrics-directed-20260918/metrics,directory,,14,14,simulation-results,仿真用例、证据、波形及视图,执行输出，不入 Git,results,inherited-from-ancestor
results/acceptance-metrics-one-channel-20260918,directory,,57,71,simulation-results,仿真用例、证据、波形及视图,执行输出，不入 Git,results,inherited-from-ancestor
results/acceptance-metrics-one-channel-20260918/metrics,directory,,14,14,simulation-results,仿真用例、证据、波形及视图,执行输出，不入 Git,results,inherited-from-ancestor
results/acceptance-metrics-ramulator2-20260918,directory,,2,897,simulation-results,仿真用例、证据、波形及视图,执行输出，不入 Git,results,inherited-from-ancestor
results/acceptance-metrics-ramulator2-20260918-v2,directory,,8,1374,simulation-results,仿真用例、证据、波形及视图,执行输出，不入 Git,results,inherited-from-ancestor
results/acceptance-metrics-ramulator2-20260918-v2/api,directory,,1,59,simulation-results,仿真用例、证据、波形及视图,执行输出，不入 Git,results,inherited-from-ancestor
results/acceptance-metrics-ramulator2-20260918-v2/api/fast,directory,,13,13,simulation-results,仿真用例、证据、波形及视图,执行输出，不入 Git,results,inherited-from-ancestor
results/acceptance-metrics-ramulator2-20260918-v2/api/high_address,directory,,19,19,simulation-results,仿真用例、证据、波形及视图,执行输出，不入 Git,results,inherited-from-ancestor
results/acceptance-metrics-ramulator2-20260918-v2/api/power_off,directory,,13,13,simulation-results,仿真用例、证据、波形及视图,执行输出，不入 Git,results,inherited-from-ancestor
results/acceptance-metrics-ramulator2-20260918-v2/api/slow,directory,,13,13,simulation-results,仿真用例、证据、波形及视图,执行输出，不入 Git,results,inherited-from-ancestor
results/acceptance-metrics-ramulator2-20260918-v2/cpu,directory,,70,207,simulation-results,仿真用例、证据、波形及视图,执行输出，不入 Git,results,inherited-from-ancestor
results/acceptance-metrics-ramulator2-20260918-v2/cpu/hettrace,directory,,3,3,simulation-results,仿真用例、证据、波形及视图,执行输出，不入 Git,results,inherited-from-ancestor
results/acceptance-metrics-ramulator2-20260918-v2/cpu/metrics,directory,,14,14,simulation-results,仿真用例、证据、波形及视图,执行输出，不入 Git,results,inherited-from-ancestor
results/acceptance-metrics-ramulator2-20260918-v2/cpu/ramulator_data,directory,,16,16,simulation-results,仿真用例、证据、波形及视图,执行输出，不入 Git,results,inherited-from-ancestor
results/acceptance-metrics-ramulator2-20260918-v2/cpu/trace_flits_data,directory,,94,94,simulation-results,仿真用例、证据、波形及视图,执行输出，不入 Git,results,inherited-from-ancestor
results/acceptance-metrics-ramulator2-20260918-v2/cpu/trace_paths_data,directory,,10,10,simulation-results,仿真用例、证据、波形及视图,执行输出，不入 Git,results,inherited-from-ancestor
results/acceptance-metrics-ramulator2-20260918-v2/cpu_slow,directory,,70,201,simulation-results,仿真用例、证据、波形及视图,执行输出，不入 Git,results,inherited-from-ancestor
results/acceptance-metrics-ramulator2-20260918-v2/cpu_slow/hettrace,directory,,3,3,simulation-results,仿真用例、证据、波形及视图,执行输出，不入 Git,results,inherited-from-ancestor
results/acceptance-metrics-ramulator2-20260918-v2/cpu_slow/metrics,directory,,14,14,simulation-results,仿真用例、证据、波形及视图,执行输出，不入 Git,results,inherited-from-ancestor
results/acceptance-metrics-ramulator2-20260918-v2/cpu_slow/ramulator_data,directory,,10,10,simulation-results,仿真用例、证据、波形及视图,执行输出，不入 Git,results,inherited-from-ancestor
results/acceptance-metrics-ramulator2-20260918-v2/cpu_slow/trace_flits_data,directory,,94,94,simulation-results,仿真用例、证据、波形及视图,执行输出，不入 Git,results,inherited-from-ancestor
results/acceptance-metrics-ramulator2-20260918-v2/cpu_slow/trace_paths_data,directory,,10,10,simulation-results,仿真用例、证据、波形及视图,执行输出，不入 Git,results,inherited-from-ancestor
results/acceptance-metrics-ramulator2-20260918-v2/directed,directory,,74,140,simulation-results,仿真用例、证据、波形及视图,执行输出，不入 Git,results,inherited-from-ancestor
results/acceptance-metrics-ramulator2-20260918-v2/directed/hettrace,directory,,3,3,simulation-results,仿真用例、证据、波形及视图,执行输出，不入 Git,results,inherited-from-ancestor
results/acceptance-metrics-ramulator2-20260918-v2/directed/metrics,directory,,14,14,simulation-results,仿真用例、证据、波形及视图,执行输出，不入 Git,results,inherited-from-ancestor
results/acceptance-metrics-ramulator2-20260918-v2/directed/ramulator_data,directory,,5,5,simulation-results,仿真用例、证据、波形及视图,执行输出，不入 Git,results,inherited-from-ancestor
results/acceptance-metrics-ramulator2-20260918-v2/directed/trace_flits_data,directory,,38,38,simulation-results,仿真用例、证据、波形及视图,执行输出，不入 Git,results,inherited-from-ancestor
results/acceptance-metrics-ramulator2-20260918-v2/directed/trace_paths_data,directory,,6,6,simulation-results,仿真用例、证据、波形及视图,执行输出，不入 Git,results,inherited-from-ancestor
results/acceptance-metrics-ramulator2-20260918-v2/environment,directory,,8,8,simulation-results,仿真用例、证据、波形及视图,执行输出，不入 Git,results,inherited-from-ancestor
results/acceptance-metrics-ramulator2-20260918-v2/held,directory,,71,139,simulation-results,仿真用例、证据、波形及视图,执行输出，不入 Git,results,inherited-from-ancestor
results/acceptance-metrics-ramulator2-20260918-v2/held/hettrace,directory,,3,3,simulation-results,仿真用例、证据、波形及视图,执行输出，不入 Git,results,inherited-from-ancestor
results/acceptance-metrics-ramulator2-20260918-v2/held/metrics,directory,,14,14,simulation-results,仿真用例、证据、波形及视图,执行输出，不入 Git,results,inherited-from-ancestor
results/acceptance-metrics-ramulator2-20260918-v2/held/ramulator_data,directory,,8,8,simulation-results,仿真用例、证据、波形及视图,执行输出，不入 Git,results,inherited-from-ancestor
results/acceptance-metrics-ramulator2-20260918-v2/held/trace_flits_data,directory,,37,37,simulation-results,仿真用例、证据、波形及视图,执行输出，不入 Git,results,inherited-from-ancestor
results/acceptance-metrics-ramulator2-20260918-v2/held/trace_paths_data,directory,,6,6,simulation-results,仿真用例、证据、波形及视图,执行输出，不入 Git,results,inherited-from-ancestor
results/acceptance-metrics-ramulator2-20260918-v2/metrics_sampling,directory,,1,40,simulation-results,仿真用例、证据、波形及视图,执行输出，不入 Git,results,inherited-from-ancestor
results/acceptance-metrics-ramulator2-20260918-v2/metrics_sampling/dense,directory,,13,13,simulation-results,仿真用例、证据、波形及视图,执行输出，不入 Git,results,inherited-from-ancestor
results/acceptance-metrics-ramulator2-20260918-v2/metrics_sampling/final_only,directory,,13,13,simulation-results,仿真用例、证据、波形及视图,执行输出，不入 Git,results,inherited-from-ancestor
results/acceptance-metrics-ramulator2-20260918-v2/metrics_sampling/sparse,directory,,13,13,simulation-results,仿真用例、证据、波形及视图,执行输出，不入 Git,results,inherited-from-ancestor
results/acceptance-metrics-ramulator2-20260918-v2/period_3ns,directory,,71,137,simulation-results,仿真用例、证据、波形及视图,执行输出，不入 Git,results,inherited-from-ancestor
results/acceptance-metrics-ramulator2-20260918-v2/period_3ns/hettrace,directory,,3,3,simulation-results,仿真用例、证据、波形及视图,执行输出，不入 Git,results,inherited-from-ancestor
results/acceptance-metrics-ramulator2-20260918-v2/period_3ns/metrics,directory,,14,14,simulation-results,仿真用例、证据、波形及视图,执行输出，不入 Git,results,inherited-from-ancestor
results/acceptance-metrics-ramulator2-20260918-v2/period_3ns/ramulator_data,directory,,5,5,simulation-results,仿真用例、证据、波形及视图,执行输出，不入 Git,results,inherited-from-ancestor
results/acceptance-metrics-ramulator2-20260918-v2/period_3ns/trace_flits_data,directory,,38,38,simulation-results,仿真用例、证据、波形及视图,执行输出，不入 Git,results,inherited-from-ancestor
results/acceptance-metrics-ramulator2-20260918-v2/period_3ns/trace_paths_data,directory,,6,6,simulation-results,仿真用例、证据、波形及视图,执行输出，不入 Git,results,inherited-from-ancestor
results/acceptance-metrics-ramulator2-20260918-v2/power_off,directory,,69,135,simulation-results,仿真用例、证据、波形及视图,执行输出，不入 Git,results,inherited-from-ancestor
results/acceptance-metrics-ramulator2-20260918-v2/power_off/hettrace,directory,,3,3,simulation-results,仿真用例、证据、波形及视图,执行输出，不入 Git,results,inherited-from-ancestor
results/acceptance-metrics-ramulator2-20260918-v2/power_off/metrics,directory,,14,14,simulation-results,仿真用例、证据、波形及视图,执行输出，不入 Git,results,inherited-from-ancestor
results/acceptance-metrics-ramulator2-20260918-v2/power_off/ramulator_data,directory,,5,5,simulation-results,仿真用例、证据、波形及视图,执行输出，不入 Git,results,inherited-from-ancestor
results/acceptance-metrics-ramulator2-20260918-v2/power_off/trace_flits_data,directory,,38,38,simulation-results,仿真用例、证据、波形及视图,执行输出，不入 Git,results,inherited-from-ancestor
results/acceptance-metrics-ramulator2-20260918-v2/power_off/trace_paths_data,directory,,6,6,simulation-results,仿真用例、证据、波形及视图,执行输出，不入 Git,results,inherited-from-ancestor
results/acceptance-metrics-ramulator2-20260918-v2/replay,directory,,71,136,simulation-results,仿真用例、证据、波形及视图,执行输出，不入 Git,results,inherited-from-ancestor
results/acceptance-metrics-ramulator2-20260918-v2/replay/hettrace,directory,,3,3,simulation-results,仿真用例、证据、波形及视图,执行输出，不入 Git,results,inherited-from-ancestor
results/acceptance-metrics-ramulator2-20260918-v2/replay/metrics,directory,,14,14,simulation-results,仿真用例、证据、波形及视图,执行输出，不入 Git,results,inherited-from-ancestor
results/acceptance-metrics-ramulator2-20260918-v2/replay/ramulator_data,directory,,5,5,simulation-results,仿真用例、证据、波形及视图,执行输出，不入 Git,results,inherited-from-ancestor
results/acceptance-metrics-ramulator2-20260918-v2/replay/trace_flits_data,directory,,37,37,simulation-results,仿真用例、证据、波形及视图,执行输出，不入 Git,results,inherited-from-ancestor
results/acceptance-metrics-ramulator2-20260918-v2/replay/trace_paths_data,directory,,6,6,simulation-results,仿真用例、证据、波形及视图,执行输出，不入 Git,results,inherited-from-ancestor
results/acceptance-metrics-ramulator2-20260918-v2/shallow,directory,,71,139,simulation-results,仿真用例、证据、波形及视图,执行输出，不入 Git,results,inherited-from-ancestor
results/acceptance-metrics-ramulator2-20260918-v2/shallow/hettrace,directory,,3,3,simulation-results,仿真用例、证据、波形及视图,执行输出，不入 Git,results,inherited-from-ancestor
results/acceptance-metrics-ramulator2-20260918-v2/shallow/metrics,directory,,14,14,simulation-results,仿真用例、证据、波形及视图,执行输出，不入 Git,results,inherited-from-ancestor
results/acceptance-metrics-ramulator2-20260918-v2/shallow/ramulator_data,directory,,8,8,simulation-results,仿真用例、证据、波形及视图,执行输出，不入 Git,results,inherited-from-ancestor
results/acceptance-metrics-ramulator2-20260918-v2/shallow/trace_flits_data,directory,,37,37,simulation-results,仿真用例、证据、波形及视图,执行输出，不入 Git,results,inherited-from-ancestor
results/acceptance-metrics-ramulator2-20260918-v2/shallow/trace_paths_data,directory,,6,6,simulation-results,仿真用例、证据、波形及视图,执行输出，不入 Git,results,inherited-from-ancestor
results/acceptance-metrics-ramulator2-20260918-v2/wave_audit,directory,,1,25,simulation-results,仿真用例、证据、波形及视图,执行输出，不入 Git,results,inherited-from-ancestor
results/acceptance-metrics-ramulator2-20260918-v2/wave_audit/cpu,directory,,3,3,simulation-results,仿真用例、证据、波形及视图,执行输出，不入 Git,results,inherited-from-ancestor
results/acceptance-metrics-ramulator2-20260918-v2/wave_audit/cpu_slow,directory,,3,3,simulation-results,仿真用例、证据、波形及视图,执行输出，不入 Git,results,inherited-from-ancestor
results/acceptance-metrics-ramulator2-20260918-v2/wave_audit/directed,directory,,3,3,simulation-results,仿真用例、证据、波形及视图,执行输出，不入 Git,results,inherited-from-ancestor
results/acceptance-metrics-ramulator2-20260918-v2/wave_audit/held,directory,,3,3,simulation-results,仿真用例、证据、波形及视图,执行输出，不入 Git,results,inherited-from-ancestor
results/acceptance-metrics-ramulator2-20260918-v2/wave_audit/period_3ns,directory,,3,3,simulation-results,仿真用例、证据、波形及视图,执行输出，不入 Git,results,inherited-from-ancestor
results/acceptance-metrics-ramulator2-20260918-v2/wave_audit/power_off,directory,,3,3,simulation-results,仿真用例、证据、波形及视图,执行输出，不入 Git,results,inherited-from-ancestor
results/acceptance-metrics-ramulator2-20260918-v2/wave_audit/replay,directory,,3,3,simulation-results,仿真用例、证据、波形及视图,执行输出，不入 Git,results,inherited-from-ancestor
results/acceptance-metrics-ramulator2-20260918-v2/wave_audit/shallow,directory,,3,3,simulation-results,仿真用例、证据、波形及视图,执行输出，不入 Git,results,inherited-from-ancestor
results/acceptance-metrics-ramulator2-20260918/api,directory,,1,59,simulation-results,仿真用例、证据、波形及视图,执行输出，不入 Git,results,inherited-from-ancestor
results/acceptance-metrics-ramulator2-20260918/api/fast,directory,,13,13,simulation-results,仿真用例、证据、波形及视图,执行输出，不入 Git,results,inherited-from-ancestor
results/acceptance-metrics-ramulator2-20260918/api/high_address,directory,,19,19,simulation-results,仿真用例、证据、波形及视图,执行输出，不入 Git,results,inherited-from-ancestor
results/acceptance-metrics-ramulator2-20260918/api/power_off,directory,,13,13,simulation-results,仿真用例、证据、波形及视图,执行输出，不入 Git,results,inherited-from-ancestor
results/acceptance-metrics-ramulator2-20260918/api/slow,directory,,13,13,simulation-results,仿真用例、证据、波形及视图,执行输出，不入 Git,results,inherited-from-ancestor
results/acceptance-metrics-ramulator2-20260918/cpu,directory,,29,29,simulation-results,仿真用例、证据、波形及视图,执行输出，不入 Git,results,inherited-from-ancestor
results/acceptance-metrics-ramulator2-20260918/cpu/hettrace,directory,,0,0,simulation-results,仿真用例、证据、波形及视图,执行输出，不入 Git,results,inherited-from-ancestor
results/acceptance-metrics-ramulator2-20260918/directed,directory,,68,133,simulation-results,仿真用例、证据、波形及视图,执行输出，不入 Git,results,inherited-from-ancestor
results/acceptance-metrics-ramulator2-20260918/directed/hettrace,directory,,2,2,simulation-results,仿真用例、证据、波形及视图,执行输出，不入 Git,results,inherited-from-ancestor
results/acceptance-metrics-ramulator2-20260918/directed/metrics,directory,,14,14,simulation-results,仿真用例、证据、波形及视图,执行输出，不入 Git,results,inherited-from-ancestor
results/acceptance-metrics-ramulator2-20260918/directed/ramulator_data,directory,,5,5,simulation-results,仿真用例、证据、波形及视图,执行输出，不入 Git,results,inherited-from-ancestor
results/acceptance-metrics-ramulator2-20260918/directed/trace_flits_data,directory,,38,38,simulation-results,仿真用例、证据、波形及视图,执行输出，不入 Git,results,inherited-from-ancestor
results/acceptance-metrics-ramulator2-20260918/directed/trace_paths_data,directory,,6,6,simulation-results,仿真用例、证据、波形及视图,执行输出，不入 Git,results,inherited-from-ancestor
results/acceptance-metrics-ramulator2-20260918/environment,directory,,8,8,simulation-results,仿真用例、证据、波形及视图,执行输出，不入 Git,results,inherited-from-ancestor
results/acceptance-metrics-ramulator2-20260918/held,directory,,68,135,simulation-results,仿真用例、证据、波形及视图,执行输出，不入 Git,results,inherited-from-ancestor
results/acceptance-metrics-ramulator2-20260918/held/hettrace,directory,,2,2,simulation-results,仿真用例、证据、波形及视图,执行输出，不入 Git,results,inherited-from-ancestor
results/acceptance-metrics-ramulator2-20260918/held/metrics,directory,,14,14,simulation-results,仿真用例、证据、波形及视图,执行输出，不入 Git,results,inherited-from-ancestor
results/acceptance-metrics-ramulator2-20260918/held/ramulator_data,directory,,8,8,simulation-results,仿真用例、证据、波形及视图,执行输出，不入 Git,results,inherited-from-ancestor
results/acceptance-metrics-ramulator2-20260918/held/trace_flits_data,directory,,37,37,simulation-results,仿真用例、证据、波形及视图,执行输出，不入 Git,results,inherited-from-ancestor
results/acceptance-metrics-ramulator2-20260918/held/trace_paths_data,directory,,6,6,simulation-results,仿真用例、证据、波形及视图,执行输出，不入 Git,results,inherited-from-ancestor
results/acceptance-metrics-ramulator2-20260918/period_3ns,directory,,68,133,simulation-results,仿真用例、证据、波形及视图,执行输出，不入 Git,results,inherited-from-ancestor
results/acceptance-metrics-ramulator2-20260918/period_3ns/hettrace,directory,,2,2,simulation-results,仿真用例、证据、波形及视图,执行输出，不入 Git,results,inherited-from-ancestor
results/acceptance-metrics-ramulator2-20260918/period_3ns/metrics,directory,,14,14,simulation-results,仿真用例、证据、波形及视图,执行输出，不入 Git,results,inherited-from-ancestor
results/acceptance-metrics-ramulator2-20260918/period_3ns/ramulator_data,directory,,5,5,simulation-results,仿真用例、证据、波形及视图,执行输出，不入 Git,results,inherited-from-ancestor
results/acceptance-metrics-ramulator2-20260918/period_3ns/trace_flits_data,directory,,38,38,simulation-results,仿真用例、证据、波形及视图,执行输出，不入 Git,results,inherited-from-ancestor
results/acceptance-metrics-ramulator2-20260918/period_3ns/trace_paths_data,directory,,6,6,simulation-results,仿真用例、证据、波形及视图,执行输出，不入 Git,results,inherited-from-ancestor
results/acceptance-metrics-ramulator2-20260918/power_off,directory,,66,131,simulation-results,仿真用例、证据、波形及视图,执行输出，不入 Git,results,inherited-from-ancestor
results/acceptance-metrics-ramulator2-20260918/power_off/hettrace,directory,,2,2,simulation-results,仿真用例、证据、波形及视图,执行输出，不入 Git,results,inherited-from-ancestor
results/acceptance-metrics-ramulator2-20260918/power_off/metrics,directory,,14,14,simulation-results,仿真用例、证据、波形及视图,执行输出，不入 Git,results,inherited-from-ancestor
results/acceptance-metrics-ramulator2-20260918/power_off/ramulator_data,directory,,5,5,simulation-results,仿真用例、证据、波形及视图,执行输出，不入 Git,results,inherited-from-ancestor
results/acceptance-metrics-ramulator2-20260918/power_off/trace_flits_data,directory,,38,38,simulation-results,仿真用例、证据、波形及视图,执行输出，不入 Git,results,inherited-from-ancestor
results/acceptance-metrics-ramulator2-20260918/power_off/trace_paths_data,directory,,6,6,simulation-results,仿真用例、证据、波形及视图,执行输出，不入 Git,results,inherited-from-ancestor
results/acceptance-metrics-ramulator2-20260918/replay,directory,,68,132,simulation-results,仿真用例、证据、波形及视图,执行输出，不入 Git,results,inherited-from-ancestor
results/acceptance-metrics-ramulator2-20260918/replay/hettrace,directory,,2,2,simulation-results,仿真用例、证据、波形及视图,执行输出，不入 Git,results,inherited-from-ancestor
results/acceptance-metrics-ramulator2-20260918/replay/metrics,directory,,14,14,simulation-results,仿真用例、证据、波形及视图,执行输出，不入 Git,results,inherited-from-ancestor
results/acceptance-metrics-ramulator2-20260918/replay/ramulator_data,directory,,5,5,simulation-results,仿真用例、证据、波形及视图,执行输出，不入 Git,results,inherited-from-ancestor
results/acceptance-metrics-ramulator2-20260918/replay/trace_flits_data,directory,,37,37,simulation-results,仿真用例、证据、波形及视图,执行输出，不入 Git,results,inherited-from-ancestor
results/acceptance-metrics-ramulator2-20260918/replay/trace_paths_data,directory,,6,6,simulation-results,仿真用例、证据、波形及视图,执行输出，不入 Git,results,inherited-from-ancestor
results/acceptance-metrics-ramulator2-20260918/shallow,directory,,68,135,simulation-results,仿真用例、证据、波形及视图,执行输出，不入 Git,results,inherited-from-ancestor
results/acceptance-metrics-ramulator2-20260918/shallow/hettrace,directory,,2,2,simulation-results,仿真用例、证据、波形及视图,执行输出，不入 Git,results,inherited-from-ancestor
results/acceptance-metrics-ramulator2-20260918/shallow/metrics,directory,,14,14,simulation-results,仿真用例、证据、波形及视图,执行输出，不入 Git,results,inherited-from-ancestor
results/acceptance-metrics-ramulator2-20260918/shallow/ramulator_data,directory,,8,8,simulation-results,仿真用例、证据、波形及视图,执行输出，不入 Git,results,inherited-from-ancestor
results/acceptance-metrics-ramulator2-20260918/shallow/trace_flits_data,directory,,37,37,simulation-results,仿真用例、证据、波形及视图,执行输出，不入 Git,results,inherited-from-ancestor
results/acceptance-metrics-ramulator2-20260918/shallow/trace_paths_data,directory,,6,6,simulation-results,仿真用例、证据、波形及视图,执行输出，不入 Git,results,inherited-from-ancestor
results/acceptance-metrics-sampling-20260918,directory,,1,40,simulation-results,仿真用例、证据、波形及视图,执行输出，不入 Git,results,inherited-from-ancestor
results/acceptance-metrics-sampling-20260918/dense,directory,,13,13,simulation-results,仿真用例、证据、波形及视图,执行输出，不入 Git,results,inherited-from-ancestor
results/acceptance-metrics-sampling-20260918/final_only,directory,,13,13,simulation-results,仿真用例、证据、波形及视图,执行输出，不入 Git,results,inherited-from-ancestor
results/acceptance-metrics-sampling-20260918/sparse,directory,,13,13,simulation-results,仿真用例、证据、波形及视图,执行输出，不入 Git,results,inherited-from-ancestor
results/acceptance-metrics-smoke-20260918,directory,,1,1,simulation-results,仿真用例、证据、波形及视图,执行输出，不入 Git,results,inherited-from-ancestor
results/acceptance-metrics-xpu-20260918,directory,,2,103,simulation-results,仿真用例、证据、波形及视图,执行输出，不入 Git,results,inherited-from-ancestor
results/acceptance-metrics-xpu-20260918-v2,directory,,6,10051,simulation-results,仿真用例、证据、波形及视图,执行输出，不入 Git,results,inherited-from-ancestor
results/acceptance-metrics-xpu-20260918-v2/api,directory,,1,59,simulation-results,仿真用例、证据、波形及视图,执行输出，不入 Git,results,inherited-from-ancestor
results/acceptance-metrics-xpu-20260918-v2/api/fast,directory,,13,13,simulation-results,仿真用例、证据、波形及视图,执行输出，不入 Git,results,inherited-from-ancestor
results/acceptance-metrics-xpu-20260918-v2/api/high_address,directory,,19,19,simulation-results,仿真用例、证据、波形及视图,执行输出，不入 Git,results,inherited-from-ancestor
results/acceptance-metrics-xpu-20260918-v2/api/power_off,directory,,13,13,simulation-results,仿真用例、证据、波形及视图,执行输出，不入 Git,results,inherited-from-ancestor
results/acceptance-metrics-xpu-20260918-v2/api/slow,directory,,13,13,simulation-results,仿真用例、证据、波形及视图,执行输出，不入 Git,results,inherited-from-ancestor
results/acceptance-metrics-xpu-20260918-v2/environment,directory,,11,11,simulation-results,仿真用例、证据、波形及视图,执行输出，不入 Git,results,inherited-from-ancestor
results/acceptance-metrics-xpu-20260918-v2/gpu,directory,,78,3430,simulation-results,仿真用例、证据、波形及视图,执行输出，不入 Git,results,inherited-from-ancestor
results/acceptance-metrics-xpu-20260918-v2/gpu/hettrace,directory,,5,5,simulation-results,仿真用例、证据、波形及视图,执行输出，不入 Git,results,inherited-from-ancestor
results/acceptance-metrics-xpu-20260918-v2/gpu/metrics,directory,,14,14,simulation-results,仿真用例、证据、波形及视图,执行输出，不入 Git,results,inherited-from-ancestor
results/acceptance-metrics-xpu-20260918-v2/gpu/ramulator_data,directory,,1055,1055,simulation-results,仿真用例、证据、波形及视图,执行输出，不入 Git,results,inherited-from-ancestor
results/acceptance-metrics-xpu-20260918-v2/gpu/trace_flits_data,directory,,2056,2056,simulation-results,仿真用例、证据、波形及视图,执行输出，不入 Git,results,inherited-from-ancestor
results/acceptance-metrics-xpu-20260918-v2/gpu/trace_paths_data,directory,,222,222,simulation-results,仿真用例、证据、波形及视图,执行输出，不入 Git,results,inherited-from-ancestor
results/acceptance-metrics-xpu-20260918-v2/metrics_sampling,directory,,1,40,simulation-results,仿真用例、证据、波形及视图,执行输出，不入 Git,results,inherited-from-ancestor
results/acceptance-metrics-xpu-20260918-v2/metrics_sampling/dense,directory,,13,13,simulation-results,仿真用例、证据、波形及视图,执行输出，不入 Git,results,inherited-from-ancestor
results/acceptance-metrics-xpu-20260918-v2/metrics_sampling/final_only,directory,,13,13,simulation-results,仿真用例、证据、波形及视图,执行输出，不入 Git,results,inherited-from-ancestor
results/acceptance-metrics-xpu-20260918-v2/metrics_sampling/sparse,directory,,13,13,simulation-results,仿真用例、证据、波形及视图,执行输出，不入 Git,results,inherited-from-ancestor
results/acceptance-metrics-xpu-20260918-v2/npu,directory,,72,185,simulation-results,仿真用例、证据、波形及视图,执行输出，不入 Git,results,inherited-from-ancestor
results/acceptance-metrics-xpu-20260918-v2/npu/hettrace,directory,,5,5,simulation-results,仿真用例、证据、波形及视图,执行输出，不入 Git,results,inherited-from-ancestor
results/acceptance-metrics-xpu-20260918-v2/npu/metrics,directory,,14,14,simulation-results,仿真用例、证据、波形及视图,执行输出，不入 Git,results,inherited-from-ancestor
results/acceptance-metrics-xpu-20260918-v2/npu/ramulator_data,directory,,20,20,simulation-results,仿真用例、证据、波形及视图,执行输出，不入 Git,results,inherited-from-ancestor
results/acceptance-metrics-xpu-20260918-v2/npu/trace_flits_data,directory,,67,67,simulation-results,仿真用例、证据、波形及视图,执行输出，不入 Git,results,inherited-from-ancestor
results/acceptance-metrics-xpu-20260918-v2/npu/trace_paths_data,directory,,7,7,simulation-results,仿真用例、证据、波形及视图,执行输出，不入 Git,results,inherited-from-ancestor
results/acceptance-metrics-xpu-20260918-v2/three,directory,,79,3494,simulation-results,仿真用例、证据、波形及视图,执行输出，不入 Git,results,inherited-from-ancestor
results/acceptance-metrics-xpu-20260918-v2/three/hettrace,directory,,7,7,simulation-results,仿真用例、证据、波形及视图,执行输出，不入 Git,results,inherited-from-ancestor
results/acceptance-metrics-xpu-20260918-v2/three/metrics,directory,,14,14,simulation-results,仿真用例、证据、波形及视图,执行输出，不入 Git,results,inherited-from-ancestor
results/acceptance-metrics-xpu-20260918-v2/three/ramulator_data,directory,,1054,1054,simulation-results,仿真用例、证据、波形及视图,执行输出，不入 Git,results,inherited-from-ancestor
results/acceptance-metrics-xpu-20260918-v2/three/trace_flits_data,directory,,2112,2112,simulation-results,仿真用例、证据、波形及视图,执行输出，不入 Git,results,inherited-from-ancestor
results/acceptance-metrics-xpu-20260918-v2/three/trace_paths_data,directory,,228,228,simulation-results,仿真用例、证据、波形及视图,执行输出，不入 Git,results,inherited-from-ancestor
results/acceptance-metrics-xpu-20260918-v2/three_slow,directory,,79,2813,simulation-results,仿真用例、证据、波形及视图,执行输出，不入 Git,results,inherited-from-ancestor
results/acceptance-metrics-xpu-20260918-v2/three_slow/hettrace,directory,,7,7,simulation-results,仿真用例、证据、波形及视图,执行输出，不入 Git,results,inherited-from-ancestor
results/acceptance-metrics-xpu-20260918-v2/three_slow/metrics,directory,,14,14,simulation-results,仿真用例、证据、波形及视图,执行输出，不入 Git,results,inherited-from-ancestor
results/acceptance-metrics-xpu-20260918-v2/three_slow/ramulator_data,directory,,372,372,simulation-results,仿真用例、证据、波形及视图,执行输出，不入 Git,results,inherited-from-ancestor
results/acceptance-metrics-xpu-20260918-v2/three_slow/trace_flits_data,directory,,2113,2113,simulation-results,仿真用例、证据、波形及视图,执行输出，不入 Git,results,inherited-from-ancestor
results/acceptance-metrics-xpu-20260918-v2/three_slow/trace_paths_data,directory,,228,228,simulation-results,仿真用例、证据、波形及视图,执行输出，不入 Git,results,inherited-from-ancestor
results/acceptance-metrics-xpu-20260918-v2/wave_audit,directory,,1,13,simulation-results,仿真用例、证据、波形及视图,执行输出，不入 Git,results,inherited-from-ancestor
results/acceptance-metrics-xpu-20260918-v2/wave_audit/gpu,directory,,3,3,simulation-results,仿真用例、证据、波形及视图,执行输出，不入 Git,results,inherited-from-ancestor
results/acceptance-metrics-xpu-20260918-v2/wave_audit/npu,directory,,3,3,simulation-results,仿真用例、证据、波形及视图,执行输出，不入 Git,results,inherited-from-ancestor
results/acceptance-metrics-xpu-20260918-v2/wave_audit/three,directory,,3,3,simulation-results,仿真用例、证据、波形及视图,执行输出，不入 Git,results,inherited-from-ancestor
results/acceptance-metrics-xpu-20260918-v2/wave_audit/three_slow,directory,,3,3,simulation-results,仿真用例、证据、波形及视图,执行输出，不入 Git,results,inherited-from-ancestor
results/acceptance-metrics-xpu-20260918/api,directory,,1,59,simulation-results,仿真用例、证据、波形及视图,执行输出，不入 Git,results,inherited-from-ancestor
results/acceptance-metrics-xpu-20260918/api/fast,directory,,13,13,simulation-results,仿真用例、证据、波形及视图,执行输出，不入 Git,results,inherited-from-ancestor
results/acceptance-metrics-xpu-20260918/api/high_address,directory,,19,19,simulation-results,仿真用例、证据、波形及视图,执行输出，不入 Git,results,inherited-from-ancestor
results/acceptance-metrics-xpu-20260918/api/power_off,directory,,13,13,simulation-results,仿真用例、证据、波形及视图,执行输出，不入 Git,results,inherited-from-ancestor
results/acceptance-metrics-xpu-20260918/api/slow,directory,,13,13,simulation-results,仿真用例、证据、波形及视图,执行输出，不入 Git,results,inherited-from-ancestor
results/acceptance-metrics-xpu-20260918/environment,directory,,11,11,simulation-results,仿真用例、证据、波形及视图,执行输出，不入 Git,results,inherited-from-ancestor
results/acceptance-metrics-xpu-20260918/npu,directory,,29,31,simulation-results,仿真用例、证据、波形及视图,执行输出，不入 Git,results,inherited-from-ancestor
results/acceptance-metrics-xpu-20260918/npu/hettrace,directory,,2,2,simulation-results,仿真用例、证据、波形及视图,执行输出，不入 Git,results,inherited-from-ancestor
results/acceptance-ramulator2-20260917,directory,,5,1012,simulation-results,已保存八组CPU/定向正式验收,不是源码,results/acceptance-ramulator2-20260917,manual
results/acceptance-ramulator2-20260917/api,directory,,1,47,simulation-results,已保存八组CPU/定向正式验收,不是源码,results/acceptance-ramulator2-20260917,inherited-from-ancestor
results/acceptance-ramulator2-20260917/api/fast,directory,,10,10,simulation-results,已保存八组CPU/定向正式验收,不是源码,results/acceptance-ramulator2-20260917,inherited-from-ancestor
results/acceptance-ramulator2-20260917/api/high_address,directory,,16,16,simulation-results,已保存八组CPU/定向正式验收,不是源码,results/acceptance-ramulator2-20260917,inherited-from-ancestor
results/acceptance-ramulator2-20260917/api/power_off,directory,,10,10,simulation-results,已保存八组CPU/定向正式验收,不是源码,results/acceptance-ramulator2-20260917,inherited-from-ancestor
results/acceptance-ramulator2-20260917/api/slow,directory,,10,10,simulation-results,已保存八组CPU/定向正式验收,不是源码,results/acceptance-ramulator2-20260917,inherited-from-ancestor
results/acceptance-ramulator2-20260917/cpu,directory,,45,168,simulation-results,已保存八组CPU/定向正式验收,不是源码,results/acceptance-ramulator2-20260917,inherited-from-ancestor
results/acceptance-ramulator2-20260917/cpu/hettrace,directory,,3,3,simulation-results,已保存八组CPU/定向正式验收,不是源码,results/acceptance-ramulator2-20260917,inherited-from-ancestor
results/acceptance-ramulator2-20260917/cpu/ramulator_data,directory,,16,16,simulation-results,已保存八组CPU/定向正式验收,不是源码,results/acceptance-ramulator2-20260917,inherited-from-ancestor
results/acceptance-ramulator2-20260917/cpu/trace_flits_data,directory,,94,94,simulation-results,已保存八组CPU/定向正式验收,不是源码,results/acceptance-ramulator2-20260917,inherited-from-ancestor
results/acceptance-ramulator2-20260917/cpu/trace_paths_data,directory,,10,10,simulation-results,已保存八组CPU/定向正式验收,不是源码,results/acceptance-ramulator2-20260917,inherited-from-ancestor
results/acceptance-ramulator2-20260917/cpu_slow,directory,,45,162,simulation-results,已保存八组CPU/定向正式验收,不是源码,results/acceptance-ramulator2-20260917,inherited-from-ancestor
results/acceptance-ramulator2-20260917/cpu_slow/hettrace,directory,,3,3,simulation-results,已保存八组CPU/定向正式验收,不是源码,results/acceptance-ramulator2-20260917,inherited-from-ancestor
results/acceptance-ramulator2-20260917/cpu_slow/ramulator_data,directory,,10,10,simulation-results,已保存八组CPU/定向正式验收,不是源码,results/acceptance-ramulator2-20260917,inherited-from-ancestor
results/acceptance-ramulator2-20260917/cpu_slow/trace_flits_data,directory,,94,94,simulation-results,已保存八组CPU/定向正式验收,不是源码,results/acceptance-ramulator2-20260917,inherited-from-ancestor
results/acceptance-ramulator2-20260917/cpu_slow/trace_paths_data,directory,,10,10,simulation-results,已保存八组CPU/定向正式验收,不是源码,results/acceptance-ramulator2-20260917,inherited-from-ancestor
results/acceptance-ramulator2-20260917/directed,directory,,49,101,simulation-results,已保存八组CPU/定向正式验收,不是源码,results/acceptance-ramulator2-20260917,inherited-from-ancestor
results/acceptance-ramulator2-20260917/directed/hettrace,directory,,3,3,simulation-results,已保存八组CPU/定向正式验收,不是源码,results/acceptance-ramulator2-20260917,inherited-from-ancestor
results/acceptance-ramulator2-20260917/directed/ramulator_data,directory,,5,5,simulation-results,已保存八组CPU/定向正式验收,不是源码,results/acceptance-ramulator2-20260917,inherited-from-ancestor
results/acceptance-ramulator2-20260917/directed/trace_flits_data,directory,,38,38,simulation-results,已保存八组CPU/定向正式验收,不是源码,results/acceptance-ramulator2-20260917,inherited-from-ancestor
results/acceptance-ramulator2-20260917/directed/trace_paths_data,directory,,6,6,simulation-results,已保存八组CPU/定向正式验收,不是源码,results/acceptance-ramulator2-20260917,inherited-from-ancestor
results/acceptance-ramulator2-20260917/environment,directory,,8,8,simulation-results,已保存八组CPU/定向正式验收,不是源码,results/acceptance-ramulator2-20260917,inherited-from-ancestor
results/acceptance-ramulator2-20260917/held,directory,,47,101,simulation-results,已保存八组CPU/定向正式验收,不是源码,results/acceptance-ramulator2-20260917,inherited-from-ancestor
results/acceptance-ramulator2-20260917/held/hettrace,directory,,3,3,simulation-results,已保存八组CPU/定向正式验收,不是源码,results/acceptance-ramulator2-20260917,inherited-from-ancestor
results/acceptance-ramulator2-20260917/held/ramulator_data,directory,,8,8,simulation-results,已保存八组CPU/定向正式验收,不是源码,results/acceptance-ramulator2-20260917,inherited-from-ancestor
results/acceptance-ramulator2-20260917/held/trace_flits_data,directory,,37,37,simulation-results,已保存八组CPU/定向正式验收,不是源码,results/acceptance-ramulator2-20260917,inherited-from-ancestor
results/acceptance-ramulator2-20260917/held/trace_paths_data,directory,,6,6,simulation-results,已保存八组CPU/定向正式验收,不是源码,results/acceptance-ramulator2-20260917,inherited-from-ancestor
results/acceptance-ramulator2-20260917/period_3ns,directory,,47,99,simulation-results,已保存八组CPU/定向正式验收,不是源码,results/acceptance-ramulator2-20260917,inherited-from-ancestor
results/acceptance-ramulator2-20260917/period_3ns/hettrace,directory,,3,3,simulation-results,已保存八组CPU/定向正式验收,不是源码,results/acceptance-ramulator2-20260917,inherited-from-ancestor
results/acceptance-ramulator2-20260917/period_3ns/ramulator_data,directory,,5,5,simulation-results,已保存八组CPU/定向正式验收,不是源码,results/acceptance-ramulator2-20260917,inherited-from-ancestor
results/acceptance-ramulator2-20260917/period_3ns/trace_flits_data,directory,,38,38,simulation-results,已保存八组CPU/定向正式验收,不是源码,results/acceptance-ramulator2-20260917,inherited-from-ancestor
results/acceptance-ramulator2-20260917/period_3ns/trace_paths_data,directory,,6,6,simulation-results,已保存八组CPU/定向正式验收,不是源码,results/acceptance-ramulator2-20260917,inherited-from-ancestor
results/acceptance-ramulator2-20260917/power_off,directory,,45,97,simulation-results,已保存八组CPU/定向正式验收,不是源码,results/acceptance-ramulator2-20260917,inherited-from-ancestor
results/acceptance-ramulator2-20260917/power_off/hettrace,directory,,3,3,simulation-results,已保存八组CPU/定向正式验收,不是源码,results/acceptance-ramulator2-20260917,inherited-from-ancestor
results/acceptance-ramulator2-20260917/power_off/ramulator_data,directory,,5,5,simulation-results,已保存八组CPU/定向正式验收,不是源码,results/acceptance-ramulator2-20260917,inherited-from-ancestor
results/acceptance-ramulator2-20260917/power_off/trace_flits_data,directory,,38,38,simulation-results,已保存八组CPU/定向正式验收,不是源码,results/acceptance-ramulator2-20260917,inherited-from-ancestor
results/acceptance-ramulator2-20260917/power_off/trace_paths_data,directory,,6,6,simulation-results,已保存八组CPU/定向正式验收,不是源码,results/acceptance-ramulator2-20260917,inherited-from-ancestor
results/acceptance-ramulator2-20260917/replay,directory,,47,98,simulation-results,已保存八组CPU/定向正式验收,不是源码,results/acceptance-ramulator2-20260917,inherited-from-ancestor
results/acceptance-ramulator2-20260917/replay/hettrace,directory,,3,3,simulation-results,已保存八组CPU/定向正式验收,不是源码,results/acceptance-ramulator2-20260917,inherited-from-ancestor
results/acceptance-ramulator2-20260917/replay/ramulator_data,directory,,5,5,simulation-results,已保存八组CPU/定向正式验收,不是源码,results/acceptance-ramulator2-20260917,inherited-from-ancestor
results/acceptance-ramulator2-20260917/replay/trace_flits_data,directory,,37,37,simulation-results,已保存八组CPU/定向正式验收,不是源码,results/acceptance-ramulator2-20260917,inherited-from-ancestor
results/acceptance-ramulator2-20260917/replay/trace_paths_data,directory,,6,6,simulation-results,已保存八组CPU/定向正式验收,不是源码,results/acceptance-ramulator2-20260917,inherited-from-ancestor
results/acceptance-ramulator2-20260917/shallow,directory,,47,101,simulation-results,已保存八组CPU/定向正式验收,不是源码,results/acceptance-ramulator2-20260917,inherited-from-ancestor
results/acceptance-ramulator2-20260917/shallow/hettrace,directory,,3,3,simulation-results,已保存八组CPU/定向正式验收,不是源码,results/acceptance-ramulator2-20260917,inherited-from-ancestor
results/acceptance-ramulator2-20260917/shallow/ramulator_data,directory,,8,8,simulation-results,已保存八组CPU/定向正式验收,不是源码,results/acceptance-ramulator2-20260917,inherited-from-ancestor
results/acceptance-ramulator2-20260917/shallow/trace_flits_data,directory,,37,37,simulation-results,已保存八组CPU/定向正式验收,不是源码,results/acceptance-ramulator2-20260917,inherited-from-ancestor
results/acceptance-ramulator2-20260917/shallow/trace_paths_data,directory,,6,6,simulation-results,已保存八组CPU/定向正式验收,不是源码,results/acceptance-ramulator2-20260917,inherited-from-ancestor
results/acceptance-ramulator2-20260917/wave_audit,directory,,1,25,simulation-results,已保存八组CPU/定向正式验收,不是源码,results/acceptance-ramulator2-20260917,inherited-from-ancestor
results/acceptance-ramulator2-20260917/wave_audit/cpu,directory,,3,3,simulation-results,已保存八组CPU/定向正式验收,不是源码,results/acceptance-ramulator2-20260917,inherited-from-ancestor
results/acceptance-ramulator2-20260917/wave_audit/cpu_slow,directory,,3,3,simulation-results,已保存八组CPU/定向正式验收,不是源码,results/acceptance-ramulator2-20260917,inherited-from-ancestor
results/acceptance-ramulator2-20260917/wave_audit/directed,directory,,3,3,simulation-results,已保存八组CPU/定向正式验收,不是源码,results/acceptance-ramulator2-20260917,inherited-from-ancestor
results/acceptance-ramulator2-20260917/wave_audit/held,directory,,3,3,simulation-results,已保存八组CPU/定向正式验收,不是源码,results/acceptance-ramulator2-20260917,inherited-from-ancestor
results/acceptance-ramulator2-20260917/wave_audit/period_3ns,directory,,3,3,simulation-results,已保存八组CPU/定向正式验收,不是源码,results/acceptance-ramulator2-20260917,inherited-from-ancestor
results/acceptance-ramulator2-20260917/wave_audit/power_off,directory,,3,3,simulation-results,已保存八组CPU/定向正式验收,不是源码,results/acceptance-ramulator2-20260917,inherited-from-ancestor
results/acceptance-ramulator2-20260917/wave_audit/replay,directory,,3,3,simulation-results,已保存八组CPU/定向正式验收,不是源码,results/acceptance-ramulator2-20260917,inherited-from-ancestor
results/acceptance-ramulator2-20260917/wave_audit/shallow,directory,,3,3,simulation-results,已保存八组CPU/定向正式验收,不是源码,results/acceptance-ramulator2-20260917,inherited-from-ancestor
results/acceptance-xpu-ramulator2-20260917,directory,,3,9831,simulation-results,已保存NPU/GPU/three/three_slow验收,不是源码,results/acceptance-xpu-ramulator2-20260917,manual
results/acceptance-xpu-ramulator2-20260917/api,directory,,1,47,simulation-results,已保存NPU/GPU/three/three_slow验收,不是源码,results/acceptance-xpu-ramulator2-20260917,inherited-from-ancestor
results/acceptance-xpu-ramulator2-20260917/api/fast,directory,,10,10,simulation-results,已保存NPU/GPU/three/three_slow验收,不是源码,results/acceptance-xpu-ramulator2-20260917,inherited-from-ancestor
results/acceptance-xpu-ramulator2-20260917/api/high_address,directory,,16,16,simulation-results,已保存NPU/GPU/three/three_slow验收,不是源码,results/acceptance-xpu-ramulator2-20260917,inherited-from-ancestor
results/acceptance-xpu-ramulator2-20260917/api/power_off,directory,,10,10,simulation-results,已保存NPU/GPU/three/three_slow验收,不是源码,results/acceptance-xpu-ramulator2-20260917,inherited-from-ancestor
results/acceptance-xpu-ramulator2-20260917/api/slow,directory,,10,10,simulation-results,已保存NPU/GPU/three/three_slow验收,不是源码,results/acceptance-xpu-ramulator2-20260917,inherited-from-ancestor
results/acceptance-xpu-ramulator2-20260917/environment,directory,,11,11,simulation-results,已保存NPU/GPU/three/three_slow验收,不是源码,results/acceptance-xpu-ramulator2-20260917,inherited-from-ancestor
results/acceptance-xpu-ramulator2-20260917/gpu,directory,,52,3389,simulation-results,已保存NPU/GPU/three/three_slow验收,不是源码,results/acceptance-xpu-ramulator2-20260917,inherited-from-ancestor
results/acceptance-xpu-ramulator2-20260917/gpu/hettrace,directory,,5,5,simulation-results,已保存NPU/GPU/three/three_slow验收,不是源码,results/acceptance-xpu-ramulator2-20260917,inherited-from-ancestor
results/acceptance-xpu-ramulator2-20260917/gpu/ramulator_data,directory,,1055,1055,simulation-results,已保存NPU/GPU/three/three_slow验收,不是源码,results/acceptance-xpu-ramulator2-20260917,inherited-from-ancestor
results/acceptance-xpu-ramulator2-20260917/gpu/trace_flits_data,directory,,2055,2055,simulation-results,已保存NPU/GPU/three/three_slow验收,不是源码,results/acceptance-xpu-ramulator2-20260917,inherited-from-ancestor
results/acceptance-xpu-ramulator2-20260917/gpu/trace_paths_data,directory,,222,222,simulation-results,已保存NPU/GPU/three/three_slow验收,不是源码,results/acceptance-xpu-ramulator2-20260917,inherited-from-ancestor
results/acceptance-xpu-ramulator2-20260917/npu,directory,,46,144,simulation-results,已保存NPU/GPU/three/three_slow验收,不是源码,results/acceptance-xpu-ramulator2-20260917,inherited-from-ancestor
results/acceptance-xpu-ramulator2-20260917/npu/hettrace,directory,,5,5,simulation-results,已保存NPU/GPU/three/three_slow验收,不是源码,results/acceptance-xpu-ramulator2-20260917,inherited-from-ancestor
results/acceptance-xpu-ramulator2-20260917/npu/ramulator_data,directory,,19,19,simulation-results,已保存NPU/GPU/three/three_slow验收,不是源码,results/acceptance-xpu-ramulator2-20260917,inherited-from-ancestor
results/acceptance-xpu-ramulator2-20260917/npu/trace_flits_data,directory,,67,67,simulation-results,已保存NPU/GPU/three/three_slow验收,不是源码,results/acceptance-xpu-ramulator2-20260917,inherited-from-ancestor
results/acceptance-xpu-ramulator2-20260917/npu/trace_paths_data,directory,,7,7,simulation-results,已保存NPU/GPU/three/three_slow验收,不是源码,results/acceptance-xpu-ramulator2-20260917,inherited-from-ancestor
results/acceptance-xpu-ramulator2-20260917/three,directory,,52,3453,simulation-results,已保存NPU/GPU/three/three_slow验收,不是源码,results/acceptance-xpu-ramulator2-20260917,inherited-from-ancestor
results/acceptance-xpu-ramulator2-20260917/three/hettrace,directory,,7,7,simulation-results,已保存NPU/GPU/three/three_slow验收,不是源码,results/acceptance-xpu-ramulator2-20260917,inherited-from-ancestor
results/acceptance-xpu-ramulator2-20260917/three/ramulator_data,directory,,1054,1054,simulation-results,已保存NPU/GPU/three/three_slow验收,不是源码,results/acceptance-xpu-ramulator2-20260917,inherited-from-ancestor
results/acceptance-xpu-ramulator2-20260917/three/trace_flits_data,directory,,2112,2112,simulation-results,已保存NPU/GPU/three/three_slow验收,不是源码,results/acceptance-xpu-ramulator2-20260917,inherited-from-ancestor
results/acceptance-xpu-ramulator2-20260917/three/trace_paths_data,directory,,228,228,simulation-results,已保存NPU/GPU/three/three_slow验收,不是源码,results/acceptance-xpu-ramulator2-20260917,inherited-from-ancestor
results/acceptance-xpu-ramulator2-20260917/three_slow,directory,,52,2771,simulation-results,已保存NPU/GPU/three/three_slow验收,不是源码,results/acceptance-xpu-ramulator2-20260917,inherited-from-ancestor
results/acceptance-xpu-ramulator2-20260917/three_slow/hettrace,directory,,7,7,simulation-results,已保存NPU/GPU/three/three_slow验收,不是源码,results/acceptance-xpu-ramulator2-20260917,inherited-from-ancestor
results/acceptance-xpu-ramulator2-20260917/three_slow/ramulator_data,directory,,371,371,simulation-results,已保存NPU/GPU/three/three_slow验收,不是源码,results/acceptance-xpu-ramulator2-20260917,inherited-from-ancestor
results/acceptance-xpu-ramulator2-20260917/three_slow/trace_flits_data,directory,,2113,2113,simulation-results,已保存NPU/GPU/three/three_slow验收,不是源码,results/acceptance-xpu-ramulator2-20260917,inherited-from-ancestor
results/acceptance-xpu-ramulator2-20260917/three_slow/trace_paths_data,directory,,228,228,simulation-results,已保存NPU/GPU/three/three_slow验收,不是源码,results/acceptance-xpu-ramulator2-20260917,inherited-from-ancestor
results/acceptance-xpu-ramulator2-20260917/wave_audit,directory,,1,13,simulation-results,已保存NPU/GPU/three/three_slow验收,不是源码,results/acceptance-xpu-ramulator2-20260917,inherited-from-ancestor
results/acceptance-xpu-ramulator2-20260917/wave_audit/gpu,directory,,3,3,simulation-results,已保存NPU/GPU/three/three_slow验收,不是源码,results/acceptance-xpu-ramulator2-20260917,inherited-from-ancestor
results/acceptance-xpu-ramulator2-20260917/wave_audit/npu,directory,,3,3,simulation-results,已保存NPU/GPU/three/three_slow验收,不是源码,results/acceptance-xpu-ramulator2-20260917,inherited-from-ancestor
results/acceptance-xpu-ramulator2-20260917/wave_audit/three,directory,,3,3,simulation-results,已保存NPU/GPU/three/three_slow验收,不是源码,results/acceptance-xpu-ramulator2-20260917,inherited-from-ancestor
results/acceptance-xpu-ramulator2-20260917/wave_audit/three_slow,directory,,3,3,simulation-results,已保存NPU/GPU/three/three_slow验收,不是源码,results/acceptance-xpu-ramulator2-20260917,inherited-from-ancestor
results/example-directed-20260918-PVEQkB,directory,,47,103,simulation-results,上一轮实际运行的单源定向示例,单源HetTrace显式诊断,results/example-directed-20260918-PVEQkB,manual
results/example-directed-20260918-PVEQkB/hettrace,directory,,3,3,simulation-results,上一轮实际运行的单源定向示例,单源HetTrace显式诊断,results/example-directed-20260918-PVEQkB,inherited-from-ancestor
results/example-directed-20260918-PVEQkB/ramulator_data,directory,,5,5,simulation-results,上一轮实际运行的单源定向示例,单源HetTrace显式诊断,results/example-directed-20260918-PVEQkB,inherited-from-ancestor
results/example-directed-20260918-PVEQkB/trace_flits_data,directory,,38,38,simulation-results,上一轮实际运行的单源定向示例,单源HetTrace显式诊断,results/example-directed-20260918-PVEQkB,inherited-from-ancestor
results/example-directed-20260918-PVEQkB/trace_paths_data,directory,,6,6,simulation-results,上一轮实际运行的单源定向示例,单源HetTrace显式诊断,results/example-directed-20260918-PVEQkB,inherited-from-ancestor
results/example-directed-20260918-PVEQkB/wave_audit,directory,,1,4,simulation-results,上一轮实际运行的单源定向示例,单源HetTrace显式诊断,results/example-directed-20260918-PVEQkB,inherited-from-ancestor
results/example-directed-20260918-PVEQkB/wave_audit/example-directed-20260918-PVEQkB,directory,,3,3,simulation-results,上一轮实际运行的单源定向示例,单源HetTrace显式诊断,results/example-directed-20260918-PVEQkB,inherited-from-ancestor
results/ramulator-dual-library-development,directory,,1,47,simulation-results,新旧Ramulator库共存开发验证,符号/模型隔离证据,results/ramulator-dual-library-development,manual
results/ramulator-dual-library-development/fast,directory,,10,10,simulation-results,新旧Ramulator库共存开发验证,符号/模型隔离证据,results/ramulator-dual-library-development,inherited-from-ancestor
results/ramulator-dual-library-development/high_address,directory,,16,16,simulation-results,新旧Ramulator库共存开发验证,符号/模型隔离证据,results/ramulator-dual-library-development,inherited-from-ancestor
results/ramulator-dual-library-development/power_off,directory,,10,10,simulation-results,新旧Ramulator库共存开发验证,符号/模型隔离证据,results/ramulator-dual-library-development,inherited-from-ancestor
results/ramulator-dual-library-development/slow,directory,,10,10,simulation-results,新旧Ramulator库共存开发验证,符号/模型隔离证据,results/ramulator-dual-library-development,inherited-from-ancestor
results/ramulator-native-development,directory,,1,29,simulation-results,native模型开发矩阵,开发证据，不能直接当正式整组summary,results/ramulator-native-development,manual
results/ramulator-native-development/fast,directory,,7,7,simulation-results,native模型开发矩阵,开发证据，不能直接当正式整组summary,results/ramulator-native-development,inherited-from-ancestor
results/ramulator-native-development/high_address,directory,,7,7,simulation-results,native模型开发矩阵,开发证据，不能直接当正式整组summary,results/ramulator-native-development,inherited-from-ancestor
results/ramulator-native-development/power_off,directory,,7,7,simulation-results,native模型开发矩阵,开发证据，不能直接当正式整组summary,results/ramulator-native-development,inherited-from-ancestor
results/ramulator-native-development/slow,directory,,7,7,simulation-results,native模型开发矩阵,开发证据，不能直接当正式整组summary,results/ramulator-native-development,inherited-from-ancestor
results/ramulator2-20260918T015736Z,directory,,5,1012,simulation-results,本机再次通过run_ramulator入口生成的CPU/定向结果目录,是否完整通过以目录summary和日志为准,results/ramulator2-20260918T015736Z,manual
results/ramulator2-20260918T015736Z/api,directory,,1,47,simulation-results,本机再次通过run_ramulator入口生成的CPU/定向结果目录,是否完整通过以目录summary和日志为准,results/ramulator2-20260918T015736Z,inherited-from-ancestor
results/ramulator2-20260918T015736Z/api/fast,directory,,10,10,simulation-results,本机再次通过run_ramulator入口生成的CPU/定向结果目录,是否完整通过以目录summary和日志为准,results/ramulator2-20260918T015736Z,inherited-from-ancestor
results/ramulator2-20260918T015736Z/api/high_address,directory,,16,16,simulation-results,本机再次通过run_ramulator入口生成的CPU/定向结果目录,是否完整通过以目录summary和日志为准,results/ramulator2-20260918T015736Z,inherited-from-ancestor
results/ramulator2-20260918T015736Z/api/power_off,directory,,10,10,simulation-results,本机再次通过run_ramulator入口生成的CPU/定向结果目录,是否完整通过以目录summary和日志为准,results/ramulator2-20260918T015736Z,inherited-from-ancestor
results/ramulator2-20260918T015736Z/api/slow,directory,,10,10,simulation-results,本机再次通过run_ramulator入口生成的CPU/定向结果目录,是否完整通过以目录summary和日志为准,results/ramulator2-20260918T015736Z,inherited-from-ancestor
results/ramulator2-20260918T015736Z/cpu,directory,,45,168,simulation-results,本机再次通过run_ramulator入口生成的CPU/定向结果目录,是否完整通过以目录summary和日志为准,results/ramulator2-20260918T015736Z,inherited-from-ancestor
results/ramulator2-20260918T015736Z/cpu/hettrace,directory,,3,3,simulation-results,本机再次通过run_ramulator入口生成的CPU/定向结果目录,是否完整通过以目录summary和日志为准,results/ramulator2-20260918T015736Z,inherited-from-ancestor
results/ramulator2-20260918T015736Z/cpu/ramulator_data,directory,,16,16,simulation-results,本机再次通过run_ramulator入口生成的CPU/定向结果目录,是否完整通过以目录summary和日志为准,results/ramulator2-20260918T015736Z,inherited-from-ancestor
results/ramulator2-20260918T015736Z/cpu/trace_flits_data,directory,,94,94,simulation-results,本机再次通过run_ramulator入口生成的CPU/定向结果目录,是否完整通过以目录summary和日志为准,results/ramulator2-20260918T015736Z,inherited-from-ancestor
results/ramulator2-20260918T015736Z/cpu/trace_paths_data,directory,,10,10,simulation-results,本机再次通过run_ramulator入口生成的CPU/定向结果目录,是否完整通过以目录summary和日志为准,results/ramulator2-20260918T015736Z,inherited-from-ancestor
results/ramulator2-20260918T015736Z/cpu_slow,directory,,45,162,simulation-results,本机再次通过run_ramulator入口生成的CPU/定向结果目录,是否完整通过以目录summary和日志为准,results/ramulator2-20260918T015736Z,inherited-from-ancestor
results/ramulator2-20260918T015736Z/cpu_slow/hettrace,directory,,3,3,simulation-results,本机再次通过run_ramulator入口生成的CPU/定向结果目录,是否完整通过以目录summary和日志为准,results/ramulator2-20260918T015736Z,inherited-from-ancestor
results/ramulator2-20260918T015736Z/cpu_slow/ramulator_data,directory,,10,10,simulation-results,本机再次通过run_ramulator入口生成的CPU/定向结果目录,是否完整通过以目录summary和日志为准,results/ramulator2-20260918T015736Z,inherited-from-ancestor
results/ramulator2-20260918T015736Z/cpu_slow/trace_flits_data,directory,,94,94,simulation-results,本机再次通过run_ramulator入口生成的CPU/定向结果目录,是否完整通过以目录summary和日志为准,results/ramulator2-20260918T015736Z,inherited-from-ancestor
results/ramulator2-20260918T015736Z/cpu_slow/trace_paths_data,directory,,10,10,simulation-results,本机再次通过run_ramulator入口生成的CPU/定向结果目录,是否完整通过以目录summary和日志为准,results/ramulator2-20260918T015736Z,inherited-from-ancestor
results/ramulator2-20260918T015736Z/directed,directory,,49,101,simulation-results,本机再次通过run_ramulator入口生成的CPU/定向结果目录,是否完整通过以目录summary和日志为准,results/ramulator2-20260918T015736Z,inherited-from-ancestor
results/ramulator2-20260918T015736Z/directed/hettrace,directory,,3,3,simulation-results,本机再次通过run_ramulator入口生成的CPU/定向结果目录,是否完整通过以目录summary和日志为准,results/ramulator2-20260918T015736Z,inherited-from-ancestor
results/ramulator2-20260918T015736Z/directed/ramulator_data,directory,,5,5,simulation-results,本机再次通过run_ramulator入口生成的CPU/定向结果目录,是否完整通过以目录summary和日志为准,results/ramulator2-20260918T015736Z,inherited-from-ancestor
results/ramulator2-20260918T015736Z/directed/trace_flits_data,directory,,38,38,simulation-results,本机再次通过run_ramulator入口生成的CPU/定向结果目录,是否完整通过以目录summary和日志为准,results/ramulator2-20260918T015736Z,inherited-from-ancestor
results/ramulator2-20260918T015736Z/directed/trace_paths_data,directory,,6,6,simulation-results,本机再次通过run_ramulator入口生成的CPU/定向结果目录,是否完整通过以目录summary和日志为准,results/ramulator2-20260918T015736Z,inherited-from-ancestor
results/ramulator2-20260918T015736Z/environment,directory,,8,8,simulation-results,本机再次通过run_ramulator入口生成的CPU/定向结果目录,是否完整通过以目录summary和日志为准,results/ramulator2-20260918T015736Z,inherited-from-ancestor
results/ramulator2-20260918T015736Z/held,directory,,47,101,simulation-results,本机再次通过run_ramulator入口生成的CPU/定向结果目录,是否完整通过以目录summary和日志为准,results/ramulator2-20260918T015736Z,inherited-from-ancestor
results/ramulator2-20260918T015736Z/held/hettrace,directory,,3,3,simulation-results,本机再次通过run_ramulator入口生成的CPU/定向结果目录,是否完整通过以目录summary和日志为准,results/ramulator2-20260918T015736Z,inherited-from-ancestor
results/ramulator2-20260918T015736Z/held/ramulator_data,directory,,8,8,simulation-results,本机再次通过run_ramulator入口生成的CPU/定向结果目录,是否完整通过以目录summary和日志为准,results/ramulator2-20260918T015736Z,inherited-from-ancestor
results/ramulator2-20260918T015736Z/held/trace_flits_data,directory,,37,37,simulation-results,本机再次通过run_ramulator入口生成的CPU/定向结果目录,是否完整通过以目录summary和日志为准,results/ramulator2-20260918T015736Z,inherited-from-ancestor
results/ramulator2-20260918T015736Z/held/trace_paths_data,directory,,6,6,simulation-results,本机再次通过run_ramulator入口生成的CPU/定向结果目录,是否完整通过以目录summary和日志为准,results/ramulator2-20260918T015736Z,inherited-from-ancestor
results/ramulator2-20260918T015736Z/period_3ns,directory,,47,99,simulation-results,本机再次通过run_ramulator入口生成的CPU/定向结果目录,是否完整通过以目录summary和日志为准,results/ramulator2-20260918T015736Z,inherited-from-ancestor
results/ramulator2-20260918T015736Z/period_3ns/hettrace,directory,,3,3,simulation-results,本机再次通过run_ramulator入口生成的CPU/定向结果目录,是否完整通过以目录summary和日志为准,results/ramulator2-20260918T015736Z,inherited-from-ancestor
results/ramulator2-20260918T015736Z/period_3ns/ramulator_data,directory,,5,5,simulation-results,本机再次通过run_ramulator入口生成的CPU/定向结果目录,是否完整通过以目录summary和日志为准,results/ramulator2-20260918T015736Z,inherited-from-ancestor
results/ramulator2-20260918T015736Z/period_3ns/trace_flits_data,directory,,38,38,simulation-results,本机再次通过run_ramulator入口生成的CPU/定向结果目录,是否完整通过以目录summary和日志为准,results/ramulator2-20260918T015736Z,inherited-from-ancestor
results/ramulator2-20260918T015736Z/period_3ns/trace_paths_data,directory,,6,6,simulation-results,本机再次通过run_ramulator入口生成的CPU/定向结果目录,是否完整通过以目录summary和日志为准,results/ramulator2-20260918T015736Z,inherited-from-ancestor
results/ramulator2-20260918T015736Z/power_off,directory,,45,97,simulation-results,本机再次通过run_ramulator入口生成的CPU/定向结果目录,是否完整通过以目录summary和日志为准,results/ramulator2-20260918T015736Z,inherited-from-ancestor
results/ramulator2-20260918T015736Z/power_off/hettrace,directory,,3,3,simulation-results,本机再次通过run_ramulator入口生成的CPU/定向结果目录,是否完整通过以目录summary和日志为准,results/ramulator2-20260918T015736Z,inherited-from-ancestor
results/ramulator2-20260918T015736Z/power_off/ramulator_data,directory,,5,5,simulation-results,本机再次通过run_ramulator入口生成的CPU/定向结果目录,是否完整通过以目录summary和日志为准,results/ramulator2-20260918T015736Z,inherited-from-ancestor
results/ramulator2-20260918T015736Z/power_off/trace_flits_data,directory,,38,38,simulation-results,本机再次通过run_ramulator入口生成的CPU/定向结果目录,是否完整通过以目录summary和日志为准,results/ramulator2-20260918T015736Z,inherited-from-ancestor
results/ramulator2-20260918T015736Z/power_off/trace_paths_data,directory,,6,6,simulation-results,本机再次通过run_ramulator入口生成的CPU/定向结果目录,是否完整通过以目录summary和日志为准,results/ramulator2-20260918T015736Z,inherited-from-ancestor
results/ramulator2-20260918T015736Z/replay,directory,,47,98,simulation-results,本机再次通过run_ramulator入口生成的CPU/定向结果目录,是否完整通过以目录summary和日志为准,results/ramulator2-20260918T015736Z,inherited-from-ancestor
results/ramulator2-20260918T015736Z/replay/hettrace,directory,,3,3,simulation-results,本机再次通过run_ramulator入口生成的CPU/定向结果目录,是否完整通过以目录summary和日志为准,results/ramulator2-20260918T015736Z,inherited-from-ancestor
results/ramulator2-20260918T015736Z/replay/ramulator_data,directory,,5,5,simulation-results,本机再次通过run_ramulator入口生成的CPU/定向结果目录,是否完整通过以目录summary和日志为准,results/ramulator2-20260918T015736Z,inherited-from-ancestor
results/ramulator2-20260918T015736Z/replay/trace_flits_data,directory,,37,37,simulation-results,本机再次通过run_ramulator入口生成的CPU/定向结果目录,是否完整通过以目录summary和日志为准,results/ramulator2-20260918T015736Z,inherited-from-ancestor
results/ramulator2-20260918T015736Z/replay/trace_paths_data,directory,,6,6,simulation-results,本机再次通过run_ramulator入口生成的CPU/定向结果目录,是否完整通过以目录summary和日志为准,results/ramulator2-20260918T015736Z,inherited-from-ancestor
results/ramulator2-20260918T015736Z/shallow,directory,,47,101,simulation-results,本机再次通过run_ramulator入口生成的CPU/定向结果目录,是否完整通过以目录summary和日志为准,results/ramulator2-20260918T015736Z,inherited-from-ancestor
results/ramulator2-20260918T015736Z/shallow/hettrace,directory,,3,3,simulation-results,本机再次通过run_ramulator入口生成的CPU/定向结果目录,是否完整通过以目录summary和日志为准,results/ramulator2-20260918T015736Z,inherited-from-ancestor
results/ramulator2-20260918T015736Z/shallow/ramulator_data,directory,,8,8,simulation-results,本机再次通过run_ramulator入口生成的CPU/定向结果目录,是否完整通过以目录summary和日志为准,results/ramulator2-20260918T015736Z,inherited-from-ancestor
results/ramulator2-20260918T015736Z/shallow/trace_flits_data,directory,,37,37,simulation-results,本机再次通过run_ramulator入口生成的CPU/定向结果目录,是否完整通过以目录summary和日志为准,results/ramulator2-20260918T015736Z,inherited-from-ancestor
results/ramulator2-20260918T015736Z/shallow/trace_paths_data,directory,,6,6,simulation-results,本机再次通过run_ramulator入口生成的CPU/定向结果目录,是否完整通过以目录summary和日志为准,results/ramulator2-20260918T015736Z,inherited-from-ancestor
results/ramulator2-20260918T015736Z/wave_audit,directory,,1,25,simulation-results,本机再次通过run_ramulator入口生成的CPU/定向结果目录,是否完整通过以目录summary和日志为准,results/ramulator2-20260918T015736Z,inherited-from-ancestor
results/ramulator2-20260918T015736Z/wave_audit/cpu,directory,,3,3,simulation-results,本机再次通过run_ramulator入口生成的CPU/定向结果目录,是否完整通过以目录summary和日志为准,results/ramulator2-20260918T015736Z,inherited-from-ancestor
results/ramulator2-20260918T015736Z/wave_audit/cpu_slow,directory,,3,3,simulation-results,本机再次通过run_ramulator入口生成的CPU/定向结果目录,是否完整通过以目录summary和日志为准,results/ramulator2-20260918T015736Z,inherited-from-ancestor
results/ramulator2-20260918T015736Z/wave_audit/directed,directory,,3,3,simulation-results,本机再次通过run_ramulator入口生成的CPU/定向结果目录,是否完整通过以目录summary和日志为准,results/ramulator2-20260918T015736Z,inherited-from-ancestor
results/ramulator2-20260918T015736Z/wave_audit/held,directory,,3,3,simulation-results,本机再次通过run_ramulator入口生成的CPU/定向结果目录,是否完整通过以目录summary和日志为准,results/ramulator2-20260918T015736Z,inherited-from-ancestor
results/ramulator2-20260918T015736Z/wave_audit/period_3ns,directory,,3,3,simulation-results,本机再次通过run_ramulator入口生成的CPU/定向结果目录,是否完整通过以目录summary和日志为准,results/ramulator2-20260918T015736Z,inherited-from-ancestor
results/ramulator2-20260918T015736Z/wave_audit/power_off,directory,,3,3,simulation-results,本机再次通过run_ramulator入口生成的CPU/定向结果目录,是否完整通过以目录summary和日志为准,results/ramulator2-20260918T015736Z,inherited-from-ancestor
results/ramulator2-20260918T015736Z/wave_audit/replay,directory,,3,3,simulation-results,本机再次通过run_ramulator入口生成的CPU/定向结果目录,是否完整通过以目录summary和日志为准,results/ramulator2-20260918T015736Z,inherited-from-ancestor
results/ramulator2-20260918T015736Z/wave_audit/shallow,directory,,3,3,simulation-results,本机再次通过run_ramulator入口生成的CPU/定向结果目录,是否完整通过以目录summary和日志为准,results/ramulator2-20260918T015736Z,inherited-from-ancestor
results/xpu-20260918T015919Z,directory,,3,9831,simulation-results,本机再次通过run_xpu入口生成的设备结果目录,是否完整通过以目录summary和日志为准,results/xpu-20260918T015919Z,manual
results/xpu-20260918T015919Z/api,directory,,1,47,simulation-results,本机再次通过run_xpu入口生成的设备结果目录,是否完整通过以目录summary和日志为准,results/xpu-20260918T015919Z,inherited-from-ancestor
results/xpu-20260918T015919Z/api/fast,directory,,10,10,simulation-results,本机再次通过run_xpu入口生成的设备结果目录,是否完整通过以目录summary和日志为准,results/xpu-20260918T015919Z,inherited-from-ancestor
results/xpu-20260918T015919Z/api/high_address,directory,,16,16,simulation-results,本机再次通过run_xpu入口生成的设备结果目录,是否完整通过以目录summary和日志为准,results/xpu-20260918T015919Z,inherited-from-ancestor
results/xpu-20260918T015919Z/api/power_off,directory,,10,10,simulation-results,本机再次通过run_xpu入口生成的设备结果目录,是否完整通过以目录summary和日志为准,results/xpu-20260918T015919Z,inherited-from-ancestor
results/xpu-20260918T015919Z/api/slow,directory,,10,10,simulation-results,本机再次通过run_xpu入口生成的设备结果目录,是否完整通过以目录summary和日志为准,results/xpu-20260918T015919Z,inherited-from-ancestor
results/xpu-20260918T015919Z/environment,directory,,11,11,simulation-results,本机再次通过run_xpu入口生成的设备结果目录,是否完整通过以目录summary和日志为准,results/xpu-20260918T015919Z,inherited-from-ancestor
results/xpu-20260918T015919Z/gpu,directory,,52,3389,simulation-results,本机再次通过run_xpu入口生成的设备结果目录,是否完整通过以目录summary和日志为准,results/xpu-20260918T015919Z,inherited-from-ancestor
results/xpu-20260918T015919Z/gpu/hettrace,directory,,5,5,simulation-results,本机再次通过run_xpu入口生成的设备结果目录,是否完整通过以目录summary和日志为准,results/xpu-20260918T015919Z,inherited-from-ancestor
results/xpu-20260918T015919Z/gpu/ramulator_data,directory,,1055,1055,simulation-results,本机再次通过run_xpu入口生成的设备结果目录,是否完整通过以目录summary和日志为准,results/xpu-20260918T015919Z,inherited-from-ancestor
results/xpu-20260918T015919Z/gpu/trace_flits_data,directory,,2055,2055,simulation-results,本机再次通过run_xpu入口生成的设备结果目录,是否完整通过以目录summary和日志为准,results/xpu-20260918T015919Z,inherited-from-ancestor
results/xpu-20260918T015919Z/gpu/trace_paths_data,directory,,222,222,simulation-results,本机再次通过run_xpu入口生成的设备结果目录,是否完整通过以目录summary和日志为准,results/xpu-20260918T015919Z,inherited-from-ancestor
results/xpu-20260918T015919Z/npu,directory,,46,144,simulation-results,本机再次通过run_xpu入口生成的设备结果目录,是否完整通过以目录summary和日志为准,results/xpu-20260918T015919Z,inherited-from-ancestor
results/xpu-20260918T015919Z/npu/hettrace,directory,,5,5,simulation-results,本机再次通过run_xpu入口生成的设备结果目录,是否完整通过以目录summary和日志为准,results/xpu-20260918T015919Z,inherited-from-ancestor
results/xpu-20260918T015919Z/npu/ramulator_data,directory,,19,19,simulation-results,本机再次通过run_xpu入口生成的设备结果目录,是否完整通过以目录summary和日志为准,results/xpu-20260918T015919Z,inherited-from-ancestor
results/xpu-20260918T015919Z/npu/trace_flits_data,directory,,67,67,simulation-results,本机再次通过run_xpu入口生成的设备结果目录,是否完整通过以目录summary和日志为准,results/xpu-20260918T015919Z,inherited-from-ancestor
results/xpu-20260918T015919Z/npu/trace_paths_data,directory,,7,7,simulation-results,本机再次通过run_xpu入口生成的设备结果目录,是否完整通过以目录summary和日志为准,results/xpu-20260918T015919Z,inherited-from-ancestor
results/xpu-20260918T015919Z/three,directory,,52,3453,simulation-results,本机再次通过run_xpu入口生成的设备结果目录,是否完整通过以目录summary和日志为准,results/xpu-20260918T015919Z,inherited-from-ancestor
results/xpu-20260918T015919Z/three/hettrace,directory,,7,7,simulation-results,本机再次通过run_xpu入口生成的设备结果目录,是否完整通过以目录summary和日志为准,results/xpu-20260918T015919Z,inherited-from-ancestor
results/xpu-20260918T015919Z/three/ramulator_data,directory,,1054,1054,simulation-results,本机再次通过run_xpu入口生成的设备结果目录,是否完整通过以目录summary和日志为准,results/xpu-20260918T015919Z,inherited-from-ancestor
results/xpu-20260918T015919Z/three/trace_flits_data,directory,,2112,2112,simulation-results,本机再次通过run_xpu入口生成的设备结果目录,是否完整通过以目录summary和日志为准,results/xpu-20260918T015919Z,inherited-from-ancestor
results/xpu-20260918T015919Z/three/trace_paths_data,directory,,228,228,simulation-results,本机再次通过run_xpu入口生成的设备结果目录,是否完整通过以目录summary和日志为准,results/xpu-20260918T015919Z,inherited-from-ancestor
results/xpu-20260918T015919Z/three_slow,directory,,52,2771,simulation-results,本机再次通过run_xpu入口生成的设备结果目录,是否完整通过以目录summary和日志为准,results/xpu-20260918T015919Z,inherited-from-ancestor
results/xpu-20260918T015919Z/three_slow/hettrace,directory,,7,7,simulation-results,本机再次通过run_xpu入口生成的设备结果目录,是否完整通过以目录summary和日志为准,results/xpu-20260918T015919Z,inherited-from-ancestor
results/xpu-20260918T015919Z/three_slow/ramulator_data,directory,,371,371,simulation-results,本机再次通过run_xpu入口生成的设备结果目录,是否完整通过以目录summary和日志为准,results/xpu-20260918T015919Z,inherited-from-ancestor
results/xpu-20260918T015919Z/three_slow/trace_flits_data,directory,,2113,2113,simulation-results,本机再次通过run_xpu入口生成的设备结果目录,是否完整通过以目录summary和日志为准,results/xpu-20260918T015919Z,inherited-from-ancestor
results/xpu-20260918T015919Z/three_slow/trace_paths_data,directory,,228,228,simulation-results,本机再次通过run_xpu入口生成的设备结果目录,是否完整通过以目录summary和日志为准,results/xpu-20260918T015919Z,inherited-from-ancestor
results/xpu-20260918T015919Z/wave_audit,directory,,1,13,simulation-results,本机再次通过run_xpu入口生成的设备结果目录,是否完整通过以目录summary和日志为准,results/xpu-20260918T015919Z,inherited-from-ancestor
results/xpu-20260918T015919Z/wave_audit/gpu,directory,,3,3,simulation-results,本机再次通过run_xpu入口生成的设备结果目录,是否完整通过以目录summary和日志为准,results/xpu-20260918T015919Z,inherited-from-ancestor
results/xpu-20260918T015919Z/wave_audit/npu,directory,,3,3,simulation-results,本机再次通过run_xpu入口生成的设备结果目录,是否完整通过以目录summary和日志为准,results/xpu-20260918T015919Z,inherited-from-ancestor
results/xpu-20260918T015919Z/wave_audit/three,directory,,3,3,simulation-results,本机再次通过run_xpu入口生成的设备结果目录,是否完整通过以目录summary和日志为准,results/xpu-20260918T015919Z,inherited-from-ancestor
results/xpu-20260918T015919Z/wave_audit/three_slow,directory,,3,3,simulation-results,本机再次通过run_xpu入口生成的设备结果目录,是否完整通过以目录summary和日志为准,results/xpu-20260918T015919Z,inherited-from-ancestor
ucie-model,directory,,6,20,main-source-tree,UCIe 双向行为级传输模型,链路源码,ucie-model,manual
ucie-model/results,directory,,2,2,simulation-results,独立链路测试的输出位置，当前保存LINK_VALIDATION_REPORT.md,不代表整机验收结果,ucie-model/results,manual
ucie-model/scripts,directory,,3,3,main-source-tree,独立测试、参数扫描和验证,组件链路验证,ucie-model/scripts,manual
ucie-model/src,directory,,7,7,main-source-tree,FDI类型、帧编解码、CRC、UcieLink、行为PHY、standalone主程序及单元测试,整机主要复用头文件中的 link/PHY；standalone主程序不作为整机入口,ucie-model/src,manual
ucie-model/tests,directory,,2,2,main-source-tree,外部payload输入、期望输出等固定测试数据,测试输入,ucie-model/tests,manual
vortex-gpu,directory,,0,4620,main-source-tree,外部 GPU 源码和单独构建目录的容器,只有其中 vortex 及其递归依赖是外部子模块,vortex-gpu,manual
vortex-gpu/vortex,directory,,16,4122,external-gpu-tree,固定revision的外部Vortex子模块,不擅自更新/reset，必要差异保存于gem5_new/vortexint/patches,vortex-gpu/vortex,manual
vortex-gpu/vortex/.github,directory,,0,3,external-gpu-tree,上游CI,开发基础设施,vortex-gpu/vortex/.github,manual
vortex-gpu/vortex/.github/actions,directory,,0,1,external-gpu-tree,上游CI,开发基础设施,vortex-gpu/vortex/.github,inherited-from-ancestor
vortex-gpu/vortex/.github/actions/setup-vortex,directory,,1,1,external-gpu-tree,上游CI,开发基础设施,vortex-gpu/vortex/.github,inherited-from-ancestor
vortex-gpu/vortex/.github/workflows,directory,,2,2,external-gpu-tree,上游CI,开发基础设施,vortex-gpu/vortex/.github,inherited-from-ancestor
vortex-gpu/vortex/ci,directory,,25,67,external-gpu-tree,configure/build、blackbox、regression和测试目录,开发基础设施,vortex-gpu/vortex/ci,manual
vortex-gpu/vortex/ci/perf,directory,,0,8,external-gpu-tree,性能gate与baseline,不手改golden来掩盖性能变化,vortex-gpu/vortex/ci/perf,manual
vortex-gpu/vortex/ci/perf/baselines,directory,,8,8,external-gpu-tree,性能gate与baseline,不手改golden来掩盖性能变化,vortex-gpu/vortex/ci/perf,inherited-from-ancestor
vortex-gpu/vortex/ci/testcases,directory,,34,34,external-gpu-tree,YAML测试catalog,独立回归,vortex-gpu/vortex/ci/testcases,manual
vortex-gpu/vortex/docs,directory,,21,52,external-gpu-tree,上游架构和开发文档,文档,vortex-gpu/vortex/docs,manual
vortex-gpu/vortex/docs/assets,directory,,0,2,external-gpu-tree,上游架构和开发文档,文档,vortex-gpu/vortex/docs,inherited-from-ancestor
vortex-gpu/vortex/docs/assets/img,directory,,2,2,external-gpu-tree,上游架构和开发文档,文档,vortex-gpu/vortex/docs,inherited-from-ancestor
vortex-gpu/vortex/docs/designs,directory,,28,28,external-gpu-tree,上游架构和开发文档,文档,vortex-gpu/vortex/docs,inherited-from-ancestor
vortex-gpu/vortex/docs/proposals,directory,,1,1,external-gpu-tree,上游架构和开发文档,文档,vortex-gpu/vortex/docs,inherited-from-ancestor
vortex-gpu/vortex/hw,directory,,1,761,external-gpu-tree,GPU RTL、DPI、综合和硬件单元测试,当前整机GPU选择SimX，非全RTL,vortex-gpu/vortex/hw,manual
vortex-gpu/vortex/hw/dpi,directory,,4,4,external-gpu-tree,DPI公共仿真模型,RTL仿真,vortex-gpu/vortex/hw/dpi,manual
vortex-gpu/vortex/hw/rtl,directory,,12,373,external-gpu-tree,GPU RTL、DPI、综合和硬件单元测试,当前整机GPU选择SimX，非全RTL,vortex-gpu/vortex/hw,inherited-from-ancestor
vortex-gpu/vortex/hw/rtl/afu,directory,,0,9,external-gpu-tree,FPGA AFU壳,独立平台,vortex-gpu/vortex/hw/rtl/afu,manual
vortex-gpu/vortex/hw/rtl/afu/opae,directory,,4,5,external-gpu-tree,FPGA AFU壳,独立平台,vortex-gpu/vortex/hw/rtl/afu,inherited-from-ancestor
vortex-gpu/vortex/hw/rtl/afu/opae/ccip,directory,,1,1,external-gpu-tree,FPGA AFU壳,独立平台,vortex-gpu/vortex/hw/rtl/afu,inherited-from-ancestor
vortex-gpu/vortex/hw/rtl/afu/xrt,directory,,4,4,external-gpu-tree,FPGA AFU壳,独立平台,vortex-gpu/vortex/hw/rtl/afu,inherited-from-ancestor
vortex-gpu/vortex/hw/rtl/cache,directory,,15,15,external-gpu-tree,cache银行、MSHR、flush等,硬件设计,vortex-gpu/vortex/hw/rtl/cache,manual
vortex-gpu/vortex/hw/rtl/core,directory,,41,41,external-gpu-tree,GPU core流水线,硬件设计,vortex-gpu/vortex/hw/rtl/core,manual
vortex-gpu/vortex/hw/rtl/cp,directory,,17,17,external-gpu-tree,command processor,硬件设计,vortex-gpu/vortex/hw/rtl/cp,manual
vortex-gpu/vortex/hw/rtl/dxa,directory,,15,15,external-gpu-tree,异步数据搬运加速器,可选硬件能力,vortex-gpu/vortex/hw/rtl/dxa,manual
vortex-gpu/vortex/hw/rtl/fpu,directory,,19,19,external-gpu-tree,浮点单元,硬件设计,vortex-gpu/vortex/hw/rtl/fpu,manual
vortex-gpu/vortex/hw/rtl/gfx,directory,,5,5,external-gpu-tree,公共图形逻辑,图形能力,vortex-gpu/vortex/hw/rtl/gfx,manual
vortex-gpu/vortex/hw/rtl/interfaces,directory,,25,25,external-gpu-tree,模块间SV接口,RTL契约,vortex-gpu/vortex/hw/rtl/interfaces,manual
vortex-gpu/vortex/hw/rtl/libs,directory,,80,80,external-gpu-tree,queue、arbiter、crossbar等通用模块,RTL公共层,vortex-gpu/vortex/hw/rtl/libs,manual
vortex-gpu/vortex/hw/rtl/mem,directory,,22,22,external-gpu-tree,arbiter、adapter和local memory,硬件设计,vortex-gpu/vortex/hw/rtl/mem,manual
vortex-gpu/vortex/hw/rtl/om,directory,,18,18,external-gpu-tree,output merger,图形能力,vortex-gpu/vortex/hw/rtl/om,manual
vortex-gpu/vortex/hw/rtl/raster,directory,,19,19,external-gpu-tree,光栅化,图形能力,vortex-gpu/vortex/hw/rtl/raster,manual
vortex-gpu/vortex/hw/rtl/rtu,directory,,16,16,external-gpu-tree,ray tracing单元,可选硬件能力,vortex-gpu/vortex/hw/rtl/rtu,manual
vortex-gpu/vortex/hw/rtl/tcu,directory,,14,43,external-gpu-tree,tensor core,可选硬件能力,vortex-gpu/vortex/hw/rtl/tcu,manual
vortex-gpu/vortex/hw/rtl/tcu/bhf,directory,,7,7,external-gpu-tree,tensor core,可选硬件能力,vortex-gpu/vortex/hw/rtl/tcu,inherited-from-ancestor
vortex-gpu/vortex/hw/rtl/tcu/dpi,directory,,1,1,external-gpu-tree,tensor core,可选硬件能力,vortex-gpu/vortex/hw/rtl/tcu,inherited-from-ancestor
vortex-gpu/vortex/hw/rtl/tcu/dsp,directory,,1,1,external-gpu-tree,tensor core,可选硬件能力,vortex-gpu/vortex/hw/rtl/tcu,inherited-from-ancestor
vortex-gpu/vortex/hw/rtl/tcu/fpnew,directory,,3,3,external-gpu-tree,tensor core,可选硬件能力,vortex-gpu/vortex/hw/rtl/tcu,inherited-from-ancestor
vortex-gpu/vortex/hw/rtl/tcu/tfr,directory,,17,17,external-gpu-tree,tensor core,可选硬件能力,vortex-gpu/vortex/hw/rtl/tcu,inherited-from-ancestor
vortex-gpu/vortex/hw/rtl/tex,directory,,17,17,external-gpu-tree,纹理单元,图形能力,vortex-gpu/vortex/hw/rtl/tex,manual
vortex-gpu/vortex/hw/scripts,directory,,14,14,external-gpu-tree,RTL预处理和构建工具,开发工具,vortex-gpu/vortex/hw/scripts,manual
vortex-gpu/vortex/hw/syn,directory,,2,278,external-gpu-tree,Quartus/Vivado/Synopsys/Yosys等综合流程,独立PPA/平台流程,vortex-gpu/vortex/hw/syn,manual
vortex-gpu/vortex/hw/syn/altera,directory,,6,28,external-gpu-tree,Quartus/Vivado/Synopsys/Yosys等综合流程,独立PPA/平台流程,vortex-gpu/vortex/hw/syn,inherited-from-ancestor
vortex-gpu/vortex/hw/syn/altera/dut,directory,,5,15,external-gpu-tree,Quartus/Vivado/Synopsys/Yosys等综合流程,独立PPA/平台流程,vortex-gpu/vortex/hw/syn,inherited-from-ancestor
vortex-gpu/vortex/hw/syn/altera/dut/cache,directory,,1,1,external-gpu-tree,Quartus/Vivado/Synopsys/Yosys等综合流程,独立PPA/平台流程,vortex-gpu/vortex/hw/syn,inherited-from-ancestor
vortex-gpu/vortex/hw/syn/altera/dut/core,directory,,1,1,external-gpu-tree,Quartus/Vivado/Synopsys/Yosys等综合流程,独立PPA/平台流程,vortex-gpu/vortex/hw/syn,inherited-from-ancestor
vortex-gpu/vortex/hw/syn/altera/dut/fpu,directory,,1,1,external-gpu-tree,Quartus/Vivado/Synopsys/Yosys等综合流程,独立PPA/平台流程,vortex-gpu/vortex/hw/syn,inherited-from-ancestor
vortex-gpu/vortex/hw/syn/altera/dut/issue,directory,,1,1,external-gpu-tree,Quartus/Vivado/Synopsys/Yosys等综合流程,独立PPA/平台流程,vortex-gpu/vortex/hw/syn,inherited-from-ancestor
vortex-gpu/vortex/hw/syn/altera/dut/lmem,directory,,1,1,external-gpu-tree,Quartus/Vivado/Synopsys/Yosys等综合流程,独立PPA/平台流程,vortex-gpu/vortex/hw/syn,inherited-from-ancestor
vortex-gpu/vortex/hw/syn/altera/dut/mem_unit,directory,,1,1,external-gpu-tree,Quartus/Vivado/Synopsys/Yosys等综合流程,独立PPA/平台流程,vortex-gpu/vortex/hw/syn,inherited-from-ancestor
vortex-gpu/vortex/hw/syn/altera/dut/scope,directory,,1,1,external-gpu-tree,Quartus/Vivado/Synopsys/Yosys等综合流程,独立PPA/平台流程,vortex-gpu/vortex/hw/syn,inherited-from-ancestor
vortex-gpu/vortex/hw/syn/altera/dut/top,directory,,1,1,external-gpu-tree,Quartus/Vivado/Synopsys/Yosys等综合流程,独立PPA/平台流程,vortex-gpu/vortex/hw/syn,inherited-from-ancestor
vortex-gpu/vortex/hw/syn/altera/dut/unittest,directory,,1,1,external-gpu-tree,Quartus/Vivado/Synopsys/Yosys等综合流程,独立PPA/平台流程,vortex-gpu/vortex/hw/syn,inherited-from-ancestor
vortex-gpu/vortex/hw/syn/altera/dut/vortex,directory,,1,1,external-gpu-tree,Quartus/Vivado/Synopsys/Yosys等综合流程,独立PPA/平台流程,vortex-gpu/vortex/hw/syn,inherited-from-ancestor
vortex-gpu/vortex/hw/syn/altera/opae,directory,,7,7,external-gpu-tree,Quartus/Vivado/Synopsys/Yosys等综合流程,独立PPA/平台流程,vortex-gpu/vortex/hw/syn,inherited-from-ancestor
vortex-gpu/vortex/hw/syn/libs,directory,,2,196,external-gpu-tree,Quartus/Vivado/Synopsys/Yosys等综合流程,独立PPA/平台流程,vortex-gpu/vortex/hw/syn,inherited-from-ancestor
vortex-gpu/vortex/hw/syn/libs/cln28hpc,directory,,0,53,external-gpu-tree,Quartus/Vivado/Synopsys/Yosys等综合流程,独立PPA/平台流程,vortex-gpu/vortex/hw/syn,inherited-from-ancestor
vortex-gpu/vortex/hw/syn/libs/cln28hpc/rf2_32x128_wm1,directory,,26,53,external-gpu-tree,Quartus/Vivado/Synopsys/Yosys等综合流程,独立PPA/平台流程,vortex-gpu/vortex/hw/syn,inherited-from-ancestor
vortex-gpu/vortex/hw/syn/libs/cln28hpc/rf2_32x128_wm1/vsim,directory,,5,27,external-gpu-tree,Quartus/Vivado/Synopsys/Yosys等综合流程,独立PPA/平台流程,vortex-gpu/vortex/hw/syn,inherited-from-ancestor
vortex-gpu/vortex/hw/syn/libs/cln28hpc/rf2_32x128_wm1/vsim/work,directory,,6,22,external-gpu-tree,Quartus/Vivado/Synopsys/Yosys等综合流程,独立PPA/平台流程,vortex-gpu/vortex/hw/syn,inherited-from-ancestor
vortex-gpu/vortex/hw/syn/libs/cln28hpc/rf2_32x128_wm1/vsim/work/@_opt,directory,,16,16,external-gpu-tree,Quartus/Vivado/Synopsys/Yosys等综合流程,独立PPA/平台流程,vortex-gpu/vortex/hw/syn,inherited-from-ancestor
vortex-gpu/vortex/hw/syn/libs/cln28hpm,directory,,2,139,external-gpu-tree,Quartus/Vivado/Synopsys/Yosys等综合流程,独立PPA/平台流程,vortex-gpu/vortex/hw/syn,inherited-from-ancestor
vortex-gpu/vortex/hw/syn/libs/cln28hpm/2d_hardmacro_db,directory,,12,12,external-gpu-tree,Quartus/Vivado/Synopsys/Yosys等综合流程,独立PPA/平台流程,vortex-gpu/vortex/hw/syn,inherited-from-ancestor
vortex-gpu/vortex/hw/syn/libs/cln28hpm/rf2_128x128_wm1,directory,,25,25,external-gpu-tree,Quartus/Vivado/Synopsys/Yosys等综合流程,独立PPA/平台流程,vortex-gpu/vortex/hw/syn,inherited-from-ancestor
vortex-gpu/vortex/hw/syn/libs/cln28hpm/rf2_256x128_wm1,directory,,25,25,external-gpu-tree,Quartus/Vivado/Synopsys/Yosys等综合流程,独立PPA/平台流程,vortex-gpu/vortex/hw/syn,inherited-from-ancestor
vortex-gpu/vortex/hw/syn/libs/cln28hpm/rf2_256x19_wm0,directory,,25,25,external-gpu-tree,Quartus/Vivado/Synopsys/Yosys等综合流程,独立PPA/平台流程,vortex-gpu/vortex/hw/syn,inherited-from-ancestor
vortex-gpu/vortex/hw/syn/libs/cln28hpm/rf2_32x128_wm1,directory,,25,28,external-gpu-tree,Quartus/Vivado/Synopsys/Yosys等综合流程,独立PPA/平台流程,vortex-gpu/vortex/hw/syn,inherited-from-ancestor
vortex-gpu/vortex/hw/syn/libs/cln28hpm/rf2_32x128_wm1/vsim,directory,,3,3,external-gpu-tree,Quartus/Vivado/Synopsys/Yosys等综合流程,独立PPA/平台流程,vortex-gpu/vortex/hw/syn,inherited-from-ancestor
vortex-gpu/vortex/hw/syn/libs/cln28hpm/rf2_32x19_wm0,directory,,22,22,external-gpu-tree,Quartus/Vivado/Synopsys/Yosys等综合流程,独立PPA/平台流程,vortex-gpu/vortex/hw/syn,inherited-from-ancestor
vortex-gpu/vortex/hw/syn/libs/no_mem,directory,,2,2,external-gpu-tree,Quartus/Vivado/Synopsys/Yosys等综合流程,独立PPA/平台流程,vortex-gpu/vortex/hw/syn,inherited-from-ancestor
vortex-gpu/vortex/hw/syn/synopsys,directory,,7,7,external-gpu-tree,Quartus/Vivado/Synopsys/Yosys等综合流程,独立PPA/平台流程,vortex-gpu/vortex/hw/syn,inherited-from-ancestor
vortex-gpu/vortex/hw/syn/xilinx,directory,,4,40,external-gpu-tree,Quartus/Vivado/Synopsys/Yosys等综合流程,独立PPA/平台流程,vortex-gpu/vortex/hw/syn,inherited-from-ancestor
vortex-gpu/vortex/hw/syn/xilinx/dut,directory,,5,23,external-gpu-tree,Quartus/Vivado/Synopsys/Yosys等综合流程,独立PPA/平台流程,vortex-gpu/vortex/hw/syn,inherited-from-ancestor
vortex-gpu/vortex/hw/syn/xilinx/dut/cache,directory,,1,1,external-gpu-tree,Quartus/Vivado/Synopsys/Yosys等综合流程,独立PPA/平台流程,vortex-gpu/vortex/hw/syn,inherited-from-ancestor
vortex-gpu/vortex/hw/syn/xilinx/dut/core,directory,,1,1,external-gpu-tree,Quartus/Vivado/Synopsys/Yosys等综合流程,独立PPA/平台流程,vortex-gpu/vortex/hw/syn,inherited-from-ancestor
vortex-gpu/vortex/hw/syn/xilinx/dut/cp,directory,,1,1,external-gpu-tree,Quartus/Vivado/Synopsys/Yosys等综合流程,独立PPA/平台流程,vortex-gpu/vortex/hw/syn,inherited-from-ancestor
vortex-gpu/vortex/hw/syn/xilinx/dut/dxa,directory,,1,1,external-gpu-tree,Quartus/Vivado/Synopsys/Yosys等综合流程,独立PPA/平台流程,vortex-gpu/vortex/hw/syn,inherited-from-ancestor
vortex-gpu/vortex/hw/syn/xilinx/dut/fpu,directory,,1,1,external-gpu-tree,Quartus/Vivado/Synopsys/Yosys等综合流程,独立PPA/平台流程,vortex-gpu/vortex/hw/syn,inherited-from-ancestor
vortex-gpu/vortex/hw/syn/xilinx/dut/issue,directory,,1,1,external-gpu-tree,Quartus/Vivado/Synopsys/Yosys等综合流程,独立PPA/平台流程,vortex-gpu/vortex/hw/syn,inherited-from-ancestor
vortex-gpu/vortex/hw/syn/xilinx/dut/lmem,directory,,1,1,external-gpu-tree,Quartus/Vivado/Synopsys/Yosys等综合流程,独立PPA/平台流程,vortex-gpu/vortex/hw/syn,inherited-from-ancestor
vortex-gpu/vortex/hw/syn/xilinx/dut/mem_unit,directory,,1,1,external-gpu-tree,Quartus/Vivado/Synopsys/Yosys等综合流程,独立PPA/平台流程,vortex-gpu/vortex/hw/syn,inherited-from-ancestor
vortex-gpu/vortex/hw/syn/xilinx/dut/om,directory,,1,1,external-gpu-tree,Quartus/Vivado/Synopsys/Yosys等综合流程,独立PPA/平台流程,vortex-gpu/vortex/hw/syn,inherited-from-ancestor
vortex-gpu/vortex/hw/syn/xilinx/dut/raster,directory,,1,1,external-gpu-tree,Quartus/Vivado/Synopsys/Yosys等综合流程,独立PPA/平台流程,vortex-gpu/vortex/hw/syn,inherited-from-ancestor
vortex-gpu/vortex/hw/syn/xilinx/dut/rtu,directory,,1,1,external-gpu-tree,Quartus/Vivado/Synopsys/Yosys等综合流程,独立PPA/平台流程,vortex-gpu/vortex/hw/syn,inherited-from-ancestor
vortex-gpu/vortex/hw/syn/xilinx/dut/rtu_top,directory,,1,1,external-gpu-tree,Quartus/Vivado/Synopsys/Yosys等综合流程,独立PPA/平台流程,vortex-gpu/vortex/hw/syn,inherited-from-ancestor
vortex-gpu/vortex/hw/syn/xilinx/dut/scope,directory,,1,1,external-gpu-tree,Quartus/Vivado/Synopsys/Yosys等综合流程,独立PPA/平台流程,vortex-gpu/vortex/hw/syn,inherited-from-ancestor
vortex-gpu/vortex/hw/syn/xilinx/dut/tcu,directory,,1,1,external-gpu-tree,Quartus/Vivado/Synopsys/Yosys等综合流程,独立PPA/平台流程,vortex-gpu/vortex/hw/syn,inherited-from-ancestor
vortex-gpu/vortex/hw/syn/xilinx/dut/tex,directory,,1,1,external-gpu-tree,Quartus/Vivado/Synopsys/Yosys等综合流程,独立PPA/平台流程,vortex-gpu/vortex/hw/syn,inherited-from-ancestor
vortex-gpu/vortex/hw/syn/xilinx/dut/top,directory,,1,1,external-gpu-tree,Quartus/Vivado/Synopsys/Yosys等综合流程,独立PPA/平台流程,vortex-gpu/vortex/hw/syn,inherited-from-ancestor
vortex-gpu/vortex/hw/syn/xilinx/dut/unittest,directory,,1,1,external-gpu-tree,Quartus/Vivado/Synopsys/Yosys等综合流程,独立PPA/平台流程,vortex-gpu/vortex/hw/syn,inherited-from-ancestor
vortex-gpu/vortex/hw/syn/xilinx/dut/vortex,directory,,1,1,external-gpu-tree,Quartus/Vivado/Synopsys/Yosys等综合流程,独立PPA/平台流程,vortex-gpu/vortex/hw/syn,inherited-from-ancestor
vortex-gpu/vortex/hw/syn/xilinx/sandbox,directory,,7,7,external-gpu-tree,Quartus/Vivado/Synopsys/Yosys等综合流程,独立PPA/平台流程,vortex-gpu/vortex/hw/syn,inherited-from-ancestor
vortex-gpu/vortex/hw/syn/xilinx/xrt,directory,,6,6,external-gpu-tree,Quartus/Vivado/Synopsys/Yosys等综合流程,独立PPA/平台流程,vortex-gpu/vortex/hw/syn,inherited-from-ancestor
vortex-gpu/vortex/hw/syn/yosys,directory,,5,5,external-gpu-tree,Quartus/Vivado/Synopsys/Yosys等综合流程,独立PPA/平台流程,vortex-gpu/vortex/hw/syn,inherited-from-ancestor
vortex-gpu/vortex/hw/unittest,directory,,3,91,external-gpu-tree,单个RTL模块回归,硬件组件测试,vortex-gpu/vortex/hw/unittest,manual
vortex-gpu/vortex/hw/unittest/cache,directory,,3,3,external-gpu-tree,单个RTL模块回归,硬件组件测试,vortex-gpu/vortex/hw/unittest,inherited-from-ancestor
vortex-gpu/vortex/hw/unittest/common,directory,,1,1,external-gpu-tree,单个RTL模块回归,硬件组件测试,vortex-gpu/vortex/hw/unittest,inherited-from-ancestor
vortex-gpu/vortex/hw/unittest/core,directory,,3,3,external-gpu-tree,单个RTL模块回归,硬件组件测试,vortex-gpu/vortex/hw/unittest,inherited-from-ancestor
vortex-gpu/vortex/hw/unittest/cp_arbiter,directory,,3,3,external-gpu-tree,单个RTL模块回归,硬件组件测试,vortex-gpu/vortex/hw/unittest,inherited-from-ancestor
vortex-gpu/vortex/hw/unittest/cp_axi_path,directory,,3,3,external-gpu-tree,单个RTL模块回归,硬件组件测试,vortex-gpu/vortex/hw/unittest,inherited-from-ancestor
vortex-gpu/vortex/hw/unittest/cp_axil_regfile,directory,,3,3,external-gpu-tree,单个RTL模块回归,硬件组件测试,vortex-gpu/vortex/hw/unittest,inherited-from-ancestor
vortex-gpu/vortex/hw/unittest/cp_core,directory,,3,3,external-gpu-tree,单个RTL模块回归,硬件组件测试,vortex-gpu/vortex/hw/unittest,inherited-from-ancestor
vortex-gpu/vortex/hw/unittest/cp_dcr_proxy,directory,,3,3,external-gpu-tree,单个RTL模块回归,硬件组件测试,vortex-gpu/vortex/hw/unittest,inherited-from-ancestor
vortex-gpu/vortex/hw/unittest/cp_dma,directory,,3,3,external-gpu-tree,单个RTL模块回归,硬件组件测试,vortex-gpu/vortex/hw/unittest,inherited-from-ancestor
vortex-gpu/vortex/hw/unittest/cp_engine,directory,,3,3,external-gpu-tree,单个RTL模块回归,硬件组件测试,vortex-gpu/vortex/hw/unittest,inherited-from-ancestor
vortex-gpu/vortex/hw/unittest/cp_launch,directory,,3,3,external-gpu-tree,单个RTL模块回归,硬件组件测试,vortex-gpu/vortex/hw/unittest,inherited-from-ancestor
vortex-gpu/vortex/hw/unittest/cp_unpack,directory,,3,3,external-gpu-tree,单个RTL模块回归,硬件组件测试,vortex-gpu/vortex/hw/unittest,inherited-from-ancestor
vortex-gpu/vortex/hw/unittest/cta_dispatcher,directory,,3,3,external-gpu-tree,单个RTL模块回归,硬件组件测试,vortex-gpu/vortex/hw/unittest,inherited-from-ancestor
vortex-gpu/vortex/hw/unittest/dxa_core,directory,,3,3,external-gpu-tree,单个RTL模块回归,硬件组件测试,vortex-gpu/vortex/hw/unittest,inherited-from-ancestor
vortex-gpu/vortex/hw/unittest/fcvt_unit,directory,,2,2,external-gpu-tree,单个RTL模块回归,硬件组件测试,vortex-gpu/vortex/hw/unittest,inherited-from-ancestor
vortex-gpu/vortex/hw/unittest/fdiv_unit,directory,,2,2,external-gpu-tree,单个RTL模块回归,硬件组件测试,vortex-gpu/vortex/hw/unittest,inherited-from-ancestor
vortex-gpu/vortex/hw/unittest/fdivsqrt_unit,directory,,2,2,external-gpu-tree,单个RTL模块回归,硬件组件测试,vortex-gpu/vortex/hw/unittest,inherited-from-ancestor
vortex-gpu/vortex/hw/unittest/fma_unit,directory,,2,2,external-gpu-tree,单个RTL模块回归,硬件组件测试,vortex-gpu/vortex/hw/unittest,inherited-from-ancestor
vortex-gpu/vortex/hw/unittest/fsqrt_unit,directory,,2,2,external-gpu-tree,单个RTL模块回归,硬件组件测试,vortex-gpu/vortex/hw/unittest,inherited-from-ancestor
vortex-gpu/vortex/hw/unittest/generic_queue,directory,,2,2,external-gpu-tree,单个RTL模块回归,硬件组件测试,vortex-gpu/vortex/hw/unittest,inherited-from-ancestor
vortex-gpu/vortex/hw/unittest/issue,directory,,3,3,external-gpu-tree,单个RTL模块回归,硬件组件测试,vortex-gpu/vortex/hw/unittest,inherited-from-ancestor
vortex-gpu/vortex/hw/unittest/kmu,directory,,3,3,external-gpu-tree,单个RTL模块回归,硬件组件测试,vortex-gpu/vortex/hw/unittest,inherited-from-ancestor
vortex-gpu/vortex/hw/unittest/local_mem,directory,,3,3,external-gpu-tree,单个RTL模块回归,硬件组件测试,vortex-gpu/vortex/hw/unittest,inherited-from-ancestor
vortex-gpu/vortex/hw/unittest/mem_scheduler,directory,,5,5,external-gpu-tree,单个RTL模块回归,硬件组件测试,vortex-gpu/vortex/hw/unittest,inherited-from-ancestor
vortex-gpu/vortex/hw/unittest/mem_unit,directory,,3,3,external-gpu-tree,单个RTL模块回归,硬件组件测试,vortex-gpu/vortex/hw/unittest,inherited-from-ancestor
vortex-gpu/vortex/hw/unittest/om_core,directory,,3,3,external-gpu-tree,单个RTL模块回归,硬件组件测试,vortex-gpu/vortex/hw/unittest,inherited-from-ancestor
vortex-gpu/vortex/hw/unittest/raster_core,directory,,3,3,external-gpu-tree,单个RTL模块回归,硬件组件测试,vortex-gpu/vortex/hw/unittest,inherited-from-ancestor
vortex-gpu/vortex/hw/unittest/rtu_core,directory,,1,1,external-gpu-tree,单个RTL模块回归,硬件组件测试,vortex-gpu/vortex/hw/unittest,inherited-from-ancestor
vortex-gpu/vortex/hw/unittest/rtu_top,directory,,1,1,external-gpu-tree,单个RTL模块回归,硬件组件测试,vortex-gpu/vortex/hw/unittest,inherited-from-ancestor
vortex-gpu/vortex/hw/unittest/tcu_fedp,directory,,5,5,external-gpu-tree,单个RTL模块回归,硬件组件测试,vortex-gpu/vortex/hw/unittest,inherited-from-ancestor
vortex-gpu/vortex/hw/unittest/tcu_unit,directory,,3,3,external-gpu-tree,单个RTL模块回归,硬件组件测试,vortex-gpu/vortex/hw/unittest,inherited-from-ancestor
vortex-gpu/vortex/hw/unittest/tex_core,directory,,3,3,external-gpu-tree,单个RTL模块回归,硬件组件测试,vortex-gpu/vortex/hw/unittest,inherited-from-ancestor
vortex-gpu/vortex/miscs,directory,,1,11,external-gpu-tree,杂项资源,开发辅助,vortex-gpu/vortex/miscs,manual
vortex-gpu/vortex/miscs/apptainer,directory,,6,6,external-gpu-tree,杂项资源,开发辅助,vortex-gpu/vortex/miscs,inherited-from-ancestor
vortex-gpu/vortex/miscs/docker,directory,,2,2,external-gpu-tree,杂项资源,开发辅助,vortex-gpu/vortex/miscs,inherited-from-ancestor
vortex-gpu/vortex/miscs/patches,directory,,2,2,external-gpu-tree,杂项资源,开发辅助,vortex-gpu/vortex/miscs,inherited-from-ancestor
vortex-gpu/vortex/perf,directory,,1,10,external-gpu-tree,性能分析资源,独立分析,vortex-gpu/vortex/perf,manual
vortex-gpu/vortex/perf/cache,directory,,1,1,external-gpu-tree,性能分析资源,独立分析,vortex-gpu/vortex/perf,inherited-from-ancestor
vortex-gpu/vortex/perf/results,directory,,0,8,external-gpu-tree,性能分析资源,独立分析,vortex-gpu/vortex/perf,inherited-from-ancestor
vortex-gpu/vortex/perf/results/dse,directory,,0,4,external-gpu-tree,性能分析资源,独立分析,vortex-gpu/vortex/perf,inherited-from-ancestor
vortex-gpu/vortex/perf/results/dse/wgmma,directory,,0,4,external-gpu-tree,性能分析资源,独立分析,vortex-gpu/vortex/perf,inherited-from-ancestor
vortex-gpu/vortex/perf/results/dse/wgmma/desc,directory,,2,2,external-gpu-tree,性能分析资源,独立分析,vortex-gpu/vortex/perf,inherited-from-ancestor
vortex-gpu/vortex/perf/results/dse/wgmma/sp_rs_ss,directory,,2,2,external-gpu-tree,性能分析资源,独立分析,vortex-gpu/vortex/perf,inherited-from-ancestor
vortex-gpu/vortex/perf/results/tcu,directory,,4,4,external-gpu-tree,性能分析资源,独立分析,vortex-gpu/vortex/perf,inherited-from-ancestor
vortex-gpu/vortex/sim,directory,,2,166,external-gpu-tree,多种GPU仿真器,当前选择SimX,vortex-gpu/vortex/sim,manual
vortex-gpu/vortex/sim/common,directory,,13,13,external-gpu-tree,多模拟器共用CP、ELF、地址/内存等设施,SimX等复用,vortex-gpu/vortex/sim/common,manual
vortex-gpu/vortex/sim/opaesim,directory,,7,7,external-gpu-tree,OPAE AFU RTL模拟器,独立平台,vortex-gpu/vortex/sim/opaesim,manual
vortex-gpu/vortex/sim/rtlsim,directory,,6,6,external-gpu-tree,Verilator处理器RTL模拟器,当前GPU配置未选择,vortex-gpu/vortex/sim/rtlsim,manual
vortex-gpu/vortex/sim/simx,directory,,51,131,external-gpu-tree,周期近似C++ GPU模型、core/LSU/cache/访存,当前GPU计算执行,vortex-gpu/vortex/sim/simx,manual
vortex-gpu/vortex/sim/simx/amo,directory,,3,3,external-gpu-tree,周期近似C++ GPU模型、core/LSU/cache/访存,当前GPU计算执行,vortex-gpu/vortex/sim/simx,inherited-from-ancestor
vortex-gpu/vortex/sim/simx/dtm,directory,,6,6,external-gpu-tree,周期近似C++ GPU模型、core/LSU/cache/访存,当前GPU计算执行,vortex-gpu/vortex/sim/simx,inherited-from-ancestor
vortex-gpu/vortex/sim/simx/dxa,directory,,4,4,external-gpu-tree,周期近似C++ GPU模型、core/LSU/cache/访存,当前GPU计算执行,vortex-gpu/vortex/sim/simx,inherited-from-ancestor
vortex-gpu/vortex/sim/simx/gem5,directory,,10,10,external-gpu-tree,GPU C ABI和在线timing seam,gem5设备壳↔SimX,vortex-gpu/vortex/sim/simx/gem5,manual
vortex-gpu/vortex/sim/simx/hettrace,directory,,3,3,external-gpu-tree,安装的共享trace头,适配构建支持,vortex-gpu/vortex/sim/simx/hettrace,manual
vortex-gpu/vortex/sim/simx/kmu,directory,,2,2,external-gpu-tree,周期近似C++ GPU模型、core/LSU/cache/访存,当前GPU计算执行,vortex-gpu/vortex/sim/simx,inherited-from-ancestor
vortex-gpu/vortex/sim/simx/mem,directory,,19,19,external-gpu-tree,SimX cache/外存边界,timing callback发出请求，完成后生成MemRsp,vortex-gpu/vortex/sim/simx/mem,manual
vortex-gpu/vortex/sim/simx/om,directory,,4,4,external-gpu-tree,周期近似C++ GPU模型、core/LSU/cache/访存,当前GPU计算执行,vortex-gpu/vortex/sim/simx,inherited-from-ancestor
vortex-gpu/vortex/sim/simx/raster,directory,,3,3,external-gpu-tree,周期近似C++ GPU模型、core/LSU/cache/访存,当前GPU计算执行,vortex-gpu/vortex/sim/simx,inherited-from-ancestor
vortex-gpu/vortex/sim/simx/rtu,directory,,14,14,external-gpu-tree,周期近似C++ GPU模型、core/LSU/cache/访存,当前GPU计算执行,vortex-gpu/vortex/sim/simx,inherited-from-ancestor
vortex-gpu/vortex/sim/simx/sst,directory,,4,4,external-gpu-tree,周期近似C++ GPU模型、core/LSU/cache/访存,当前GPU计算执行,vortex-gpu/vortex/sim/simx,inherited-from-ancestor
vortex-gpu/vortex/sim/simx/tcu,directory,,4,4,external-gpu-tree,周期近似C++ GPU模型、core/LSU/cache/访存,当前GPU计算执行,vortex-gpu/vortex/sim/simx,inherited-from-ancestor
vortex-gpu/vortex/sim/simx/tex,directory,,4,4,external-gpu-tree,周期近似C++ GPU模型、core/LSU/cache/访存,当前GPU计算执行,vortex-gpu/vortex/sim/simx,inherited-from-ancestor
vortex-gpu/vortex/sim/xrtsim,directory,,7,7,external-gpu-tree,XRT AFU RTL模拟器,独立平台,vortex-gpu/vortex/sim/xrtsim,manual
vortex-gpu/vortex/sw,directory,,1,113,external-gpu-tree,Host runtime、device kernel和共享ABI,软件栈,vortex-gpu/vortex/sw,manual
vortex-gpu/vortex/sw/common,directory,,32,32,external-gpu-tree,GPU内部共享ABI和公共工具,跨runtime/model共享，非系统AoU格式,vortex-gpu/vortex/sw/common,manual
vortex-gpu/vortex/sw/gfx,directory,,3,3,external-gpu-tree,图形软件emitters,当前vecadd未使用,vortex-gpu/vortex/sw/gfx,manual
vortex-gpu/vortex/sw/kernel,directory,,1,24,external-gpu-tree,device端启动、kernel API和intrinsics,kernel构建与执行,vortex-gpu/vortex/sw/kernel,manual
vortex-gpu/vortex/sw/kernel/include,directory,,10,10,external-gpu-tree,device端启动、kernel API和intrinsics,kernel构建与执行,vortex-gpu/vortex/sw/kernel,inherited-from-ancestor
vortex-gpu/vortex/sw/kernel/scripts,directory,,4,4,external-gpu-tree,device端启动、kernel API和intrinsics,kernel构建与执行,vortex-gpu/vortex/sw/kernel,inherited-from-ancestor
vortex-gpu/vortex/sw/kernel/src,directory,,9,9,external-gpu-tree,device端启动、kernel API和intrinsics,kernel构建与执行,vortex-gpu/vortex/sw/kernel,inherited-from-ancestor
vortex-gpu/vortex/sw/runtime,directory,,5,53,external-gpu-tree,Host API及多种driver backend,当前使用stub/gem5相关库,vortex-gpu/vortex/sw/runtime,manual
vortex-gpu/vortex/sw/runtime/common,directory,,23,23,external-gpu-tree,runtime公共内存/管理逻辑,Host软件层,vortex-gpu/vortex/sw/runtime/common,manual
vortex-gpu/vortex/sw/runtime/gem5,directory,,4,4,external-gpu-tree,gem5环境Host driver backend,Host提交GPU任务、PIO/CP控制,vortex-gpu/vortex/sw/runtime/gem5,manual
vortex-gpu/vortex/sw/runtime/include,directory,,7,7,external-gpu-tree,公共driver头,Host API,vortex-gpu/vortex/sw/runtime/include,manual
vortex-gpu/vortex/sw/runtime/opae,directory,,4,4,external-gpu-tree,Host API及多种driver backend,当前使用stub/gem5相关库,vortex-gpu/vortex/sw/runtime,inherited-from-ancestor
vortex-gpu/vortex/sw/runtime/rtlsim,directory,,2,2,external-gpu-tree,Host API及多种driver backend,当前使用stub/gem5相关库,vortex-gpu/vortex/sw/runtime,inherited-from-ancestor
vortex-gpu/vortex/sw/runtime/simx,directory,,2,2,external-gpu-tree,Host API及多种driver backend,当前使用stub/gem5相关库,vortex-gpu/vortex/sw/runtime,inherited-from-ancestor
vortex-gpu/vortex/sw/runtime/stub,directory,,2,2,external-gpu-tree,动态backend分发,runtime加载,vortex-gpu/vortex/sw/runtime/stub,manual
vortex-gpu/vortex/sw/runtime/xrt,directory,,4,4,external-gpu-tree,Host API及多种driver backend,当前使用stub/gem5相关库,vortex-gpu/vortex/sw/runtime,inherited-from-ancestor
vortex-gpu/vortex/tests,directory,,1,973,external-gpu-tree,kernel、runtime、ISA、应用和图形测试,当前整机只运行所选工作负载,vortex-gpu/vortex/tests,manual
vortex-gpu/vortex/tests/graphics,directory,,2,114,external-gpu-tree,图形pipeline测试,独立能力,vortex-gpu/vortex/tests/graphics,manual
vortex-gpu/vortex/tests/graphics/common,directory,,1,1,external-gpu-tree,图形pipeline测试,独立能力,vortex-gpu/vortex/tests/graphics,inherited-from-ancestor
vortex-gpu/vortex/tests/graphics/gfx_draw3d,directory,,40,40,external-gpu-tree,图形pipeline测试,独立能力,vortex-gpu/vortex/tests/graphics,inherited-from-ancestor
vortex-gpu/vortex/tests/graphics/gfx_om,directory,,11,11,external-gpu-tree,图形pipeline测试,独立能力,vortex-gpu/vortex/tests/graphics,inherited-from-ancestor
vortex-gpu/vortex/tests/graphics/gfx_pipeline_om,directory,,4,4,external-gpu-tree,图形pipeline测试,独立能力,vortex-gpu/vortex/tests/graphics,inherited-from-ancestor
vortex-gpu/vortex/tests/graphics/gfx_pipeline_raster,directory,,4,4,external-gpu-tree,图形pipeline测试,独立能力,vortex-gpu/vortex/tests/graphics,inherited-from-ancestor
vortex-gpu/vortex/tests/graphics/gfx_pipeline_tex,directory,,4,4,external-gpu-tree,图形pipeline测试,独立能力,vortex-gpu/vortex/tests/graphics,inherited-from-ancestor
vortex-gpu/vortex/tests/graphics/gfx_raster,directory,,11,11,external-gpu-tree,图形pipeline测试,独立能力,vortex-gpu/vortex/tests/graphics,inherited-from-ancestor
vortex-gpu/vortex/tests/graphics/gfx_tex,directory,,29,29,external-gpu-tree,图形pipeline测试,独立能力,vortex-gpu/vortex/tests/graphics,inherited-from-ancestor
vortex-gpu/vortex/tests/graphics/gfx_tex4,directory,,4,4,external-gpu-tree,图形pipeline测试,独立能力,vortex-gpu/vortex/tests/graphics,inherited-from-ancestor
vortex-gpu/vortex/tests/graphics/gfx_tex4q,directory,,4,4,external-gpu-tree,图形pipeline测试,独立能力,vortex-gpu/vortex/tests/graphics,inherited-from-ancestor
vortex-gpu/vortex/tests/hip,directory,,2,14,external-gpu-tree,HIP应用,独立能力,vortex-gpu/vortex/tests/hip,manual
vortex-gpu/vortex/tests/hip/atomicreduce,directory,,3,3,external-gpu-tree,HIP应用,独立能力,vortex-gpu/vortex/tests/hip,inherited-from-ancestor
vortex-gpu/vortex/tests/hip/histogram,directory,,3,3,external-gpu-tree,HIP应用,独立能力,vortex-gpu/vortex/tests/hip,inherited-from-ancestor
vortex-gpu/vortex/tests/hip/sgemm,directory,,3,3,external-gpu-tree,HIP应用,独立能力,vortex-gpu/vortex/tests/hip,inherited-from-ancestor
vortex-gpu/vortex/tests/hip/vecadd,directory,,3,3,external-gpu-tree,HIP应用,独立能力,vortex-gpu/vortex/tests/hip,inherited-from-ancestor
vortex-gpu/vortex/tests/kernel,directory,,2,12,external-gpu-tree,device kernel测试,独立测试,vortex-gpu/vortex/tests/kernel,manual
vortex-gpu/vortex/tests/kernel/conform,directory,,4,4,external-gpu-tree,device kernel测试,独立测试,vortex-gpu/vortex/tests/kernel,inherited-from-ancestor
vortex-gpu/vortex/tests/kernel/fibonacci,directory,,2,2,external-gpu-tree,device kernel测试,独立测试,vortex-gpu/vortex/tests/kernel,inherited-from-ancestor
vortex-gpu/vortex/tests/kernel/hello,directory,,2,2,external-gpu-tree,device kernel测试,独立测试,vortex-gpu/vortex/tests/kernel,inherited-from-ancestor
vortex-gpu/vortex/tests/kernel/vecadd,directory,,2,2,external-gpu-tree,device kernel测试,独立测试,vortex-gpu/vortex/tests/kernel,inherited-from-ancestor
vortex-gpu/vortex/tests/mpi,directory,,2,35,external-gpu-tree,多进程应用,独立能力,vortex-gpu/vortex/tests/mpi,manual
vortex-gpu/vortex/tests/mpi/mpi_blocked_sgemm,directory,,4,4,external-gpu-tree,多进程应用,独立能力,vortex-gpu/vortex/tests/mpi,inherited-from-ancestor
vortex-gpu/vortex/tests/mpi/mpi_conv3,directory,,4,4,external-gpu-tree,多进程应用,独立能力,vortex-gpu/vortex/tests/mpi,inherited-from-ancestor
vortex-gpu/vortex/tests/mpi/mpi_diverge,directory,,4,4,external-gpu-tree,多进程应用,独立能力,vortex-gpu/vortex/tests/mpi,inherited-from-ancestor
vortex-gpu/vortex/tests/mpi/mpi_dotproduct,directory,,4,4,external-gpu-tree,多进程应用,独立能力,vortex-gpu/vortex/tests/mpi,inherited-from-ancestor
vortex-gpu/vortex/tests/mpi/mpi_neighbor_a2a_conv3,directory,,4,4,external-gpu-tree,多进程应用,独立能力,vortex-gpu/vortex/tests/mpi,inherited-from-ancestor
vortex-gpu/vortex/tests/mpi/mpi_put_dotproduct,directory,,4,4,external-gpu-tree,多进程应用,独立能力,vortex-gpu/vortex/tests/mpi,inherited-from-ancestor
vortex-gpu/vortex/tests/mpi/mpi_sgemm,directory,,4,4,external-gpu-tree,多进程应用,独立能力,vortex-gpu/vortex/tests/mpi,inherited-from-ancestor
vortex-gpu/vortex/tests/mpi/mpi_vecadd,directory,,5,5,external-gpu-tree,多进程应用,独立能力,vortex-gpu/vortex/tests/mpi,inherited-from-ancestor
vortex-gpu/vortex/tests/opencl,directory,,2,285,external-gpu-tree,OpenCL应用/benchmark,独立能力,vortex-gpu/vortex/tests/opencl,manual
vortex-gpu/vortex/tests/opencl/atomicreduce,directory,,4,4,external-gpu-tree,OpenCL应用/benchmark,独立能力,vortex-gpu/vortex/tests/opencl,inherited-from-ancestor
vortex-gpu/vortex/tests/opencl/backprop,directory,,3,3,external-gpu-tree,OpenCL应用/benchmark,独立能力,vortex-gpu/vortex/tests/opencl,inherited-from-ancestor
vortex-gpu/vortex/tests/opencl/bfs,directory,,12,12,external-gpu-tree,OpenCL应用/benchmark,独立能力,vortex-gpu/vortex/tests/opencl,inherited-from-ancestor
vortex-gpu/vortex/tests/opencl/blackscholes,directory,,15,15,external-gpu-tree,OpenCL应用/benchmark,独立能力,vortex-gpu/vortex/tests/opencl,inherited-from-ancestor
vortex-gpu/vortex/tests/opencl/btree,directory,,3,3,external-gpu-tree,OpenCL应用/benchmark,独立能力,vortex-gpu/vortex/tests/opencl,inherited-from-ancestor
vortex-gpu/vortex/tests/opencl/cfd,directory,,3,3,external-gpu-tree,OpenCL应用/benchmark,独立能力,vortex-gpu/vortex/tests/opencl,inherited-from-ancestor
vortex-gpu/vortex/tests/opencl/conv3,directory,,3,3,external-gpu-tree,OpenCL应用/benchmark,独立能力,vortex-gpu/vortex/tests/opencl,inherited-from-ancestor
vortex-gpu/vortex/tests/opencl/copybuf,directory,,2,2,external-gpu-tree,OpenCL应用/benchmark,独立能力,vortex-gpu/vortex/tests/opencl,inherited-from-ancestor
vortex-gpu/vortex/tests/opencl/dotproduct,directory,,12,12,external-gpu-tree,OpenCL应用/benchmark,独立能力,vortex-gpu/vortex/tests/opencl,inherited-from-ancestor
vortex-gpu/vortex/tests/opencl/dwt2d,directory,,3,3,external-gpu-tree,OpenCL应用/benchmark,独立能力,vortex-gpu/vortex/tests/opencl,inherited-from-ancestor
vortex-gpu/vortex/tests/opencl/guassian,directory,,14,14,external-gpu-tree,OpenCL应用/benchmark,独立能力,vortex-gpu/vortex/tests/opencl,inherited-from-ancestor
vortex-gpu/vortex/tests/opencl/heartwall,directory,,3,3,external-gpu-tree,OpenCL应用/benchmark,独立能力,vortex-gpu/vortex/tests/opencl,inherited-from-ancestor
vortex-gpu/vortex/tests/opencl/histogram,directory,,4,4,external-gpu-tree,OpenCL应用/benchmark,独立能力,vortex-gpu/vortex/tests/opencl,inherited-from-ancestor
vortex-gpu/vortex/tests/opencl/hotspot,directory,,3,3,external-gpu-tree,OpenCL应用/benchmark,独立能力,vortex-gpu/vortex/tests/opencl,inherited-from-ancestor
vortex-gpu/vortex/tests/opencl/hotspot3D,directory,,3,3,external-gpu-tree,OpenCL应用/benchmark,独立能力,vortex-gpu/vortex/tests/opencl,inherited-from-ancestor
vortex-gpu/vortex/tests/opencl/hybridsort,directory,,3,3,external-gpu-tree,OpenCL应用/benchmark,独立能力,vortex-gpu/vortex/tests/opencl,inherited-from-ancestor
vortex-gpu/vortex/tests/opencl/image_copy,directory,,3,3,external-gpu-tree,OpenCL应用/benchmark,独立能力,vortex-gpu/vortex/tests/opencl,inherited-from-ancestor
vortex-gpu/vortex/tests/opencl/image_ff,directory,,3,3,external-gpu-tree,OpenCL应用/benchmark,独立能力,vortex-gpu/vortex/tests/opencl,inherited-from-ancestor
vortex-gpu/vortex/tests/opencl/image_ff_bgra,directory,,3,3,external-gpu-tree,OpenCL应用/benchmark,独立能力,vortex-gpu/vortex/tests/opencl,inherited-from-ancestor
vortex-gpu/vortex/tests/opencl/image_ff_linear,directory,,3,3,external-gpu-tree,OpenCL应用/benchmark,独立能力,vortex-gpu/vortex/tests/opencl,inherited-from-ancestor
vortex-gpu/vortex/tests/opencl/image_get,directory,,3,3,external-gpu-tree,OpenCL应用/benchmark,独立能力,vortex-gpu/vortex/tests/opencl,inherited-from-ancestor
vortex-gpu/vortex/tests/opencl/image_hwsw,directory,,3,3,external-gpu-tree,OpenCL应用/benchmark,独立能力,vortex-gpu/vortex/tests/opencl,inherited-from-ancestor
vortex-gpu/vortex/tests/opencl/image_int,directory,,3,3,external-gpu-tree,OpenCL应用/benchmark,独立能力,vortex-gpu/vortex/tests/opencl,inherited-from-ancestor
vortex-gpu/vortex/tests/opencl/image_linear,directory,,3,3,external-gpu-tree,OpenCL应用/benchmark,独立能力,vortex-gpu/vortex/tests/opencl,inherited-from-ancestor
vortex-gpu/vortex/tests/opencl/kmeans,directory,,12,12,external-gpu-tree,OpenCL应用/benchmark,独立能力,vortex-gpu/vortex/tests/opencl,inherited-from-ancestor
vortex-gpu/vortex/tests/opencl/lavaMD,directory,,3,3,external-gpu-tree,OpenCL应用/benchmark,独立能力,vortex-gpu/vortex/tests/opencl,inherited-from-ancestor
vortex-gpu/vortex/tests/opencl/lbm,directory,,20,20,external-gpu-tree,OpenCL应用/benchmark,独立能力,vortex-gpu/vortex/tests/opencl,inherited-from-ancestor
vortex-gpu/vortex/tests/opencl/lud,directory,,3,3,external-gpu-tree,OpenCL应用/benchmark,独立能力,vortex-gpu/vortex/tests/opencl,inherited-from-ancestor
vortex-gpu/vortex/tests/opencl/myocyte,directory,,4,4,external-gpu-tree,OpenCL应用/benchmark,独立能力,vortex-gpu/vortex/tests/opencl,inherited-from-ancestor
vortex-gpu/vortex/tests/opencl/nearn,directory,,16,20,external-gpu-tree,OpenCL应用/benchmark,独立能力,vortex-gpu/vortex/tests/opencl,inherited-from-ancestor
vortex-gpu/vortex/tests/opencl/nearn/inputgen,directory,,4,4,external-gpu-tree,OpenCL应用/benchmark,独立能力,vortex-gpu/vortex/tests/opencl,inherited-from-ancestor
vortex-gpu/vortex/tests/opencl/nw,directory,,3,3,external-gpu-tree,OpenCL应用/benchmark,独立能力,vortex-gpu/vortex/tests/opencl,inherited-from-ancestor
vortex-gpu/vortex/tests/opencl/oclprintf,directory,,3,3,external-gpu-tree,OpenCL应用/benchmark,独立能力,vortex-gpu/vortex/tests/opencl,inherited-from-ancestor
vortex-gpu/vortex/tests/opencl/pathfinder,directory,,3,3,external-gpu-tree,OpenCL应用/benchmark,独立能力,vortex-gpu/vortex/tests/opencl,inherited-from-ancestor
vortex-gpu/vortex/tests/opencl/psort,directory,,3,3,external-gpu-tree,OpenCL应用/benchmark,独立能力,vortex-gpu/vortex/tests/opencl,inherited-from-ancestor
vortex-gpu/vortex/tests/opencl/psum,directory,,3,3,external-gpu-tree,OpenCL应用/benchmark,独立能力,vortex-gpu/vortex/tests/opencl,inherited-from-ancestor
vortex-gpu/vortex/tests/opencl/saxpy,directory,,4,4,external-gpu-tree,OpenCL应用/benchmark,独立能力,vortex-gpu/vortex/tests/opencl,inherited-from-ancestor
vortex-gpu/vortex/tests/opencl/sfilter,directory,,4,4,external-gpu-tree,OpenCL应用/benchmark,独立能力,vortex-gpu/vortex/tests/opencl,inherited-from-ancestor
vortex-gpu/vortex/tests/opencl/sgemm,directory,,5,5,external-gpu-tree,OpenCL应用/benchmark,独立能力,vortex-gpu/vortex/tests/opencl,inherited-from-ancestor
vortex-gpu/vortex/tests/opencl/sgemm2,directory,,4,4,external-gpu-tree,OpenCL应用/benchmark,独立能力,vortex-gpu/vortex/tests/opencl,inherited-from-ancestor
vortex-gpu/vortex/tests/opencl/sgemm3,directory,,4,4,external-gpu-tree,OpenCL应用/benchmark,独立能力,vortex-gpu/vortex/tests/opencl,inherited-from-ancestor
vortex-gpu/vortex/tests/opencl/spmv,directory,,29,29,external-gpu-tree,OpenCL应用/benchmark,独立能力,vortex-gpu/vortex/tests/opencl,inherited-from-ancestor
vortex-gpu/vortex/tests/opencl/srad,directory,,3,3,external-gpu-tree,OpenCL应用/benchmark,独立能力,vortex-gpu/vortex/tests/opencl,inherited-from-ancestor
vortex-gpu/vortex/tests/opencl/stencil,directory,,18,18,external-gpu-tree,OpenCL应用/benchmark,独立能力,vortex-gpu/vortex/tests/opencl,inherited-from-ancestor
vortex-gpu/vortex/tests/opencl/streamcluster,directory,,3,3,external-gpu-tree,OpenCL应用/benchmark,独立能力,vortex-gpu/vortex/tests/opencl,inherited-from-ancestor
vortex-gpu/vortex/tests/opencl/transpose,directory,,13,13,external-gpu-tree,OpenCL应用/benchmark,独立能力,vortex-gpu/vortex/tests/opencl,inherited-from-ancestor
vortex-gpu/vortex/tests/opencl/vecadd,directory,,5,5,external-gpu-tree,OpenCL应用/benchmark,独立能力,vortex-gpu/vortex/tests/opencl,inherited-from-ancestor
vortex-gpu/vortex/tests/raytracing,directory,,2,136,external-gpu-tree,ray tracing回归,独立能力,vortex-gpu/vortex/tests/raytracing,manual
vortex-gpu/vortex/tests/raytracing/rt_bvh_multinode,directory,,4,4,external-gpu-tree,ray tracing回归,独立能力,vortex-gpu/vortex/tests/raytracing,inherited-from-ancestor
vortex-gpu/vortex/tests/raytracing/rt_raycast,directory,,5,5,external-gpu-tree,ray tracing回归,独立能力,vortex-gpu/vortex/tests/raytracing,inherited-from-ancestor
vortex-gpu/vortex/tests/raytracing/rt_smoke,directory,,4,4,external-gpu-tree,ray tracing回归,独立能力,vortex-gpu/vortex/tests/raytracing,inherited-from-ancestor
vortex-gpu/vortex/tests/raytracing/rt_smoke_ahs,directory,,4,4,external-gpu-tree,ray tracing回归,独立能力,vortex-gpu/vortex/tests/raytracing,inherited-from-ancestor
vortex-gpu/vortex/tests/raytracing/rt_smoke_ahs_bvh,directory,,4,4,external-gpu-tree,ray tracing回归,独立能力,vortex-gpu/vortex/tests/raytracing,inherited-from-ancestor
vortex-gpu/vortex/tests/raytracing/rt_smoke_ahs_custom,directory,,4,4,external-gpu-tree,ray tracing回归,独立能力,vortex-gpu/vortex/tests/raytracing,inherited-from-ancestor
vortex-gpu/vortex/tests/raytracing/rt_smoke_ahs_geom,directory,,4,4,external-gpu-tree,ray tracing回归,独立能力,vortex-gpu/vortex/tests/raytracing,inherited-from-ancestor
vortex-gpu/vortex/tests/raytracing/rt_smoke_ahs_mixed,directory,,4,4,external-gpu-tree,ray tracing回归,独立能力,vortex-gpu/vortex/tests/raytracing,inherited-from-ancestor
vortex-gpu/vortex/tests/raytracing/rt_smoke_async_batch,directory,,4,4,external-gpu-tree,ray tracing回归,独立能力,vortex-gpu/vortex/tests/raytracing,inherited-from-ancestor
vortex-gpu/vortex/tests/raytracing/rt_smoke_bvh6,directory,,4,4,external-gpu-tree,ray tracing回归,独立能力,vortex-gpu/vortex/tests/raytracing,inherited-from-ancestor
vortex-gpu/vortex/tests/raytracing/rt_smoke_bvh_basic,directory,,4,4,external-gpu-tree,ray tracing回归,独立能力,vortex-gpu/vortex/tests/raytracing,inherited-from-ancestor
vortex-gpu/vortex/tests/raytracing/rt_smoke_bvh_instanced,directory,,4,4,external-gpu-tree,ray tracing回归,独立能力,vortex-gpu/vortex/tests/raytracing,inherited-from-ancestor
vortex-gpu/vortex/tests/raytracing/rt_smoke_bvh_multilevel,directory,,4,4,external-gpu-tree,ray tracing回归,独立能力,vortex-gpu/vortex/tests/raytracing,inherited-from-ancestor
vortex-gpu/vortex/tests/raytracing/rt_smoke_chs,directory,,4,4,external-gpu-tree,ray tracing回归,独立能力,vortex-gpu/vortex/tests/raytracing,inherited-from-ancestor
vortex-gpu/vortex/tests/raytracing/rt_smoke_cull_back,directory,,4,4,external-gpu-tree,ray tracing回归,独立能力,vortex-gpu/vortex/tests/raytracing,inherited-from-ancestor
vortex-gpu/vortex/tests/raytracing/rt_smoke_cull_mask,directory,,4,4,external-gpu-tree,ray tracing回归,独立能力,vortex-gpu/vortex/tests/raytracing,inherited-from-ancestor
vortex-gpu/vortex/tests/raytracing/rt_smoke_deep_stack,directory,,4,4,external-gpu-tree,ray tracing回归,独立能力,vortex-gpu/vortex/tests/raytracing,inherited-from-ancestor
vortex-gpu/vortex/tests/raytracing/rt_smoke_deep_tlas,directory,,4,4,external-gpu-tree,ray tracing回归,独立能力,vortex-gpu/vortex/tests/raytracing,inherited-from-ancestor
vortex-gpu/vortex/tests/raytracing/rt_smoke_fat_leaf,directory,,4,4,external-gpu-tree,ray tracing回归,独立能力,vortex-gpu/vortex/tests/raytracing,inherited-from-ancestor
vortex-gpu/vortex/tests/raytracing/rt_smoke_host_cfg,directory,,4,4,external-gpu-tree,ray tracing回归,独立能力,vortex-gpu/vortex/tests/raytracing,inherited-from-ancestor
vortex-gpu/vortex/tests/raytracing/rt_smoke_inst_flags,directory,,4,4,external-gpu-tree,ray tracing回归,独立能力,vortex-gpu/vortex/tests/raytracing,inherited-from-ancestor
vortex-gpu/vortex/tests/raytracing/rt_smoke_is,directory,,4,4,external-gpu-tree,ray tracing回归,独立能力,vortex-gpu/vortex/tests/raytracing,inherited-from-ancestor
vortex-gpu/vortex/tests/raytracing/rt_smoke_miss,directory,,4,4,external-gpu-tree,ray tracing回归,独立能力,vortex-gpu/vortex/tests/raytracing,inherited-from-ancestor
vortex-gpu/vortex/tests/raytracing/rt_smoke_multitri,directory,,4,4,external-gpu-tree,ray tracing回归,独立能力,vortex-gpu/vortex/tests/raytracing,inherited-from-ancestor
vortex-gpu/vortex/tests/raytracing/rt_smoke_numctx,directory,,1,1,external-gpu-tree,ray tracing回归,独立能力,vortex-gpu/vortex/tests/raytracing,inherited-from-ancestor
vortex-gpu/vortex/tests/raytracing/rt_smoke_proc,directory,,4,4,external-gpu-tree,ray tracing回归,独立能力,vortex-gpu/vortex/tests/raytracing,inherited-from-ancestor
vortex-gpu/vortex/tests/raytracing/rt_smoke_recursive,directory,,4,4,external-gpu-tree,ray tracing回归,独立能力,vortex-gpu/vortex/tests/raytracing,inherited-from-ancestor
vortex-gpu/vortex/tests/raytracing/rt_smoke_reform,directory,,4,4,external-gpu-tree,ray tracing回归,独立能力,vortex-gpu/vortex/tests/raytracing,inherited-from-ancestor
vortex-gpu/vortex/tests/raytracing/rt_smoke_reform_mw,directory,,4,4,external-gpu-tree,ray tracing回归,独立能力,vortex-gpu/vortex/tests/raytracing,inherited-from-ancestor
vortex-gpu/vortex/tests/raytracing/rt_smoke_reform_sbt,directory,,4,4,external-gpu-tree,ray tracing回归,独立能力,vortex-gpu/vortex/tests/raytracing,inherited-from-ancestor
vortex-gpu/vortex/tests/raytracing/rt_smoke_sbt,directory,,4,4,external-gpu-tree,ray tracing回归,独立能力,vortex-gpu/vortex/tests/raytracing,inherited-from-ancestor
vortex-gpu/vortex/tests/raytracing/rt_smoke_shadow,directory,,4,4,external-gpu-tree,ray tracing回归,独立能力,vortex-gpu/vortex/tests/raytracing,inherited-from-ancestor
vortex-gpu/vortex/tests/raytracing/rt_smoke_tlas,directory,,4,4,external-gpu-tree,ray tracing回归,独立能力,vortex-gpu/vortex/tests/raytracing,inherited-from-ancestor
vortex-gpu/vortex/tests/raytracing/rt_smoke_tlas_builder,directory,,4,4,external-gpu-tree,ray tracing回归,独立能力,vortex-gpu/vortex/tests/raytracing,inherited-from-ancestor
vortex-gpu/vortex/tests/regression,directory,,3,265,external-gpu-tree,Host+kernel回归,当前vecadd来源,vortex-gpu/vortex/tests/regression,manual
vortex-gpu/vortex/tests/regression/amo,directory,,5,5,external-gpu-tree,Host+kernel回归,当前vecadd来源,vortex-gpu/vortex/tests/regression,inherited-from-ancestor
vortex-gpu/vortex/tests/regression/arith,directory,,4,4,external-gpu-tree,Host+kernel回归,当前vecadd来源,vortex-gpu/vortex/tests/regression,inherited-from-ancestor
vortex-gpu/vortex/tests/regression/async_barrier,directory,,4,4,external-gpu-tree,Host+kernel回归,当前vecadd来源,vortex-gpu/vortex/tests/regression,inherited-from-ancestor
vortex-gpu/vortex/tests/regression/async_gbarrier,directory,,4,4,external-gpu-tree,Host+kernel回归,当前vecadd来源,vortex-gpu/vortex/tests/regression,inherited-from-ancestor
vortex-gpu/vortex/tests/regression/basic,directory,,5,5,external-gpu-tree,Host+kernel回归,当前vecadd来源,vortex-gpu/vortex/tests/regression,inherited-from-ancestor
vortex-gpu/vortex/tests/regression/bfs,directory,,4,4,external-gpu-tree,Host+kernel回归,当前vecadd来源,vortex-gpu/vortex/tests/regression,inherited-from-ancestor
vortex-gpu/vortex/tests/regression/conv3,directory,,4,4,external-gpu-tree,Host+kernel回归,当前vecadd来源,vortex-gpu/vortex/tests/regression,inherited-from-ancestor
vortex-gpu/vortex/tests/regression/cta_cluster,directory,,4,4,external-gpu-tree,Host+kernel回归,当前vecadd来源,vortex-gpu/vortex/tests/regression,inherited-from-ancestor
vortex-gpu/vortex/tests/regression/demo,directory,,4,4,external-gpu-tree,Host+kernel回归,当前vecadd来源,vortex-gpu/vortex/tests/regression,inherited-from-ancestor
vortex-gpu/vortex/tests/regression/diverge,directory,,4,4,external-gpu-tree,Host+kernel回归,当前vecadd来源,vortex-gpu/vortex/tests/regression,inherited-from-ancestor
vortex-gpu/vortex/tests/regression/dogfood,directory,,5,5,external-gpu-tree,Host+kernel回归,当前vecadd来源,vortex-gpu/vortex/tests/regression,inherited-from-ancestor
vortex-gpu/vortex/tests/regression/dotproduct,directory,,4,4,external-gpu-tree,Host+kernel回归,当前vecadd来源,vortex-gpu/vortex/tests/regression,inherited-from-ancestor
vortex-gpu/vortex/tests/regression/dotproduct2,directory,,4,4,external-gpu-tree,Host+kernel回归,当前vecadd来源,vortex-gpu/vortex/tests/regression,inherited-from-ancestor
vortex-gpu/vortex/tests/regression/dropout,directory,,4,4,external-gpu-tree,Host+kernel回归,当前vecadd来源,vortex-gpu/vortex/tests/regression,inherited-from-ancestor
vortex-gpu/vortex/tests/regression/dxa_copy,directory,,4,4,external-gpu-tree,Host+kernel回归,当前vecadd来源,vortex-gpu/vortex/tests/regression,inherited-from-ancestor
vortex-gpu/vortex/tests/regression/dxa_copy_mcast,directory,,4,4,external-gpu-tree,Host+kernel回归,当前vecadd来源,vortex-gpu/vortex/tests/regression,inherited-from-ancestor
vortex-gpu/vortex/tests/regression/dxa_kmajor_check,directory,,4,4,external-gpu-tree,Host+kernel回归,当前vecadd来源,vortex-gpu/vortex/tests/regression,inherited-from-ancestor
vortex-gpu/vortex/tests/regression/fence,directory,,4,4,external-gpu-tree,Host+kernel回归,当前vecadd来源,vortex-gpu/vortex/tests/regression,inherited-from-ancestor
vortex-gpu/vortex/tests/regression/gfx_binsort_kernel,directory,,4,4,external-gpu-tree,Host+kernel回归,当前vecadd来源,vortex-gpu/vortex/tests/regression,inherited-from-ancestor
vortex-gpu/vortex/tests/regression/gfx_pipeline_kernel,directory,,4,4,external-gpu-tree,Host+kernel回归,当前vecadd来源,vortex-gpu/vortex/tests/regression,inherited-from-ancestor
vortex-gpu/vortex/tests/regression/gfx_setup_kernel,directory,,4,4,external-gpu-tree,Host+kernel回归,当前vecadd来源,vortex-gpu/vortex/tests/regression,inherited-from-ancestor
vortex-gpu/vortex/tests/regression/io_addr,directory,,4,4,external-gpu-tree,Host+kernel回归,当前vecadd来源,vortex-gpu/vortex/tests/regression,inherited-from-ancestor
vortex-gpu/vortex/tests/regression/jacobi,directory,,4,4,external-gpu-tree,Host+kernel回归,当前vecadd来源,vortex-gpu/vortex/tests/regression,inherited-from-ancestor
vortex-gpu/vortex/tests/regression/madmax,directory,,4,4,external-gpu-tree,Host+kernel回归,当前vecadd来源,vortex-gpu/vortex/tests/regression,inherited-from-ancestor
vortex-gpu/vortex/tests/regression/mstress,directory,,4,4,external-gpu-tree,Host+kernel回归,当前vecadd来源,vortex-gpu/vortex/tests/regression,inherited-from-ancestor
vortex-gpu/vortex/tests/regression/multikernel,directory,,4,4,external-gpu-tree,Host+kernel回归,当前vecadd来源,vortex-gpu/vortex/tests/regression,inherited-from-ancestor
vortex-gpu/vortex/tests/regression/occupancy,directory,,4,4,external-gpu-tree,Host+kernel回归,当前vecadd来源,vortex-gpu/vortex/tests/regression,inherited-from-ancestor
vortex-gpu/vortex/tests/regression/packld,directory,,4,4,external-gpu-tree,Host+kernel回归,当前vecadd来源,vortex-gpu/vortex/tests/regression,inherited-from-ancestor
vortex-gpu/vortex/tests/regression/pathfinder,directory,,4,4,external-gpu-tree,Host+kernel回归,当前vecadd来源,vortex-gpu/vortex/tests/regression,inherited-from-ancestor
vortex-gpu/vortex/tests/regression/printf,directory,,4,4,external-gpu-tree,Host+kernel回归,当前vecadd来源,vortex-gpu/vortex/tests/regression,inherited-from-ancestor
vortex-gpu/vortex/tests/regression/raycast,directory,,18,30,external-gpu-tree,Host+kernel回归,当前vecadd来源,vortex-gpu/vortex/tests/regression,inherited-from-ancestor
vortex-gpu/vortex/tests/regression/raycast/assets,directory,,12,12,external-gpu-tree,Host+kernel回归,当前vecadd来源,vortex-gpu/vortex/tests/regression,inherited-from-ancestor
vortex-gpu/vortex/tests/regression/relu,directory,,4,4,external-gpu-tree,Host+kernel回归,当前vecadd来源,vortex-gpu/vortex/tests/regression,inherited-from-ancestor
vortex-gpu/vortex/tests/regression/sgemm,directory,,4,4,external-gpu-tree,Host+kernel回归,当前vecadd来源,vortex-gpu/vortex/tests/regression,inherited-from-ancestor
vortex-gpu/vortex/tests/regression/sgemm2,directory,,4,4,external-gpu-tree,Host+kernel回归,当前vecadd来源,vortex-gpu/vortex/tests/regression,inherited-from-ancestor
vortex-gpu/vortex/tests/regression/sgemm2_dxa,directory,,4,4,external-gpu-tree,Host+kernel回归,当前vecadd来源,vortex-gpu/vortex/tests/regression,inherited-from-ancestor
vortex-gpu/vortex/tests/regression/sgemm2_dxa_mcast,directory,,4,4,external-gpu-tree,Host+kernel回归,当前vecadd来源,vortex-gpu/vortex/tests/regression,inherited-from-ancestor
vortex-gpu/vortex/tests/regression/sgemm2_tcu,directory,,4,4,external-gpu-tree,Host+kernel回归,当前vecadd来源,vortex-gpu/vortex/tests/regression,inherited-from-ancestor
vortex-gpu/vortex/tests/regression/sgemm2_v1,directory,,4,4,external-gpu-tree,Host+kernel回归,当前vecadd来源,vortex-gpu/vortex/tests/regression,inherited-from-ancestor
vortex-gpu/vortex/tests/regression/sgemm_tcu,directory,,4,4,external-gpu-tree,Host+kernel回归,当前vecadd来源,vortex-gpu/vortex/tests/regression,inherited-from-ancestor
vortex-gpu/vortex/tests/regression/sgemm_tcu_mx,directory,,4,4,external-gpu-tree,Host+kernel回归,当前vecadd来源,vortex-gpu/vortex/tests/regression,inherited-from-ancestor
vortex-gpu/vortex/tests/regression/sgemm_tcu_sp,directory,,4,4,external-gpu-tree,Host+kernel回归,当前vecadd来源,vortex-gpu/vortex/tests/regression,inherited-from-ancestor
vortex-gpu/vortex/tests/regression/sgemm_tcu_sp_mx,directory,,4,4,external-gpu-tree,Host+kernel回归,当前vecadd来源,vortex-gpu/vortex/tests/regression,inherited-from-ancestor
vortex-gpu/vortex/tests/regression/sgemm_tcu_wg,directory,,4,4,external-gpu-tree,Host+kernel回归,当前vecadd来源,vortex-gpu/vortex/tests/regression,inherited-from-ancestor
vortex-gpu/vortex/tests/regression/sgemm_tcu_wg_dxa,directory,,4,4,external-gpu-tree,Host+kernel回归,当前vecadd来源,vortex-gpu/vortex/tests/regression,inherited-from-ancestor
vortex-gpu/vortex/tests/regression/sgemm_tcu_wg_dxa_mcast,directory,,4,4,external-gpu-tree,Host+kernel回归,当前vecadd来源,vortex-gpu/vortex/tests/regression,inherited-from-ancestor
vortex-gpu/vortex/tests/regression/sgemm_tcu_wg_mx,directory,,4,4,external-gpu-tree,Host+kernel回归,当前vecadd来源,vortex-gpu/vortex/tests/regression,inherited-from-ancestor
vortex-gpu/vortex/tests/regression/sgemm_tcu_wg_sp,directory,,4,4,external-gpu-tree,Host+kernel回归,当前vecadd来源,vortex-gpu/vortex/tests/regression,inherited-from-ancestor
vortex-gpu/vortex/tests/regression/sgemm_tcu_wg_sp_dxa,directory,,4,4,external-gpu-tree,Host+kernel回归,当前vecadd来源,vortex-gpu/vortex/tests/regression,inherited-from-ancestor
vortex-gpu/vortex/tests/regression/sgemm_v1,directory,,4,4,external-gpu-tree,Host+kernel回归,当前vecadd来源,vortex-gpu/vortex/tests/regression,inherited-from-ancestor
vortex-gpu/vortex/tests/regression/sgemmx,directory,,4,4,external-gpu-tree,Host+kernel回归,当前vecadd来源,vortex-gpu/vortex/tests/regression,inherited-from-ancestor
vortex-gpu/vortex/tests/regression/sgemv,directory,,5,5,external-gpu-tree,Host+kernel回归,当前vecadd来源,vortex-gpu/vortex/tests/regression,inherited-from-ancestor
vortex-gpu/vortex/tests/regression/softmax,directory,,4,4,external-gpu-tree,Host+kernel回归,当前vecadd来源,vortex-gpu/vortex/tests/regression,inherited-from-ancestor
vortex-gpu/vortex/tests/regression/sort,directory,,4,4,external-gpu-tree,Host+kernel回归,当前vecadd来源,vortex-gpu/vortex/tests/regression,inherited-from-ancestor
vortex-gpu/vortex/tests/regression/stencil3d,directory,,4,4,external-gpu-tree,Host+kernel回归,当前vecadd来源,vortex-gpu/vortex/tests/regression,inherited-from-ancestor
vortex-gpu/vortex/tests/regression/vecadd,directory,,4,4,external-gpu-tree,向量加法Host程序和kernel源码,当前GPU/三源验收,vortex-gpu/vortex/tests/regression/vecadd,manual
vortex-gpu/vortex/tests/regression/vecadd_v1,directory,,4,4,external-gpu-tree,Host+kernel回归,当前vecadd来源,vortex-gpu/vortex/tests/regression,inherited-from-ancestor
vortex-gpu/vortex/tests/regression/wgather,directory,,4,4,external-gpu-tree,Host+kernel回归,当前vecadd来源,vortex-gpu/vortex/tests/regression,inherited-from-ancestor
vortex-gpu/vortex/tests/regression/wsync,directory,,4,4,external-gpu-tree,Host+kernel回归,当前vecadd来源,vortex-gpu/vortex/tests/regression,inherited-from-ancestor
vortex-gpu/vortex/tests/riscv,directory,,2,7,external-gpu-tree,ISA与RISC-V benchmark,独立测试,vortex-gpu/vortex/tests/riscv,manual
vortex-gpu/vortex/tests/riscv/benchmarks,directory,,1,1,external-gpu-tree,ISA与RISC-V benchmark,独立测试,vortex-gpu/vortex/tests/riscv,inherited-from-ancestor
vortex-gpu/vortex/tests/riscv/isa,directory,,1,1,external-gpu-tree,ISA与RISC-V benchmark,独立测试,vortex-gpu/vortex/tests/riscv,inherited-from-ancestor
vortex-gpu/vortex/tests/riscv/riscv-vector-tests,directory,,3,3,external-gpu-tree,ISA与RISC-V benchmark,独立测试,vortex-gpu/vortex/tests/riscv,inherited-from-ancestor
vortex-gpu/vortex/tests/runtime,directory,,6,6,external-gpu-tree,Host driver API测试,独立测试,vortex-gpu/vortex/tests/runtime,manual
vortex-gpu/vortex/tests/unittest,directory,,2,14,external-gpu-tree,Host组件测试,独立测试,vortex-gpu/vortex/tests/unittest,manual
vortex-gpu/vortex/tests/unittest/gfx_binsort,directory,,2,2,external-gpu-tree,Host组件测试,独立测试,vortex-gpu/vortex/tests/unittest,inherited-from-ancestor
vortex-gpu/vortex/tests/unittest/gfx_msaa,directory,,2,2,external-gpu-tree,Host组件测试,独立测试,vortex-gpu/vortex/tests/unittest,inherited-from-ancestor
vortex-gpu/vortex/tests/unittest/gfx_om_mrt,directory,,2,2,external-gpu-tree,Host组件测试,独立测试,vortex-gpu/vortex/tests/unittest,inherited-from-ancestor
vortex-gpu/vortex/tests/unittest/gfx_rast_sw,directory,,2,2,external-gpu-tree,Host组件测试,独立测试,vortex-gpu/vortex/tests/unittest,inherited-from-ancestor
vortex-gpu/vortex/tests/unittest/gfx_tex_sw,directory,,2,2,external-gpu-tree,Host组件测试,独立测试,vortex-gpu/vortex/tests/unittest,inherited-from-ancestor
vortex-gpu/vortex/tests/unittest/vx_malloc,directory,,2,2,external-gpu-tree,Host组件测试,独立测试,vortex-gpu/vortex/tests/unittest,inherited-from-ancestor
vortex-gpu/vortex/tests/vulkan,directory,,2,84,external-gpu-tree,Vulkan应用,独立能力,vortex-gpu/vortex/tests/vulkan,manual
vortex-gpu/vortex/tests/vulkan/cflow,directory,,3,3,external-gpu-tree,Vulkan应用,独立能力,vortex-gpu/vortex/tests/vulkan,inherited-from-ancestor
vortex-gpu/vortex/tests/vulkan/compute,directory,,3,3,external-gpu-tree,Vulkan应用,独立能力,vortex-gpu/vortex/tests/vulkan,inherited-from-ancestor
vortex-gpu/vortex/tests/vulkan/cull,directory,,4,4,external-gpu-tree,Vulkan应用,独立能力,vortex-gpu/vortex/tests/vulkan,inherited-from-ancestor
vortex-gpu/vortex/tests/vulkan/depth,directory,,4,4,external-gpu-tree,Vulkan应用,独立能力,vortex-gpu/vortex/tests/vulkan,inherited-from-ancestor
vortex-gpu/vortex/tests/vulkan/draw3d,directory,,9,11,external-gpu-tree,Vulkan应用,独立能力,vortex-gpu/vortex/tests/vulkan,inherited-from-ancestor
vortex-gpu/vortex/tests/vulkan/draw3d/trace,directory,,2,2,external-gpu-tree,Vulkan应用,独立能力,vortex-gpu/vortex/tests/vulkan,inherited-from-ancestor
vortex-gpu/vortex/tests/vulkan/indexed,directory,,4,4,external-gpu-tree,Vulkan应用,独立能力,vortex-gpu/vortex/tests/vulkan,inherited-from-ancestor
vortex-gpu/vortex/tests/vulkan/instanced,directory,,4,4,external-gpu-tree,Vulkan应用,独立能力,vortex-gpu/vortex/tests/vulkan,inherited-from-ancestor
vortex-gpu/vortex/tests/vulkan/mrt,directory,,4,4,external-gpu-tree,Vulkan应用,独立能力,vortex-gpu/vortex/tests/vulkan,inherited-from-ancestor
vortex-gpu/vortex/tests/vulkan/multidraw,directory,,5,5,external-gpu-tree,Vulkan应用,独立能力,vortex-gpu/vortex/tests/vulkan,inherited-from-ancestor
vortex-gpu/vortex/tests/vulkan/raytrace,directory,,3,3,external-gpu-tree,Vulkan应用,独立能力,vortex-gpu/vortex/tests/vulkan,inherited-from-ancestor
vortex-gpu/vortex/tests/vulkan/rtquery,directory,,3,3,external-gpu-tree,Vulkan应用,独立能力,vortex-gpu/vortex/tests/vulkan,inherited-from-ancestor
vortex-gpu/vortex/tests/vulkan/rtquery_anyhit,directory,,3,3,external-gpu-tree,Vulkan应用,独立能力,vortex-gpu/vortex/tests/vulkan,inherited-from-ancestor
vortex-gpu/vortex/tests/vulkan/rtquery_id,directory,,3,3,external-gpu-tree,Vulkan应用,独立能力,vortex-gpu/vortex/tests/vulkan,inherited-from-ancestor
vortex-gpu/vortex/tests/vulkan/shmem,directory,,3,3,external-gpu-tree,Vulkan应用,独立能力,vortex-gpu/vortex/tests/vulkan,inherited-from-ancestor
vortex-gpu/vortex/tests/vulkan/ssbo,directory,,3,3,external-gpu-tree,Vulkan应用,独立能力,vortex-gpu/vortex/tests/vulkan,inherited-from-ancestor
vortex-gpu/vortex/tests/vulkan/swom,directory,,1,1,external-gpu-tree,Vulkan应用,独立能力,vortex-gpu/vortex/tests/vulkan,inherited-from-ancestor
vortex-gpu/vortex/tests/vulkan/swom_draw3d,directory,,1,1,external-gpu-tree,Vulkan应用,独立能力,vortex-gpu/vortex/tests/vulkan,inherited-from-ancestor
vortex-gpu/vortex/tests/vulkan/textured,directory,,4,4,external-gpu-tree,Vulkan应用,独立能力,vortex-gpu/vortex/tests/vulkan,inherited-from-ancestor
vortex-gpu/vortex/tests/vulkan/triangle,directory,,4,4,external-gpu-tree,Vulkan应用,独立能力,vortex-gpu/vortex/tests/vulkan,inherited-from-ancestor
vortex-gpu/vortex/tests/vulkan/tristrip,directory,,4,4,external-gpu-tree,Vulkan应用,独立能力,vortex-gpu/vortex/tests/vulkan,inherited-from-ancestor
vortex-gpu/vortex/tests/vulkan/ubo,directory,,4,4,external-gpu-tree,Vulkan应用,独立能力,vortex-gpu/vortex/tests/vulkan,inherited-from-ancestor
vortex-gpu/vortex/tests/vulkan/ubo_multiset,directory,,4,4,external-gpu-tree,Vulkan应用,独立能力,vortex-gpu/vortex/tests/vulkan,inherited-from-ancestor
vortex-gpu/vortex/third_party,directory,,1,1948,external-gpu-tree,固定外部依赖和本地依赖构建,按递归版本锁维护,vortex-gpu/vortex/third_party,manual
vortex-gpu/vortex/third_party/cocogfx,directory,,3,32,external-gpu-tree,图形公共库,外部依赖,vortex-gpu/vortex/third_party/cocogfx,manual
vortex-gpu/vortex/third_party/cocogfx/include,directory,,12,12,external-gpu-tree,图形公共库,外部依赖,vortex-gpu/vortex/third_party/cocogfx,inherited-from-ancestor
vortex-gpu/vortex/third_party/cocogfx/src,directory,,17,17,external-gpu-tree,图形公共库,外部依赖,vortex-gpu/vortex/third_party/cocogfx,inherited-from-ancestor
vortex-gpu/vortex/third_party/cvfpu,directory,,10,230,external-gpu-tree,浮点RTL依赖,外部依赖,vortex-gpu/vortex/third_party/cvfpu,manual
vortex-gpu/vortex/third_party/cvfpu/docs,directory,,4,9,external-gpu-tree,浮点RTL依赖,外部依赖,vortex-gpu/vortex/third_party/cvfpu,inherited-from-ancestor
vortex-gpu/vortex/third_party/cvfpu/docs/fig,directory,,5,5,external-gpu-tree,浮点RTL依赖,外部依赖,vortex-gpu/vortex/third_party/cvfpu,inherited-from-ancestor
vortex-gpu/vortex/third_party/cvfpu/src,directory,,13,159,external-gpu-tree,浮点RTL依赖,外部依赖,vortex-gpu/vortex/third_party/cvfpu,inherited-from-ancestor
vortex-gpu/vortex/third_party/cvfpu/src/common_cells,directory,,11,132,external-gpu-tree,浮点RTL依赖,外部依赖,vortex-gpu/vortex/third_party/cvfpu,inherited-from-ancestor
vortex-gpu/vortex/third_party/cvfpu/src/common_cells/.github,directory,,1,2,external-gpu-tree,浮点RTL依赖,外部依赖,vortex-gpu/vortex/third_party/cvfpu,inherited-from-ancestor
vortex-gpu/vortex/third_party/cvfpu/src/common_cells/.github/workflows,directory,,1,1,external-gpu-tree,浮点RTL依赖,外部依赖,vortex-gpu/vortex/third_party/cvfpu,inherited-from-ancestor
vortex-gpu/vortex/third_party/cvfpu/src/common_cells/ci,directory,,1,1,external-gpu-tree,浮点RTL依赖,外部依赖,vortex-gpu/vortex/third_party/cvfpu,inherited-from-ancestor
vortex-gpu/vortex/third_party/cvfpu/src/common_cells/formal,directory,,8,8,external-gpu-tree,浮点RTL依赖,外部依赖,vortex-gpu/vortex/third_party/cvfpu,inherited-from-ancestor
vortex-gpu/vortex/third_party/cvfpu/src/common_cells/include,directory,,0,2,external-gpu-tree,浮点RTL依赖,外部依赖,vortex-gpu/vortex/third_party/cvfpu,inherited-from-ancestor
vortex-gpu/vortex/third_party/cvfpu/src/common_cells/include/common_cells,directory,,2,2,external-gpu-tree,浮点RTL依赖,外部依赖,vortex-gpu/vortex/third_party/cvfpu,inherited-from-ancestor
vortex-gpu/vortex/third_party/cvfpu/src/common_cells/lint,directory,,1,1,external-gpu-tree,浮点RTL依赖,外部依赖,vortex-gpu/vortex/third_party/cvfpu,inherited-from-ancestor
vortex-gpu/vortex/third_party/cvfpu/src/common_cells/src,directory,,58,71,external-gpu-tree,浮点RTL依赖,外部依赖,vortex-gpu/vortex/third_party/cvfpu,inherited-from-ancestor
vortex-gpu/vortex/third_party/cvfpu/src/common_cells/src/deprecated,directory,,13,13,external-gpu-tree,浮点RTL依赖,外部依赖,vortex-gpu/vortex/third_party/cvfpu,inherited-from-ancestor
vortex-gpu/vortex/third_party/cvfpu/src/common_cells/test,directory,,25,36,external-gpu-tree,浮点RTL依赖,外部依赖,vortex-gpu/vortex/third_party/cvfpu,inherited-from-ancestor
vortex-gpu/vortex/third_party/cvfpu/src/common_cells/test/ecc,directory,,4,4,external-gpu-tree,浮点RTL依赖,外部依赖,vortex-gpu/vortex/third_party/cvfpu,inherited-from-ancestor
vortex-gpu/vortex/third_party/cvfpu/src/common_cells/test/waves,directory,,7,7,external-gpu-tree,浮点RTL依赖,外部依赖,vortex-gpu/vortex/third_party/cvfpu,inherited-from-ancestor
vortex-gpu/vortex/third_party/cvfpu/src/fpu_div_sqrt_mvp,directory,,4,14,external-gpu-tree,浮点RTL依赖,外部依赖,vortex-gpu/vortex/third_party/cvfpu,inherited-from-ancestor
vortex-gpu/vortex/third_party/cvfpu/src/fpu_div_sqrt_mvp/document,directory,,1,1,external-gpu-tree,浮点RTL依赖,外部依赖,vortex-gpu/vortex/third_party/cvfpu,inherited-from-ancestor
vortex-gpu/vortex/third_party/cvfpu/src/fpu_div_sqrt_mvp/hdl,directory,,9,9,external-gpu-tree,浮点RTL依赖,外部依赖,vortex-gpu/vortex/third_party/cvfpu,inherited-from-ancestor
vortex-gpu/vortex/third_party/cvfpu/tb,directory,,0,30,external-gpu-tree,浮点RTL依赖,外部依赖,vortex-gpu/vortex/third_party/cvfpu,inherited-from-ancestor
vortex-gpu/vortex/third_party/cvfpu/tb/flexfloat,directory,,5,30,external-gpu-tree,浮点RTL依赖,外部依赖,vortex-gpu/vortex/third_party/cvfpu,inherited-from-ancestor
vortex-gpu/vortex/third_party/cvfpu/tb/flexfloat/examples,directory,,5,5,external-gpu-tree,浮点RTL依赖,外部依赖,vortex-gpu/vortex/third_party/cvfpu,inherited-from-ancestor
vortex-gpu/vortex/third_party/cvfpu/tb/flexfloat/include,directory,,2,2,external-gpu-tree,浮点RTL依赖,外部依赖,vortex-gpu/vortex/third_party/cvfpu,inherited-from-ancestor
vortex-gpu/vortex/third_party/cvfpu/tb/flexfloat/src,directory,,1,1,external-gpu-tree,浮点RTL依赖,外部依赖,vortex-gpu/vortex/third_party/cvfpu,inherited-from-ancestor
vortex-gpu/vortex/third_party/cvfpu/tb/flexfloat/test,directory,,15,17,external-gpu-tree,浮点RTL依赖,外部依赖,vortex-gpu/vortex/third_party/cvfpu,inherited-from-ancestor
vortex-gpu/vortex/third_party/cvfpu/tb/flexfloat/test/cmake,directory,,2,2,external-gpu-tree,浮点RTL依赖,外部依赖,vortex-gpu/vortex/third_party/cvfpu,inherited-from-ancestor
vortex-gpu/vortex/third_party/cvfpu/util,directory,,2,2,external-gpu-tree,浮点RTL依赖,外部依赖,vortex-gpu/vortex/third_party/cvfpu,inherited-from-ancestor
vortex-gpu/vortex/third_party/cvfpu/vendor,directory,,2,20,external-gpu-tree,浮点RTL依赖,外部依赖,vortex-gpu/vortex/third_party/cvfpu,inherited-from-ancestor
vortex-gpu/vortex/third_party/cvfpu/vendor/opene906,directory,,2,14,external-gpu-tree,浮点RTL依赖,外部依赖,vortex-gpu/vortex/third_party/cvfpu,inherited-from-ancestor
vortex-gpu/vortex/third_party/cvfpu/vendor/opene906/E906_RTL_FACTORY,directory,,0,12,external-gpu-tree,浮点RTL依赖,外部依赖,vortex-gpu/vortex/third_party/cvfpu,inherited-from-ancestor
vortex-gpu/vortex/third_party/cvfpu/vendor/opene906/E906_RTL_FACTORY/gen_rtl,directory,,0,12,external-gpu-tree,浮点RTL依赖,外部依赖,vortex-gpu/vortex/third_party/cvfpu,inherited-from-ancestor
vortex-gpu/vortex/third_party/cvfpu/vendor/opene906/E906_RTL_FACTORY/gen_rtl/clk,directory,,0,1,external-gpu-tree,浮点RTL依赖,外部依赖,vortex-gpu/vortex/third_party/cvfpu,inherited-from-ancestor
vortex-gpu/vortex/third_party/cvfpu/vendor/opene906/E906_RTL_FACTORY/gen_rtl/clk/rtl,directory,,1,1,external-gpu-tree,浮点RTL依赖,外部依赖,vortex-gpu/vortex/third_party/cvfpu,inherited-from-ancestor
vortex-gpu/vortex/third_party/cvfpu/vendor/opene906/E906_RTL_FACTORY/gen_rtl/fdsu,directory,,0,8,external-gpu-tree,浮点RTL依赖,外部依赖,vortex-gpu/vortex/third_party/cvfpu,inherited-from-ancestor
vortex-gpu/vortex/third_party/cvfpu/vendor/opene906/E906_RTL_FACTORY/gen_rtl/fdsu/rtl,directory,,8,8,external-gpu-tree,浮点RTL依赖,外部依赖,vortex-gpu/vortex/third_party/cvfpu,inherited-from-ancestor
vortex-gpu/vortex/third_party/cvfpu/vendor/opene906/E906_RTL_FACTORY/gen_rtl/fpu,directory,,0,3,external-gpu-tree,浮点RTL依赖,外部依赖,vortex-gpu/vortex/third_party/cvfpu,inherited-from-ancestor
vortex-gpu/vortex/third_party/cvfpu/vendor/opene906/E906_RTL_FACTORY/gen_rtl/fpu/rtl,directory,,3,3,external-gpu-tree,浮点RTL依赖,外部依赖,vortex-gpu/vortex/third_party/cvfpu,inherited-from-ancestor
vortex-gpu/vortex/third_party/cvfpu/vendor/patches,directory,,0,4,external-gpu-tree,浮点RTL依赖,外部依赖,vortex-gpu/vortex/third_party/cvfpu,inherited-from-ancestor
vortex-gpu/vortex/third_party/cvfpu/vendor/patches/opene906,directory,,4,4,external-gpu-tree,浮点RTL依赖,外部依赖,vortex-gpu/vortex/third_party/cvfpu,inherited-from-ancestor
vortex-gpu/vortex/third_party/hardfloat,directory,,4,140,external-gpu-tree,浮点RTL库,外部依赖,vortex-gpu/vortex/third_party/hardfloat,manual
vortex-gpu/vortex/third_party/hardfloat/doc,directory,,4,4,external-gpu-tree,浮点RTL库,外部依赖,vortex-gpu/vortex/third_party/hardfloat,inherited-from-ancestor
vortex-gpu/vortex/third_party/hardfloat/source,directory,,19,25,external-gpu-tree,浮点RTL库,外部依赖,vortex-gpu/vortex/third_party/hardfloat,inherited-from-ancestor
vortex-gpu/vortex/third_party/hardfloat/source/8086-SSE,directory,,2,2,external-gpu-tree,浮点RTL库,外部依赖,vortex-gpu/vortex/third_party/hardfloat,inherited-from-ancestor
vortex-gpu/vortex/third_party/hardfloat/source/ARM-VFPv2,directory,,2,2,external-gpu-tree,浮点RTL库,外部依赖,vortex-gpu/vortex/third_party/hardfloat,inherited-from-ancestor
vortex-gpu/vortex/third_party/hardfloat/source/RISCV,directory,,2,2,external-gpu-tree,浮点RTL库,外部依赖,vortex-gpu/vortex/third_party/hardfloat,inherited-from-ancestor
vortex-gpu/vortex/third_party/hardfloat/test,directory,,0,107,external-gpu-tree,浮点RTL库,外部依赖,vortex-gpu/vortex/third_party/hardfloat,inherited-from-ancestor
vortex-gpu/vortex/third_party/hardfloat/test/build,directory,,0,7,build-output,浮点RTL库,外部依赖,vortex-gpu/vortex/third_party/hardfloat,inherited-from-ancestor
vortex-gpu/vortex/third_party/hardfloat/test/build/IcarusVerilog,directory,,3,3,build-output,浮点RTL库,外部依赖,vortex-gpu/vortex/third_party/hardfloat,inherited-from-ancestor
vortex-gpu/vortex/third_party/hardfloat/test/build/Verilator-GCC,directory,,4,4,build-output,浮点RTL库,外部依赖,vortex-gpu/vortex/third_party/hardfloat,inherited-from-ancestor
vortex-gpu/vortex/third_party/hardfloat/test/source,directory,,26,100,external-gpu-tree,浮点RTL库,外部依赖,vortex-gpu/vortex/third_party/hardfloat,inherited-from-ancestor
vortex-gpu/vortex/third_party/hardfloat/test/source/Verilator,directory,,74,74,external-gpu-tree,浮点RTL库,外部依赖,vortex-gpu/vortex/third_party/hardfloat,inherited-from-ancestor
vortex-gpu/vortex/third_party/ramulator,directory,,12,746,external-gpu-tree,SimX历史Ramulator依赖,不等于根ramulator2在线后端，不能因替代而删除,vortex-gpu/vortex/third_party/ramulator,manual
vortex-gpu/vortex/third_party/ramulator/build,directory,,7,565,build-output,SimX历史Ramulator依赖,不等于根ramulator2在线后端，不能因替代而删除,vortex-gpu/vortex/third_party/ramulator,inherited-from-ancestor
vortex-gpu/vortex/third_party/ramulator/build/CMakeFiles,directory,,10,39,build-output,SimX历史Ramulator依赖,不等于根ramulator2在线后端，不能因替代而删除,vortex-gpu/vortex/third_party/ramulator,inherited-from-ancestor
vortex-gpu/vortex/third_party/ramulator/build/CMakeFiles/3.31.8,directory,,3,5,build-output,SimX历史Ramulator依赖,不等于根ramulator2在线后端，不能因替代而删除,vortex-gpu/vortex/third_party/ramulator,inherited-from-ancestor
vortex-gpu/vortex/third_party/ramulator/build/CMakeFiles/3.31.8/CompilerIdCXX,directory,,2,2,build-output,SimX历史Ramulator依赖,不等于根ramulator2在线后端，不能因替代而删除,vortex-gpu/vortex/third_party/ramulator,inherited-from-ancestor
vortex-gpu/vortex/third_party/ramulator/build/CMakeFiles/3.31.8/CompilerIdCXX/tmp,directory,,0,0,build-output,SimX历史Ramulator依赖,不等于根ramulator2在线后端，不能因替代而删除,vortex-gpu/vortex/third_party/ramulator,inherited-from-ancestor
vortex-gpu/vortex/third_party/ramulator/build/CMakeFiles/pkgRedirects,directory,,0,0,build-output,SimX历史Ramulator依赖,不等于根ramulator2在线后端，不能因替代而删除,vortex-gpu/vortex/third_party/ramulator,inherited-from-ancestor
vortex-gpu/vortex/third_party/ramulator/build/CMakeFiles/ramulator-exe.dir,directory,,11,13,build-output,SimX历史Ramulator依赖,不等于根ramulator2在线后端，不能因替代而删除,vortex-gpu/vortex/third_party/ramulator,inherited-from-ancestor
vortex-gpu/vortex/third_party/ramulator/build/CMakeFiles/ramulator-exe.dir/src,directory,,2,2,build-output,SimX历史Ramulator依赖,不等于根ramulator2在线后端，不能因替代而删除,vortex-gpu/vortex/third_party/ramulator,inherited-from-ancestor
vortex-gpu/vortex/third_party/ramulator/build/CMakeFiles/ramulator.dir,directory,,11,11,build-output,SimX历史Ramulator依赖,不等于根ramulator2在线后端，不能因替代而删除,vortex-gpu/vortex/third_party/ramulator,inherited-from-ancestor
vortex-gpu/vortex/third_party/ramulator/build/_deps,directory,,0,291,build-output,SimX历史Ramulator依赖,不等于根ramulator2在线后端，不能因替代而删除,vortex-gpu/vortex/third_party/ramulator,inherited-from-ancestor
vortex-gpu/vortex/third_party/ramulator/build/_deps/argparse-build,directory,,5,8,build-output,SimX历史Ramulator依赖,不等于根ramulator2在线后端，不能因替代而删除,vortex-gpu/vortex/third_party/ramulator,inherited-from-ancestor
vortex-gpu/vortex/third_party/ramulator/build/_deps/argparse-build/CMakeFiles,directory,,2,3,build-output,SimX历史Ramulator依赖,不等于根ramulator2在线后端，不能因替代而删除,vortex-gpu/vortex/third_party/ramulator,inherited-from-ancestor
vortex-gpu/vortex/third_party/ramulator/build/_deps/argparse-build/CMakeFiles/Export,directory,,0,1,build-output,SimX历史Ramulator依赖,不等于根ramulator2在线后端，不能因替代而删除,vortex-gpu/vortex/third_party/ramulator,inherited-from-ancestor
vortex-gpu/vortex/third_party/ramulator/build/_deps/argparse-build/CMakeFiles/Export/f0d8c87ebea5ac75f18e83f434702067,directory,,1,1,build-output,SimX历史Ramulator依赖,不等于根ramulator2在线后端，不能因替代而删除,vortex-gpu/vortex/third_party/ramulator,inherited-from-ancestor
vortex-gpu/vortex/third_party/ramulator/build/_deps/spdlog-build,directory,,3,30,build-output,SimX历史Ramulator依赖,不等于根ramulator2在线后端，不能因替代而删除,vortex-gpu/vortex/third_party/ramulator,inherited-from-ancestor
vortex-gpu/vortex/third_party/ramulator/build/_deps/spdlog-build/CMakeFiles,directory,,2,27,build-output,SimX历史Ramulator依赖,不等于根ramulator2在线后端，不能因替代而删除,vortex-gpu/vortex/third_party/ramulator,inherited-from-ancestor
vortex-gpu/vortex/third_party/ramulator/build/_deps/spdlog-build/CMakeFiles/spdlog.dir,directory,,11,25,build-output,SimX历史Ramulator依赖,不等于根ramulator2在线后端，不能因替代而删除,vortex-gpu/vortex/third_party/ramulator,inherited-from-ancestor
vortex-gpu/vortex/third_party/ramulator/build/_deps/spdlog-build/CMakeFiles/spdlog.dir/src,directory,,14,14,build-output,SimX历史Ramulator依赖,不等于根ramulator2在线后端，不能因替代而删除,vortex-gpu/vortex/third_party/ramulator,inherited-from-ancestor
vortex-gpu/vortex/third_party/ramulator/build/_deps/yaml-cpp-build,directory,,8,253,build-output,SimX历史Ramulator依赖,不等于根ramulator2在线后端，不能因替代而删除,vortex-gpu/vortex/third_party/ramulator,inherited-from-ancestor
vortex-gpu/vortex/third_party/ramulator/build/_deps/yaml-cpp-build/CMakeFiles,directory,,2,245,build-output,SimX历史Ramulator依赖,不等于根ramulator2在线后端，不能因替代而删除,vortex-gpu/vortex/third_party/ramulator,inherited-from-ancestor
vortex-gpu/vortex/third_party/ramulator/build/_deps/yaml-cpp-build/CMakeFiles/Continuous.dir,directory,,6,6,build-output,SimX历史Ramulator依赖,不等于根ramulator2在线后端，不能因替代而删除,vortex-gpu/vortex/third_party/ramulator,inherited-from-ancestor
vortex-gpu/vortex/third_party/ramulator/build/_deps/yaml-cpp-build/CMakeFiles/ContinuousBuild.dir,directory,,6,6,build-output,SimX历史Ramulator依赖,不等于根ramulator2在线后端，不能因替代而删除,vortex-gpu/vortex/third_party/ramulator,inherited-from-ancestor
vortex-gpu/vortex/third_party/ramulator/build/_deps/yaml-cpp-build/CMakeFiles/ContinuousConfigure.dir,directory,,6,6,build-output,SimX历史Ramulator依赖,不等于根ramulator2在线后端，不能因替代而删除,vortex-gpu/vortex/third_party/ramulator,inherited-from-ancestor
vortex-gpu/vortex/third_party/ramulator/build/_deps/yaml-cpp-build/CMakeFiles/ContinuousCoverage.dir,directory,,6,6,build-output,SimX历史Ramulator依赖,不等于根ramulator2在线后端，不能因替代而删除,vortex-gpu/vortex/third_party/ramulator,inherited-from-ancestor
vortex-gpu/vortex/third_party/ramulator/build/_deps/yaml-cpp-build/CMakeFiles/ContinuousMemCheck.dir,directory,,6,6,build-output,SimX历史Ramulator依赖,不等于根ramulator2在线后端，不能因替代而删除,vortex-gpu/vortex/third_party/ramulator,inherited-from-ancestor
vortex-gpu/vortex/third_party/ramulator/build/_deps/yaml-cpp-build/CMakeFiles/ContinuousStart.dir,directory,,6,6,build-output,SimX历史Ramulator依赖,不等于根ramulator2在线后端，不能因替代而删除,vortex-gpu/vortex/third_party/ramulator,inherited-from-ancestor
vortex-gpu/vortex/third_party/ramulator/build/_deps/yaml-cpp-build/CMakeFiles/ContinuousSubmit.dir,directory,,6,6,build-output,SimX历史Ramulator依赖,不等于根ramulator2在线后端，不能因替代而删除,vortex-gpu/vortex/third_party/ramulator,inherited-from-ancestor
vortex-gpu/vortex/third_party/ramulator/build/_deps/yaml-cpp-build/CMakeFiles/ContinuousTest.dir,directory,,6,6,build-output,SimX历史Ramulator依赖,不等于根ramulator2在线后端，不能因替代而删除,vortex-gpu/vortex/third_party/ramulator,inherited-from-ancestor
vortex-gpu/vortex/third_party/ramulator/build/_deps/yaml-cpp-build/CMakeFiles/ContinuousUpdate.dir,directory,,6,6,build-output,SimX历史Ramulator依赖,不等于根ramulator2在线后端，不能因替代而删除,vortex-gpu/vortex/third_party/ramulator,inherited-from-ancestor
vortex-gpu/vortex/third_party/ramulator/build/_deps/yaml-cpp-build/CMakeFiles/Experimental.dir,directory,,6,6,build-output,SimX历史Ramulator依赖,不等于根ramulator2在线后端，不能因替代而删除,vortex-gpu/vortex/third_party/ramulator,inherited-from-ancestor
vortex-gpu/vortex/third_party/ramulator/build/_deps/yaml-cpp-build/CMakeFiles/ExperimentalBuild.dir,directory,,6,6,build-output,SimX历史Ramulator依赖,不等于根ramulator2在线后端，不能因替代而删除,vortex-gpu/vortex/third_party/ramulator,inherited-from-ancestor
vortex-gpu/vortex/third_party/ramulator/build/_deps/yaml-cpp-build/CMakeFiles/ExperimentalConfigure.dir,directory,,6,6,build-output,SimX历史Ramulator依赖,不等于根ramulator2在线后端，不能因替代而删除,vortex-gpu/vortex/third_party/ramulator,inherited-from-ancestor
vortex-gpu/vortex/third_party/ramulator/build/_deps/yaml-cpp-build/CMakeFiles/ExperimentalCoverage.dir,directory,,6,6,build-output,SimX历史Ramulator依赖,不等于根ramulator2在线后端，不能因替代而删除,vortex-gpu/vortex/third_party/ramulator,inherited-from-ancestor
vortex-gpu/vortex/third_party/ramulator/build/_deps/yaml-cpp-build/CMakeFiles/ExperimentalMemCheck.dir,directory,,6,6,build-output,SimX历史Ramulator依赖,不等于根ramulator2在线后端，不能因替代而删除,vortex-gpu/vortex/third_party/ramulator,inherited-from-ancestor
vortex-gpu/vortex/third_party/ramulator/build/_deps/yaml-cpp-build/CMakeFiles/ExperimentalStart.dir,directory,,6,6,build-output,SimX历史Ramulator依赖,不等于根ramulator2在线后端，不能因替代而删除,vortex-gpu/vortex/third_party/ramulator,inherited-from-ancestor
vortex-gpu/vortex/third_party/ramulator/build/_deps/yaml-cpp-build/CMakeFiles/ExperimentalSubmit.dir,directory,,6,6,build-output,SimX历史Ramulator依赖,不等于根ramulator2在线后端，不能因替代而删除,vortex-gpu/vortex/third_party/ramulator,inherited-from-ancestor
vortex-gpu/vortex/third_party/ramulator/build/_deps/yaml-cpp-build/CMakeFiles/ExperimentalTest.dir,directory,,6,6,build-output,SimX历史Ramulator依赖,不等于根ramulator2在线后端，不能因替代而删除,vortex-gpu/vortex/third_party/ramulator,inherited-from-ancestor
vortex-gpu/vortex/third_party/ramulator/build/_deps/yaml-cpp-build/CMakeFiles/ExperimentalUpdate.dir,directory,,6,6,build-output,SimX历史Ramulator依赖,不等于根ramulator2在线后端，不能因替代而删除,vortex-gpu/vortex/third_party/ramulator,inherited-from-ancestor
vortex-gpu/vortex/third_party/ramulator/build/_deps/yaml-cpp-build/CMakeFiles/Nightly.dir,directory,,6,6,build-output,SimX历史Ramulator依赖,不等于根ramulator2在线后端，不能因替代而删除,vortex-gpu/vortex/third_party/ramulator,inherited-from-ancestor
vortex-gpu/vortex/third_party/ramulator/build/_deps/yaml-cpp-build/CMakeFiles/NightlyBuild.dir,directory,,6,6,build-output,SimX历史Ramulator依赖,不等于根ramulator2在线后端，不能因替代而删除,vortex-gpu/vortex/third_party/ramulator,inherited-from-ancestor
vortex-gpu/vortex/third_party/ramulator/build/_deps/yaml-cpp-build/CMakeFiles/NightlyConfigure.dir,directory,,6,6,build-output,SimX历史Ramulator依赖,不等于根ramulator2在线后端，不能因替代而删除,vortex-gpu/vortex/third_party/ramulator,inherited-from-ancestor
vortex-gpu/vortex/third_party/ramulator/build/_deps/yaml-cpp-build/CMakeFiles/NightlyCoverage.dir,directory,,6,6,build-output,SimX历史Ramulator依赖,不等于根ramulator2在线后端，不能因替代而删除,vortex-gpu/vortex/third_party/ramulator,inherited-from-ancestor
vortex-gpu/vortex/third_party/ramulator/build/_deps/yaml-cpp-build/CMakeFiles/NightlyMemCheck.dir,directory,,6,6,build-output,SimX历史Ramulator依赖,不等于根ramulator2在线后端，不能因替代而删除,vortex-gpu/vortex/third_party/ramulator,inherited-from-ancestor
vortex-gpu/vortex/third_party/ramulator/build/_deps/yaml-cpp-build/CMakeFiles/NightlyMemoryCheck.dir,directory,,6,6,build-output,SimX历史Ramulator依赖,不等于根ramulator2在线后端，不能因替代而删除,vortex-gpu/vortex/third_party/ramulator,inherited-from-ancestor
vortex-gpu/vortex/third_party/ramulator/build/_deps/yaml-cpp-build/CMakeFiles/NightlyStart.dir,directory,,6,6,build-output,SimX历史Ramulator依赖,不等于根ramulator2在线后端，不能因替代而删除,vortex-gpu/vortex/third_party/ramulator,inherited-from-ancestor
vortex-gpu/vortex/third_party/ramulator/build/_deps/yaml-cpp-build/CMakeFiles/NightlySubmit.dir,directory,,6,6,build-output,SimX历史Ramulator依赖,不等于根ramulator2在线后端，不能因替代而删除,vortex-gpu/vortex/third_party/ramulator,inherited-from-ancestor
vortex-gpu/vortex/third_party/ramulator/build/_deps/yaml-cpp-build/CMakeFiles/NightlyTest.dir,directory,,6,6,build-output,SimX历史Ramulator依赖,不等于根ramulator2在线后端，不能因替代而删除,vortex-gpu/vortex/third_party/ramulator,inherited-from-ancestor
vortex-gpu/vortex/third_party/ramulator/build/_deps/yaml-cpp-build/CMakeFiles/NightlyUpdate.dir,directory,,6,6,build-output,SimX历史Ramulator依赖,不等于根ramulator2在线后端，不能因替代而删除,vortex-gpu/vortex/third_party/ramulator,inherited-from-ancestor
vortex-gpu/vortex/third_party/ramulator/build/_deps/yaml-cpp-build/CMakeFiles/format.dir,directory,,6,6,build-output,SimX历史Ramulator依赖,不等于根ramulator2在线后端，不能因替代而删除,vortex-gpu/vortex/third_party/ramulator,inherited-from-ancestor
vortex-gpu/vortex/third_party/ramulator/build/_deps/yaml-cpp-build/CMakeFiles/yaml-cpp.dir,directory,,11,69,build-output,SimX历史Ramulator依赖,不等于根ramulator2在线后端，不能因替代而删除,vortex-gpu/vortex/third_party/ramulator,inherited-from-ancestor
vortex-gpu/vortex/third_party/ramulator/build/_deps/yaml-cpp-build/CMakeFiles/yaml-cpp.dir/src,directory,,58,58,build-output,SimX历史Ramulator依赖,不等于根ramulator2在线后端，不能因替代而删除,vortex-gpu/vortex/third_party/ramulator,inherited-from-ancestor
vortex-gpu/vortex/third_party/ramulator/build/_deps/yaml-cpp-build/Testing,directory,,0,0,build-output,SimX历史Ramulator依赖,不等于根ramulator2在线后端，不能因替代而删除,vortex-gpu/vortex/third_party/ramulator,inherited-from-ancestor
vortex-gpu/vortex/third_party/ramulator/build/_deps/yaml-cpp-build/Testing/Temporary,directory,,0,0,build-output,SimX历史Ramulator依赖,不等于根ramulator2在线后端，不能因替代而删除,vortex-gpu/vortex/third_party/ramulator,inherited-from-ancestor
vortex-gpu/vortex/third_party/ramulator/build/src,directory,,2,228,build-output,SimX历史Ramulator依赖,不等于根ramulator2在线后端，不能因替代而删除,vortex-gpu/vortex/third_party/ramulator,inherited-from-ancestor
vortex-gpu/vortex/third_party/ramulator/build/src/CMakeFiles,directory,,2,2,build-output,SimX历史Ramulator依赖,不等于根ramulator2在线后端，不能因替代而删除,vortex-gpu/vortex/third_party/ramulator,inherited-from-ancestor
vortex-gpu/vortex/third_party/ramulator/build/src/addr_mapper,directory,,2,17,build-output,SimX历史Ramulator依赖,不等于根ramulator2在线后端，不能因替代而删除,vortex-gpu/vortex/third_party/ramulator,inherited-from-ancestor
vortex-gpu/vortex/third_party/ramulator/build/src/addr_mapper/CMakeFiles,directory,,2,15,build-output,SimX历史Ramulator依赖,不等于根ramulator2在线后端，不能因替代而删除,vortex-gpu/vortex/third_party/ramulator,inherited-from-ancestor
vortex-gpu/vortex/third_party/ramulator/build/src/addr_mapper/CMakeFiles/ramulator-addrmapper.dir,directory,,9,13,build-output,SimX历史Ramulator依赖,不等于根ramulator2在线后端，不能因替代而删除,vortex-gpu/vortex/third_party/ramulator,inherited-from-ancestor
vortex-gpu/vortex/third_party/ramulator/build/src/addr_mapper/CMakeFiles/ramulator-addrmapper.dir/impl,directory,,4,4,build-output,SimX历史Ramulator依赖,不等于根ramulator2在线后端，不能因替代而删除,vortex-gpu/vortex/third_party/ramulator,inherited-from-ancestor
vortex-gpu/vortex/third_party/ramulator/build/src/base,directory,,2,25,build-output,SimX历史Ramulator依赖,不等于根ramulator2在线后端，不能因替代而删除,vortex-gpu/vortex/third_party/ramulator,inherited-from-ancestor
vortex-gpu/vortex/third_party/ramulator/build/src/base/CMakeFiles,directory,,2,23,build-output,SimX历史Ramulator依赖,不等于根ramulator2在线后端，不能因替代而删除,vortex-gpu/vortex/third_party/ramulator,inherited-from-ancestor
vortex-gpu/vortex/third_party/ramulator/build/src/base/CMakeFiles/ramulator-base.dir,directory,,21,21,build-output,SimX历史Ramulator依赖,不等于根ramulator2在线后端，不能因替代而删除,vortex-gpu/vortex/third_party/ramulator,inherited-from-ancestor
vortex-gpu/vortex/third_party/ramulator/build/src/dram,directory,,2,35,build-output,SimX历史Ramulator依赖,不等于根ramulator2在线后端，不能因替代而删除,vortex-gpu/vortex/third_party/ramulator,inherited-from-ancestor
vortex-gpu/vortex/third_party/ramulator/build/src/dram/CMakeFiles,directory,,2,33,build-output,SimX历史Ramulator依赖,不等于根ramulator2在线后端，不能因替代而删除,vortex-gpu/vortex/third_party/ramulator,inherited-from-ancestor
vortex-gpu/vortex/third_party/ramulator/build/src/dram/CMakeFiles/ramulator-dram.dir,directory,,9,31,build-output,SimX历史Ramulator依赖,不等于根ramulator2在线后端，不能因替代而删除,vortex-gpu/vortex/third_party/ramulator,inherited-from-ancestor
vortex-gpu/vortex/third_party/ramulator/build/src/dram/CMakeFiles/ramulator-dram.dir/impl,directory,,22,22,build-output,SimX历史Ramulator依赖,不等于根ramulator2在线后端，不能因替代而删除,vortex-gpu/vortex/third_party/ramulator,inherited-from-ancestor
vortex-gpu/vortex/third_party/ramulator/build/src/dram_controller,directory,,2,63,build-output,SimX历史Ramulator依赖,不等于根ramulator2在线后端，不能因替代而删除,vortex-gpu/vortex/third_party/ramulator,inherited-from-ancestor
vortex-gpu/vortex/third_party/ramulator/build/src/dram_controller/CMakeFiles,directory,,2,61,build-output,SimX历史Ramulator依赖,不等于根ramulator2在线后端，不能因替代而删除,vortex-gpu/vortex/third_party/ramulator,inherited-from-ancestor
vortex-gpu/vortex/third_party/ramulator/build/src/dram_controller/CMakeFiles/ramulator-controller.dir,directory,,9,59,build-output,SimX历史Ramulator依赖,不等于根ramulator2在线后端，不能因替代而删除,vortex-gpu/vortex/third_party/ramulator,inherited-from-ancestor
vortex-gpu/vortex/third_party/ramulator/build/src/dram_controller/CMakeFiles/ramulator-controller.dir/impl,directory,,8,50,build-output,SimX历史Ramulator依赖,不等于根ramulator2在线后端，不能因替代而删除,vortex-gpu/vortex/third_party/ramulator,inherited-from-ancestor
vortex-gpu/vortex/third_party/ramulator/build/src/dram_controller/CMakeFiles/ramulator-controller.dir/impl/plugin,directory,,20,28,build-output,SimX历史Ramulator依赖,不等于根ramulator2在线后端，不能因替代而删除,vortex-gpu/vortex/third_party/ramulator,inherited-from-ancestor
vortex-gpu/vortex/third_party/ramulator/build/src/dram_controller/CMakeFiles/ramulator-controller.dir/impl/plugin/bliss,directory,,2,2,build-output,SimX历史Ramulator依赖,不等于根ramulator2在线后端，不能因替代而删除,vortex-gpu/vortex/third_party/ramulator,inherited-from-ancestor
vortex-gpu/vortex/third_party/ramulator/build/src/dram_controller/CMakeFiles/ramulator-controller.dir/impl/plugin/blockhammer,directory,,2,2,build-output,SimX历史Ramulator依赖,不等于根ramulator2在线后端，不能因替代而删除,vortex-gpu/vortex/third_party/ramulator,inherited-from-ancestor
vortex-gpu/vortex/third_party/ramulator/build/src/dram_controller/CMakeFiles/ramulator-controller.dir/impl/plugin/device_config,directory,,2,2,build-output,SimX历史Ramulator依赖,不等于根ramulator2在线后端，不能因替代而删除,vortex-gpu/vortex/third_party/ramulator,inherited-from-ancestor
vortex-gpu/vortex/third_party/ramulator/build/src/dram_controller/CMakeFiles/ramulator-controller.dir/impl/plugin/prac,directory,,2,2,build-output,SimX历史Ramulator依赖,不等于根ramulator2在线后端，不能因替代而删除,vortex-gpu/vortex/third_party/ramulator,inherited-from-ancestor
vortex-gpu/vortex/third_party/ramulator/build/src/dram_controller/CMakeFiles/ramulator-controller.dir/impl/refresh,directory,,2,2,build-output,SimX历史Ramulator依赖,不等于根ramulator2在线后端，不能因替代而删除,vortex-gpu/vortex/third_party/ramulator,inherited-from-ancestor
vortex-gpu/vortex/third_party/ramulator/build/src/dram_controller/CMakeFiles/ramulator-controller.dir/impl/rowpolicy,directory,,2,2,build-output,SimX历史Ramulator依赖,不等于根ramulator2在线后端，不能因替代而删除,vortex-gpu/vortex/third_party/ramulator,inherited-from-ancestor
vortex-gpu/vortex/third_party/ramulator/build/src/dram_controller/CMakeFiles/ramulator-controller.dir/impl/scheduler,directory,,10,10,build-output,SimX历史Ramulator依赖,不等于根ramulator2在线后端，不能因替代而删除,vortex-gpu/vortex/third_party/ramulator,inherited-from-ancestor
vortex-gpu/vortex/third_party/ramulator/build/src/frontend,directory,,2,33,build-output,SimX历史Ramulator依赖,不等于根ramulator2在线后端，不能因替代而删除,vortex-gpu/vortex/third_party/ramulator,inherited-from-ancestor
vortex-gpu/vortex/third_party/ramulator/build/src/frontend/CMakeFiles,directory,,2,31,build-output,SimX历史Ramulator依赖,不等于根ramulator2在线后端，不能因替代而删除,vortex-gpu/vortex/third_party/ramulator,inherited-from-ancestor
vortex-gpu/vortex/third_party/ramulator/build/src/frontend/CMakeFiles/ramulator-frontend.dir,directory,,9,29,build-output,SimX历史Ramulator依赖,不等于根ramulator2在线后端，不能因替代而删除,vortex-gpu/vortex/third_party/ramulator,inherited-from-ancestor
vortex-gpu/vortex/third_party/ramulator/build/src/frontend/CMakeFiles/ramulator-frontend.dir/impl,directory,,0,20,build-output,SimX历史Ramulator依赖,不等于根ramulator2在线后端，不能因替代而删除,vortex-gpu/vortex/third_party/ramulator,inherited-from-ancestor
vortex-gpu/vortex/third_party/ramulator/build/src/frontend/CMakeFiles/ramulator-frontend.dir/impl/external_wrapper,directory,,2,2,build-output,SimX历史Ramulator依赖,不等于根ramulator2在线后端，不能因替代而删除,vortex-gpu/vortex/third_party/ramulator,inherited-from-ancestor
vortex-gpu/vortex/third_party/ramulator/build/src/frontend/CMakeFiles/ramulator-frontend.dir/impl/memory_trace,directory,,4,4,build-output,SimX历史Ramulator依赖,不等于根ramulator2在线后端，不能因替代而删除,vortex-gpu/vortex/third_party/ramulator,inherited-from-ancestor
vortex-gpu/vortex/third_party/ramulator/build/src/frontend/CMakeFiles/ramulator-frontend.dir/impl/processor,directory,,0,14,build-output,SimX历史Ramulator依赖,不等于根ramulator2在线后端，不能因替代而删除,vortex-gpu/vortex/third_party/ramulator,inherited-from-ancestor
vortex-gpu/vortex/third_party/ramulator/build/src/frontend/CMakeFiles/ramulator-frontend.dir/impl/processor/bhO3,directory,,6,6,build-output,SimX历史Ramulator依赖,不等于根ramulator2在线后端，不能因替代而删除,vortex-gpu/vortex/third_party/ramulator,inherited-from-ancestor
vortex-gpu/vortex/third_party/ramulator/build/src/frontend/CMakeFiles/ramulator-frontend.dir/impl/processor/simpleO3,directory,,8,8,build-output,SimX历史Ramulator依赖,不等于根ramulator2在线后端，不能因替代而删除,vortex-gpu/vortex/third_party/ramulator,inherited-from-ancestor
vortex-gpu/vortex/third_party/ramulator/build/src/memory_system,directory,,2,19,build-output,SimX历史Ramulator依赖,不等于根ramulator2在线后端，不能因替代而删除,vortex-gpu/vortex/third_party/ramulator,inherited-from-ancestor
vortex-gpu/vortex/third_party/ramulator/build/src/memory_system/CMakeFiles,directory,,2,17,build-output,SimX历史Ramulator依赖,不等于根ramulator2在线后端，不能因替代而删除,vortex-gpu/vortex/third_party/ramulator,inherited-from-ancestor
vortex-gpu/vortex/third_party/ramulator/build/src/memory_system/CMakeFiles/ramulator-memorysystem.dir,directory,,9,15,build-output,SimX历史Ramulator依赖,不等于根ramulator2在线后端，不能因替代而删除,vortex-gpu/vortex/third_party/ramulator,inherited-from-ancestor
vortex-gpu/vortex/third_party/ramulator/build/src/memory_system/CMakeFiles/ramulator-memorysystem.dir/impl,directory,,6,6,build-output,SimX历史Ramulator依赖,不等于根ramulator2在线后端，不能因替代而删除,vortex-gpu/vortex/third_party/ramulator,inherited-from-ancestor
vortex-gpu/vortex/third_party/ramulator/build/src/test,directory,,2,15,build-output,SimX历史Ramulator依赖,不等于根ramulator2在线后端，不能因替代而删除,vortex-gpu/vortex/third_party/ramulator,inherited-from-ancestor
vortex-gpu/vortex/third_party/ramulator/build/src/test/CMakeFiles,directory,,2,13,build-output,SimX历史Ramulator依赖,不等于根ramulator2在线后端，不能因替代而删除,vortex-gpu/vortex/third_party/ramulator,inherited-from-ancestor
vortex-gpu/vortex/third_party/ramulator/build/src/test/CMakeFiles/ramulator-test.dir,directory,,11,11,build-output,SimX历史Ramulator依赖,不等于根ramulator2在线后端，不能因替代而删除,vortex-gpu/vortex/third_party/ramulator,inherited-from-ancestor
vortex-gpu/vortex/third_party/ramulator/build/src/translation,directory,,2,17,build-output,SimX历史Ramulator依赖,不等于根ramulator2在线后端，不能因替代而删除,vortex-gpu/vortex/third_party/ramulator,inherited-from-ancestor
vortex-gpu/vortex/third_party/ramulator/build/src/translation/CMakeFiles,directory,,2,15,build-output,SimX历史Ramulator依赖,不等于根ramulator2在线后端，不能因替代而删除,vortex-gpu/vortex/third_party/ramulator,inherited-from-ancestor
vortex-gpu/vortex/third_party/ramulator/build/src/translation/CMakeFiles/ramulator-translation.dir,directory,,9,13,build-output,SimX历史Ramulator依赖,不等于根ramulator2在线后端，不能因替代而删除,vortex-gpu/vortex/third_party/ramulator,inherited-from-ancestor
vortex-gpu/vortex/third_party/ramulator/build/src/translation/CMakeFiles/ramulator-translation.dir/impl,directory,,4,4,build-output,SimX历史Ramulator依赖,不等于根ramulator2在线后端，不能因替代而删除,vortex-gpu/vortex/third_party/ramulator,inherited-from-ancestor
vortex-gpu/vortex/third_party/ramulator/perf_comparison,directory,,4,12,external-gpu-tree,SimX历史Ramulator依赖,不等于根ramulator2在线后端，不能因替代而删除,vortex-gpu/vortex/third_party/ramulator,inherited-from-ancestor
vortex-gpu/vortex/third_party/ramulator/perf_comparison/configs,directory,,6,6,external-gpu-tree,SimX历史Ramulator依赖,不等于根ramulator2在线后端，不能因替代而删除,vortex-gpu/vortex/third_party/ramulator,inherited-from-ancestor
vortex-gpu/vortex/third_party/ramulator/perf_comparison/traces,directory,,2,2,external-gpu-tree,SimX历史Ramulator依赖,不等于根ramulator2在线后端，不能因替代而删除,vortex-gpu/vortex/third_party/ramulator,inherited-from-ancestor
vortex-gpu/vortex/third_party/ramulator/resources,directory,,0,3,external-gpu-tree,SimX历史Ramulator依赖,不等于根ramulator2在线后端，不能因替代而删除,vortex-gpu/vortex/third_party/ramulator,inherited-from-ancestor
vortex-gpu/vortex/third_party/ramulator/resources/gem5_wrappers,directory,,3,3,external-gpu-tree,SimX历史Ramulator依赖,不等于根ramulator2在线后端，不能因替代而删除,vortex-gpu/vortex/third_party/ramulator,inherited-from-ancestor
vortex-gpu/vortex/third_party/ramulator/rh_study,directory,,7,7,external-gpu-tree,SimX历史Ramulator依赖,不等于根ramulator2在线后端，不能因替代而删除,vortex-gpu/vortex/third_party/ramulator,inherited-from-ancestor
vortex-gpu/vortex/third_party/ramulator/src,directory,,2,128,external-gpu-tree,SimX历史Ramulator依赖,不等于根ramulator2在线后端，不能因替代而删除,vortex-gpu/vortex/third_party/ramulator,inherited-from-ancestor
vortex-gpu/vortex/third_party/ramulator/src/addr_mapper,directory,,2,5,external-gpu-tree,SimX历史Ramulator依赖,不等于根ramulator2在线后端，不能因替代而删除,vortex-gpu/vortex/third_party/ramulator,inherited-from-ancestor
vortex-gpu/vortex/third_party/ramulator/src/addr_mapper/impl,directory,,3,3,external-gpu-tree,SimX历史Ramulator依赖,不等于根ramulator2在线后端，不能因替代而删除,vortex-gpu/vortex/third_party/ramulator,inherited-from-ancestor
vortex-gpu/vortex/third_party/ramulator/src/base,directory,,20,20,external-gpu-tree,SimX历史Ramulator依赖,不等于根ramulator2在线后端，不能因替代而删除,vortex-gpu/vortex/third_party/ramulator,inherited-from-ancestor
vortex-gpu/vortex/third_party/ramulator/src/dram,directory,,5,22,external-gpu-tree,SimX历史Ramulator依赖,不等于根ramulator2在线后端，不能因替代而删除,vortex-gpu/vortex/third_party/ramulator,inherited-from-ancestor
vortex-gpu/vortex/third_party/ramulator/src/dram/impl,directory,,12,12,external-gpu-tree,SimX历史Ramulator依赖,不等于根ramulator2在线后端，不能因替代而删除,vortex-gpu/vortex/third_party/ramulator,inherited-from-ancestor
vortex-gpu/vortex/third_party/ramulator/src/dram/lambdas,directory,,5,5,external-gpu-tree,SimX历史Ramulator依赖,不等于根ramulator2在线后端，不能因替代而删除,vortex-gpu/vortex/third_party/ramulator,inherited-from-ancestor
vortex-gpu/vortex/third_party/ramulator/src/dram_controller,directory,,8,40,external-gpu-tree,SimX历史Ramulator依赖,不等于根ramulator2在线后端，不能因替代而删除,vortex-gpu/vortex/third_party/ramulator,inherited-from-ancestor
vortex-gpu/vortex/third_party/ramulator/src/dram_controller/impl,directory,,4,32,external-gpu-tree,SimX历史Ramulator依赖,不等于根ramulator2在线后端，不能因替代而删除,vortex-gpu/vortex/third_party/ramulator,inherited-from-ancestor
vortex-gpu/vortex/third_party/ramulator/src/dram_controller/impl/plugin,directory,,11,21,external-gpu-tree,SimX历史Ramulator依赖,不等于根ramulator2在线后端，不能因替代而删除,vortex-gpu/vortex/third_party/ramulator,inherited-from-ancestor
vortex-gpu/vortex/third_party/ramulator/src/dram_controller/impl/plugin/bliss,directory,,2,2,external-gpu-tree,SimX历史Ramulator依赖,不等于根ramulator2在线后端，不能因替代而删除,vortex-gpu/vortex/third_party/ramulator,inherited-from-ancestor
vortex-gpu/vortex/third_party/ramulator/src/dram_controller/impl/plugin/blockhammer,directory,,4,4,external-gpu-tree,SimX历史Ramulator依赖,不等于根ramulator2在线后端，不能因替代而删除,vortex-gpu/vortex/third_party/ramulator,inherited-from-ancestor
vortex-gpu/vortex/third_party/ramulator/src/dram_controller/impl/plugin/device_config,directory,,2,2,external-gpu-tree,SimX历史Ramulator依赖,不等于根ramulator2在线后端，不能因替代而删除,vortex-gpu/vortex/third_party/ramulator,inherited-from-ancestor
vortex-gpu/vortex/third_party/ramulator/src/dram_controller/impl/plugin/prac,directory,,2,2,external-gpu-tree,SimX历史Ramulator依赖,不等于根ramulator2在线后端，不能因替代而删除,vortex-gpu/vortex/third_party/ramulator,inherited-from-ancestor
vortex-gpu/vortex/third_party/ramulator/src/dram_controller/impl/refresh,directory,,1,1,external-gpu-tree,SimX历史Ramulator依赖,不等于根ramulator2在线后端，不能因替代而删除,vortex-gpu/vortex/third_party/ramulator,inherited-from-ancestor
vortex-gpu/vortex/third_party/ramulator/src/dram_controller/impl/rowpolicy,directory,,1,1,external-gpu-tree,SimX历史Ramulator依赖,不等于根ramulator2在线后端，不能因替代而删除,vortex-gpu/vortex/third_party/ramulator,inherited-from-ancestor
vortex-gpu/vortex/third_party/ramulator/src/dram_controller/impl/scheduler,directory,,5,5,external-gpu-tree,SimX历史Ramulator依赖,不等于根ramulator2在线后端，不能因替代而删除,vortex-gpu/vortex/third_party/ramulator,inherited-from-ancestor
vortex-gpu/vortex/third_party/ramulator/src/example,directory,,2,8,external-gpu-tree,SimX历史Ramulator依赖,不等于根ramulator2在线后端，不能因替代而删除,vortex-gpu/vortex/third_party/ramulator,inherited-from-ancestor
vortex-gpu/vortex/third_party/ramulator/src/example/impl,directory,,6,6,external-gpu-tree,SimX历史Ramulator依赖,不等于根ramulator2在线后端，不能因替代而删除,vortex-gpu/vortex/third_party/ramulator,inherited-from-ancestor
vortex-gpu/vortex/third_party/ramulator/src/frontend,directory,,2,18,external-gpu-tree,SimX历史Ramulator依赖,不等于根ramulator2在线后端，不能因替代而删除,vortex-gpu/vortex/third_party/ramulator,inherited-from-ancestor
vortex-gpu/vortex/third_party/ramulator/src/frontend/impl,directory,,0,16,external-gpu-tree,SimX历史Ramulator依赖,不等于根ramulator2在线后端，不能因替代而删除,vortex-gpu/vortex/third_party/ramulator,inherited-from-ancestor
vortex-gpu/vortex/third_party/ramulator/src/frontend/impl/external_wrapper,directory,,1,1,external-gpu-tree,SimX历史Ramulator依赖,不等于根ramulator2在线后端，不能因替代而删除,vortex-gpu/vortex/third_party/ramulator,inherited-from-ancestor
vortex-gpu/vortex/third_party/ramulator/src/frontend/impl/memory_trace,directory,,2,2,external-gpu-tree,SimX历史Ramulator依赖,不等于根ramulator2在线后端，不能因替代而删除,vortex-gpu/vortex/third_party/ramulator,inherited-from-ancestor
vortex-gpu/vortex/third_party/ramulator/src/frontend/impl/processor,directory,,0,13,external-gpu-tree,SimX历史Ramulator依赖,不等于根ramulator2在线后端，不能因替代而删除,vortex-gpu/vortex/third_party/ramulator,inherited-from-ancestor
vortex-gpu/vortex/third_party/ramulator/src/frontend/impl/processor/bhO3,directory,,6,6,external-gpu-tree,SimX历史Ramulator依赖,不等于根ramulator2在线后端，不能因替代而删除,vortex-gpu/vortex/third_party/ramulator,inherited-from-ancestor
vortex-gpu/vortex/third_party/ramulator/src/frontend/impl/processor/simpleO3,directory,,7,7,external-gpu-tree,SimX历史Ramulator依赖,不等于根ramulator2在线后端，不能因替代而删除,vortex-gpu/vortex/third_party/ramulator,inherited-from-ancestor
vortex-gpu/vortex/third_party/ramulator/src/memory_system,directory,,3,6,external-gpu-tree,SimX历史Ramulator依赖,不等于根ramulator2在线后端，不能因替代而删除,vortex-gpu/vortex/third_party/ramulator,inherited-from-ancestor
vortex-gpu/vortex/third_party/ramulator/src/memory_system/impl,directory,,3,3,external-gpu-tree,SimX历史Ramulator依赖,不等于根ramulator2在线后端，不能因替代而删除,vortex-gpu/vortex/third_party/ramulator,inherited-from-ancestor
vortex-gpu/vortex/third_party/ramulator/src/test,directory,,3,3,external-gpu-tree,SimX历史Ramulator依赖,不等于根ramulator2在线后端，不能因替代而删除,vortex-gpu/vortex/third_party/ramulator,inherited-from-ancestor
vortex-gpu/vortex/third_party/ramulator/src/translation,directory,,2,4,external-gpu-tree,SimX历史Ramulator依赖,不等于根ramulator2在线后端，不能因替代而删除,vortex-gpu/vortex/third_party/ramulator,inherited-from-ancestor
vortex-gpu/vortex/third_party/ramulator/src/translation/impl,directory,,2,2,external-gpu-tree,SimX历史Ramulator依赖,不等于根ramulator2在线后端，不能因替代而删除,vortex-gpu/vortex/third_party/ramulator,inherited-from-ancestor
vortex-gpu/vortex/third_party/ramulator/verilog_verification,directory,,3,19,external-gpu-tree,SimX历史Ramulator依赖,不等于根ramulator2在线后端，不能因替代而删除,vortex-gpu/vortex/third_party/ramulator,inherited-from-ancestor
vortex-gpu/vortex/third_party/ramulator/verilog_verification/sources,directory,,15,15,external-gpu-tree,SimX历史Ramulator依赖,不等于根ramulator2在线后端，不能因替代而删除,vortex-gpu/vortex/third_party/ramulator,inherited-from-ancestor
vortex-gpu/vortex/third_party/ramulator/verilog_verification/traces,directory,,1,1,external-gpu-tree,SimX历史Ramulator依赖,不等于根ramulator2在线后端，不能因替代而删除,vortex-gpu/vortex/third_party/ramulator,inherited-from-ancestor
vortex-gpu/vortex/third_party/softfloat,directory,,5,799,external-gpu-tree,软件浮点库,外部依赖/资源,vortex-gpu/vortex/third_party/softfloat,manual
vortex-gpu/vortex/third_party/softfloat/build,directory,,0,330,build-output,软件浮点库,外部依赖/资源,vortex-gpu/vortex/third_party/softfloat,inherited-from-ancestor
vortex-gpu/vortex/third_party/softfloat/build/Linux-386-GCC,directory,,2,2,build-output,软件浮点库,外部依赖/资源,vortex-gpu/vortex/third_party/softfloat,inherited-from-ancestor
vortex-gpu/vortex/third_party/softfloat/build/Linux-386-SSE2-GCC,directory,,2,2,build-output,软件浮点库,外部依赖/资源,vortex-gpu/vortex/third_party/softfloat,inherited-from-ancestor
vortex-gpu/vortex/third_party/softfloat/build/Linux-ARM-VFPv2-GCC,directory,,2,2,build-output,软件浮点库,外部依赖/资源,vortex-gpu/vortex/third_party/softfloat,inherited-from-ancestor
vortex-gpu/vortex/third_party/softfloat/build/Linux-RISCV64-GCC,directory,,2,2,build-output,软件浮点库,外部依赖/资源,vortex-gpu/vortex/third_party/softfloat,inherited-from-ancestor
vortex-gpu/vortex/third_party/softfloat/build/Linux-x86_64-GCC,directory,,312,312,build-output,软件浮点库,外部依赖/资源,vortex-gpu/vortex/third_party/softfloat,inherited-from-ancestor
vortex-gpu/vortex/third_party/softfloat/build/Win32-MinGW,directory,,2,2,build-output,软件浮点库,外部依赖/资源,vortex-gpu/vortex/third_party/softfloat,inherited-from-ancestor
vortex-gpu/vortex/third_party/softfloat/build/Win32-SSE2-MinGW,directory,,2,2,build-output,软件浮点库,外部依赖/资源,vortex-gpu/vortex/third_party/softfloat,inherited-from-ancestor
vortex-gpu/vortex/third_party/softfloat/build/Win64-MinGW-w64,directory,,2,2,build-output,软件浮点库,外部依赖/资源,vortex-gpu/vortex/third_party/softfloat,inherited-from-ancestor
vortex-gpu/vortex/third_party/softfloat/build/template-FAST_INT64,directory,,2,2,build-output,软件浮点库,外部依赖/资源,vortex-gpu/vortex/third_party/softfloat,inherited-from-ancestor
vortex-gpu/vortex/third_party/softfloat/build/template-not-FAST_INT64,directory,,2,2,build-output,软件浮点库,外部依赖/资源,vortex-gpu/vortex/third_party/softfloat,inherited-from-ancestor
vortex-gpu/vortex/third_party/softfloat/doc,directory,,3,3,external-gpu-tree,软件浮点库,外部依赖/资源,vortex-gpu/vortex/third_party/softfloat,inherited-from-ancestor
vortex-gpu/vortex/third_party/softfloat/source,directory,,326,461,external-gpu-tree,软件浮点库,外部依赖/资源,vortex-gpu/vortex/third_party/softfloat,inherited-from-ancestor
vortex-gpu/vortex/third_party/softfloat/source/8086,directory,,25,25,external-gpu-tree,软件浮点库,外部依赖/资源,vortex-gpu/vortex/third_party/softfloat,inherited-from-ancestor
vortex-gpu/vortex/third_party/softfloat/source/8086-SSE,directory,,27,27,external-gpu-tree,软件浮点库,外部依赖/资源,vortex-gpu/vortex/third_party/softfloat,inherited-from-ancestor
vortex-gpu/vortex/third_party/softfloat/source/ARM-VFPv2,directory,,25,25,external-gpu-tree,软件浮点库,外部依赖/资源,vortex-gpu/vortex/third_party/softfloat,inherited-from-ancestor
vortex-gpu/vortex/third_party/softfloat/source/ARM-VFPv2-defaultNaN,directory,,25,25,external-gpu-tree,软件浮点库,外部依赖/资源,vortex-gpu/vortex/third_party/softfloat,inherited-from-ancestor
vortex-gpu/vortex/third_party/softfloat/source/RISCV,directory,,27,27,external-gpu-tree,软件浮点库,外部依赖/资源,vortex-gpu/vortex/third_party/softfloat,inherited-from-ancestor
vortex-gpu/vortex/third_party/softfloat/source/include,directory,,6,6,external-gpu-tree,软件浮点库,外部依赖/资源,vortex-gpu/vortex/third_party/softfloat,inherited-from-ancestor
vortex-gpu/vortex/trace,directory,,2,2,external-gpu-tree,当前保存旧Ramulator的ch0/ch1日志,独立GPU依赖的调试输出，不是根results内的在线后端命令日志,vortex-gpu/vortex/trace,manual
vortex-gpu/vxbuild,directory,,3,498,build-output,configure生成的独立构建和运行树,编译产物和实例化Makefile，不是第二份维护源码,vortex-gpu/vxbuild,manual
vortex-gpu/vxbuild/ci,directory,,25,59,build-output,configure生成的独立构建和运行树,编译产物和实例化Makefile，不是第二份维护源码,vortex-gpu/vxbuild,inherited-from-ancestor
vortex-gpu/vxbuild/ci/testcases,directory,,34,34,build-output,configure生成的独立构建和运行树,编译产物和实例化Makefile，不是第二份维护源码,vortex-gpu/vxbuild,inherited-from-ancestor
vortex-gpu/vxbuild/hw,directory,,4,77,build-output,configure生成的独立构建和运行树,编译产物和实例化Makefile，不是第二份维护源码,vortex-gpu/vxbuild,inherited-from-ancestor
vortex-gpu/vxbuild/hw/syn,directory,,1,41,build-output,configure生成的独立构建和运行树,编译产物和实例化Makefile，不是第二份维护源码,vortex-gpu/vxbuild,inherited-from-ancestor
vortex-gpu/vxbuild/hw/syn/altera,directory,,0,13,build-output,configure生成的独立构建和运行树,编译产物和实例化Makefile，不是第二份维护源码,vortex-gpu/vxbuild,inherited-from-ancestor
vortex-gpu/vxbuild/hw/syn/altera/dut,directory,,2,12,build-output,configure生成的独立构建和运行树,编译产物和实例化Makefile，不是第二份维护源码,vortex-gpu/vxbuild,inherited-from-ancestor
vortex-gpu/vxbuild/hw/syn/altera/dut/cache,directory,,1,1,build-output,configure生成的独立构建和运行树,编译产物和实例化Makefile，不是第二份维护源码,vortex-gpu/vxbuild,inherited-from-ancestor
vortex-gpu/vxbuild/hw/syn/altera/dut/core,directory,,1,1,build-output,configure生成的独立构建和运行树,编译产物和实例化Makefile，不是第二份维护源码,vortex-gpu/vxbuild,inherited-from-ancestor
vortex-gpu/vxbuild/hw/syn/altera/dut/fpu,directory,,1,1,build-output,configure生成的独立构建和运行树,编译产物和实例化Makefile，不是第二份维护源码,vortex-gpu/vxbuild,inherited-from-ancestor
vortex-gpu/vxbuild/hw/syn/altera/dut/issue,directory,,1,1,build-output,configure生成的独立构建和运行树,编译产物和实例化Makefile，不是第二份维护源码,vortex-gpu/vxbuild,inherited-from-ancestor
vortex-gpu/vxbuild/hw/syn/altera/dut/lmem,directory,,1,1,build-output,configure生成的独立构建和运行树,编译产物和实例化Makefile，不是第二份维护源码,vortex-gpu/vxbuild,inherited-from-ancestor
vortex-gpu/vxbuild/hw/syn/altera/dut/mem_unit,directory,,1,1,build-output,configure生成的独立构建和运行树,编译产物和实例化Makefile，不是第二份维护源码,vortex-gpu/vxbuild,inherited-from-ancestor
vortex-gpu/vxbuild/hw/syn/altera/dut/scope,directory,,1,1,build-output,configure生成的独立构建和运行树,编译产物和实例化Makefile，不是第二份维护源码,vortex-gpu/vxbuild,inherited-from-ancestor
vortex-gpu/vxbuild/hw/syn/altera/dut/top,directory,,1,1,build-output,configure生成的独立构建和运行树,编译产物和实例化Makefile，不是第二份维护源码,vortex-gpu/vxbuild,inherited-from-ancestor
vortex-gpu/vxbuild/hw/syn/altera/dut/unittest,directory,,1,1,build-output,configure生成的独立构建和运行树,编译产物和实例化Makefile，不是第二份维护源码,vortex-gpu/vxbuild,inherited-from-ancestor
vortex-gpu/vxbuild/hw/syn/altera/dut/vortex,directory,,1,1,build-output,configure生成的独立构建和运行树,编译产物和实例化Makefile，不是第二份维护源码,vortex-gpu/vxbuild,inherited-from-ancestor
vortex-gpu/vxbuild/hw/syn/altera/opae,directory,,1,1,build-output,configure生成的独立构建和运行树,编译产物和实例化Makefile，不是第二份维护源码,vortex-gpu/vxbuild,inherited-from-ancestor
vortex-gpu/vxbuild/hw/syn/libs,directory,,0,2,build-output,configure生成的独立构建和运行树,编译产物和实例化Makefile，不是第二份维护源码,vortex-gpu/vxbuild,inherited-from-ancestor
vortex-gpu/vxbuild/hw/syn/libs/cln28hpc,directory,,0,1,build-output,configure生成的独立构建和运行树,编译产物和实例化Makefile，不是第二份维护源码,vortex-gpu/vxbuild,inherited-from-ancestor
vortex-gpu/vxbuild/hw/syn/libs/cln28hpc/rf2_32x128_wm1,directory,,1,1,build-output,configure生成的独立构建和运行树,编译产物和实例化Makefile，不是第二份维护源码,vortex-gpu/vxbuild,inherited-from-ancestor
vortex-gpu/vxbuild/hw/syn/libs/cln28hpm,directory,,0,1,build-output,configure生成的独立构建和运行树,编译产物和实例化Makefile，不是第二份维护源码,vortex-gpu/vxbuild,inherited-from-ancestor
vortex-gpu/vxbuild/hw/syn/libs/cln28hpm/rf2_32x128_wm1,directory,,0,1,build-output,configure生成的独立构建和运行树,编译产物和实例化Makefile，不是第二份维护源码,vortex-gpu/vxbuild,inherited-from-ancestor
vortex-gpu/vxbuild/hw/syn/libs/cln28hpm/rf2_32x128_wm1/vsim,directory,,1,1,build-output,configure生成的独立构建和运行树,编译产物和实例化Makefile，不是第二份维护源码,vortex-gpu/vxbuild,inherited-from-ancestor
vortex-gpu/vxbuild/hw/syn/synopsys,directory,,1,1,build-output,configure生成的独立构建和运行树,编译产物和实例化Makefile，不是第二份维护源码,vortex-gpu/vxbuild,inherited-from-ancestor
vortex-gpu/vxbuild/hw/syn/xilinx,directory,,0,23,build-output,configure生成的独立构建和运行树,编译产物和实例化Makefile，不是第二份维护源码,vortex-gpu/vxbuild,inherited-from-ancestor
vortex-gpu/vxbuild/hw/syn/xilinx/dut,directory,,2,20,build-output,configure生成的独立构建和运行树,编译产物和实例化Makefile，不是第二份维护源码,vortex-gpu/vxbuild,inherited-from-ancestor
vortex-gpu/vxbuild/hw/syn/xilinx/dut/cache,directory,,1,1,build-output,configure生成的独立构建和运行树,编译产物和实例化Makefile，不是第二份维护源码,vortex-gpu/vxbuild,inherited-from-ancestor
vortex-gpu/vxbuild/hw/syn/xilinx/dut/core,directory,,1,1,build-output,configure生成的独立构建和运行树,编译产物和实例化Makefile，不是第二份维护源码,vortex-gpu/vxbuild,inherited-from-ancestor
vortex-gpu/vxbuild/hw/syn/xilinx/dut/cp,directory,,1,1,build-output,configure生成的独立构建和运行树,编译产物和实例化Makefile，不是第二份维护源码,vortex-gpu/vxbuild,inherited-from-ancestor
vortex-gpu/vxbuild/hw/syn/xilinx/dut/dxa,directory,,1,1,build-output,configure生成的独立构建和运行树,编译产物和实例化Makefile，不是第二份维护源码,vortex-gpu/vxbuild,inherited-from-ancestor
vortex-gpu/vxbuild/hw/syn/xilinx/dut/fpu,directory,,1,1,build-output,configure生成的独立构建和运行树,编译产物和实例化Makefile，不是第二份维护源码,vortex-gpu/vxbuild,inherited-from-ancestor
vortex-gpu/vxbuild/hw/syn/xilinx/dut/issue,directory,,1,1,build-output,configure生成的独立构建和运行树,编译产物和实例化Makefile，不是第二份维护源码,vortex-gpu/vxbuild,inherited-from-ancestor
vortex-gpu/vxbuild/hw/syn/xilinx/dut/lmem,directory,,1,1,build-output,configure生成的独立构建和运行树,编译产物和实例化Makefile，不是第二份维护源码,vortex-gpu/vxbuild,inherited-from-ancestor
vortex-gpu/vxbuild/hw/syn/xilinx/dut/mem_unit,directory,,1,1,build-output,configure生成的独立构建和运行树,编译产物和实例化Makefile，不是第二份维护源码,vortex-gpu/vxbuild,inherited-from-ancestor
vortex-gpu/vxbuild/hw/syn/xilinx/dut/om,directory,,1,1,build-output,configure生成的独立构建和运行树,编译产物和实例化Makefile，不是第二份维护源码,vortex-gpu/vxbuild,inherited-from-ancestor
vortex-gpu/vxbuild/hw/syn/xilinx/dut/raster,directory,,1,1,build-output,configure生成的独立构建和运行树,编译产物和实例化Makefile，不是第二份维护源码,vortex-gpu/vxbuild,inherited-from-ancestor
vortex-gpu/vxbuild/hw/syn/xilinx/dut/rtu,directory,,1,1,build-output,configure生成的独立构建和运行树,编译产物和实例化Makefile，不是第二份维护源码,vortex-gpu/vxbuild,inherited-from-ancestor
vortex-gpu/vxbuild/hw/syn/xilinx/dut/rtu_top,directory,,1,1,build-output,configure生成的独立构建和运行树,编译产物和实例化Makefile，不是第二份维护源码,vortex-gpu/vxbuild,inherited-from-ancestor
vortex-gpu/vxbuild/hw/syn/xilinx/dut/scope,directory,,1,1,build-output,configure生成的独立构建和运行树,编译产物和实例化Makefile，不是第二份维护源码,vortex-gpu/vxbuild,inherited-from-ancestor
vortex-gpu/vxbuild/hw/syn/xilinx/dut/tcu,directory,,1,1,build-output,configure生成的独立构建和运行树,编译产物和实例化Makefile，不是第二份维护源码,vortex-gpu/vxbuild,inherited-from-ancestor
vortex-gpu/vxbuild/hw/syn/xilinx/dut/tex,directory,,1,1,build-output,configure生成的独立构建和运行树,编译产物和实例化Makefile，不是第二份维护源码,vortex-gpu/vxbuild,inherited-from-ancestor
vortex-gpu/vxbuild/hw/syn/xilinx/dut/top,directory,,1,1,build-output,configure生成的独立构建和运行树,编译产物和实例化Makefile，不是第二份维护源码,vortex-gpu/vxbuild,inherited-from-ancestor
vortex-gpu/vxbuild/hw/syn/xilinx/dut/unittest,directory,,1,1,build-output,configure生成的独立构建和运行树,编译产物和实例化Makefile，不是第二份维护源码,vortex-gpu/vxbuild,inherited-from-ancestor
vortex-gpu/vxbuild/hw/syn/xilinx/dut/vortex,directory,,1,1,build-output,configure生成的独立构建和运行树,编译产物和实例化Makefile，不是第二份维护源码,vortex-gpu/vxbuild,inherited-from-ancestor
vortex-gpu/vxbuild/hw/syn/xilinx/sandbox,directory,,2,2,build-output,configure生成的独立构建和运行树,编译产物和实例化Makefile，不是第二份维护源码,vortex-gpu/vxbuild,inherited-from-ancestor
vortex-gpu/vxbuild/hw/syn/xilinx/xrt,directory,,1,1,build-output,configure生成的独立构建和运行树,编译产物和实例化Makefile，不是第二份维护源码,vortex-gpu/vxbuild,inherited-from-ancestor
vortex-gpu/vxbuild/hw/syn/yosys,directory,,1,1,build-output,configure生成的独立构建和运行树,编译产物和实例化Makefile，不是第二份维护源码,vortex-gpu/vxbuild,inherited-from-ancestor
vortex-gpu/vxbuild/hw/unittest,directory,,3,32,build-output,configure生成的独立构建和运行树,编译产物和实例化Makefile，不是第二份维护源码,vortex-gpu/vxbuild,inherited-from-ancestor
vortex-gpu/vxbuild/hw/unittest/cache,directory,,1,1,build-output,configure生成的独立构建和运行树,编译产物和实例化Makefile，不是第二份维护源码,vortex-gpu/vxbuild,inherited-from-ancestor
vortex-gpu/vxbuild/hw/unittest/core,directory,,1,1,build-output,configure生成的独立构建和运行树,编译产物和实例化Makefile，不是第二份维护源码,vortex-gpu/vxbuild,inherited-from-ancestor
vortex-gpu/vxbuild/hw/unittest/cp_arbiter,directory,,1,1,build-output,configure生成的独立构建和运行树,编译产物和实例化Makefile，不是第二份维护源码,vortex-gpu/vxbuild,inherited-from-ancestor
vortex-gpu/vxbuild/hw/unittest/cp_axi_path,directory,,1,1,build-output,configure生成的独立构建和运行树,编译产物和实例化Makefile，不是第二份维护源码,vortex-gpu/vxbuild,inherited-from-ancestor
vortex-gpu/vxbuild/hw/unittest/cp_axil_regfile,directory,,1,1,build-output,configure生成的独立构建和运行树,编译产物和实例化Makefile，不是第二份维护源码,vortex-gpu/vxbuild,inherited-from-ancestor
vortex-gpu/vxbuild/hw/unittest/cp_core,directory,,1,1,build-output,configure生成的独立构建和运行树,编译产物和实例化Makefile，不是第二份维护源码,vortex-gpu/vxbuild,inherited-from-ancestor
vortex-gpu/vxbuild/hw/unittest/cp_dcr_proxy,directory,,1,1,build-output,configure生成的独立构建和运行树,编译产物和实例化Makefile，不是第二份维护源码,vortex-gpu/vxbuild,inherited-from-ancestor
vortex-gpu/vxbuild/hw/unittest/cp_dma,directory,,1,1,build-output,configure生成的独立构建和运行树,编译产物和实例化Makefile，不是第二份维护源码,vortex-gpu/vxbuild,inherited-from-ancestor
vortex-gpu/vxbuild/hw/unittest/cp_engine,directory,,1,1,build-output,configure生成的独立构建和运行树,编译产物和实例化Makefile，不是第二份维护源码,vortex-gpu/vxbuild,inherited-from-ancestor
vortex-gpu/vxbuild/hw/unittest/cp_launch,directory,,1,1,build-output,configure生成的独立构建和运行树,编译产物和实例化Makefile，不是第二份维护源码,vortex-gpu/vxbuild,inherited-from-ancestor
vortex-gpu/vxbuild/hw/unittest/cp_unpack,directory,,1,1,build-output,configure生成的独立构建和运行树,编译产物和实例化Makefile，不是第二份维护源码,vortex-gpu/vxbuild,inherited-from-ancestor
vortex-gpu/vxbuild/hw/unittest/cta_dispatcher,directory,,1,1,build-output,configure生成的独立构建和运行树,编译产物和实例化Makefile，不是第二份维护源码,vortex-gpu/vxbuild,inherited-from-ancestor
vortex-gpu/vxbuild/hw/unittest/dxa_core,directory,,1,1,build-output,configure生成的独立构建和运行树,编译产物和实例化Makefile，不是第二份维护源码,vortex-gpu/vxbuild,inherited-from-ancestor
vortex-gpu/vxbuild/hw/unittest/fcvt_unit,directory,,1,1,build-output,configure生成的独立构建和运行树,编译产物和实例化Makefile，不是第二份维护源码,vortex-gpu/vxbuild,inherited-from-ancestor
vortex-gpu/vxbuild/hw/unittest/fdiv_unit,directory,,1,1,build-output,configure生成的独立构建和运行树,编译产物和实例化Makefile，不是第二份维护源码,vortex-gpu/vxbuild,inherited-from-ancestor
vortex-gpu/vxbuild/hw/unittest/fdivsqrt_unit,directory,,1,1,build-output,configure生成的独立构建和运行树,编译产物和实例化Makefile，不是第二份维护源码,vortex-gpu/vxbuild,inherited-from-ancestor
vortex-gpu/vxbuild/hw/unittest/fma_unit,directory,,1,1,build-output,configure生成的独立构建和运行树,编译产物和实例化Makefile，不是第二份维护源码,vortex-gpu/vxbuild,inherited-from-ancestor
vortex-gpu/vxbuild/hw/unittest/fsqrt_unit,directory,,1,1,build-output,configure生成的独立构建和运行树,编译产物和实例化Makefile，不是第二份维护源码,vortex-gpu/vxbuild,inherited-from-ancestor
vortex-gpu/vxbuild/hw/unittest/generic_queue,directory,,1,1,build-output,configure生成的独立构建和运行树,编译产物和实例化Makefile，不是第二份维护源码,vortex-gpu/vxbuild,inherited-from-ancestor
vortex-gpu/vxbuild/hw/unittest/issue,directory,,1,1,build-output,configure生成的独立构建和运行树,编译产物和实例化Makefile，不是第二份维护源码,vortex-gpu/vxbuild,inherited-from-ancestor
vortex-gpu/vxbuild/hw/unittest/kmu,directory,,1,1,build-output,configure生成的独立构建和运行树,编译产物和实例化Makefile，不是第二份维护源码,vortex-gpu/vxbuild,inherited-from-ancestor
vortex-gpu/vxbuild/hw/unittest/local_mem,directory,,1,1,build-output,configure生成的独立构建和运行树,编译产物和实例化Makefile，不是第二份维护源码,vortex-gpu/vxbuild,inherited-from-ancestor
vortex-gpu/vxbuild/hw/unittest/mem_scheduler,directory,,1,1,build-output,configure生成的独立构建和运行树,编译产物和实例化Makefile，不是第二份维护源码,vortex-gpu/vxbuild,inherited-from-ancestor
vortex-gpu/vxbuild/hw/unittest/mem_unit,directory,,1,1,build-output,configure生成的独立构建和运行树,编译产物和实例化Makefile，不是第二份维护源码,vortex-gpu/vxbuild,inherited-from-ancestor
vortex-gpu/vxbuild/hw/unittest/om_core,directory,,1,1,build-output,configure生成的独立构建和运行树,编译产物和实例化Makefile，不是第二份维护源码,vortex-gpu/vxbuild,inherited-from-ancestor
vortex-gpu/vxbuild/hw/unittest/raster_core,directory,,1,1,build-output,configure生成的独立构建和运行树,编译产物和实例化Makefile，不是第二份维护源码,vortex-gpu/vxbuild,inherited-from-ancestor
vortex-gpu/vxbuild/hw/unittest/tcu_fedp,directory,,1,1,build-output,configure生成的独立构建和运行树,编译产物和实例化Makefile，不是第二份维护源码,vortex-gpu/vxbuild,inherited-from-ancestor
vortex-gpu/vxbuild/hw/unittest/tcu_unit,directory,,1,1,build-output,configure生成的独立构建和运行树,编译产物和实例化Makefile，不是第二份维护源码,vortex-gpu/vxbuild,inherited-from-ancestor
vortex-gpu/vxbuild/hw/unittest/tex_core,directory,,1,1,build-output,configure生成的独立构建和运行树,编译产物和实例化Makefile，不是第二份维护源码,vortex-gpu/vxbuild,inherited-from-ancestor
vortex-gpu/vxbuild/perf,directory,,1,1,build-output,configure生成的独立构建和运行树,编译产物和实例化Makefile，不是第二份维护源码,vortex-gpu/vxbuild,inherited-from-ancestor
vortex-gpu/vxbuild/sim,directory,,2,95,build-output,编译后的模拟器库,当前sim/simx/libvortex-gem5.so,vortex-gpu/vxbuild/sim,manual
vortex-gpu/vxbuild/sim/opaesim,directory,,2,2,build-output,编译后的模拟器库,当前sim/simx/libvortex-gem5.so,vortex-gpu/vxbuild/sim,inherited-from-ancestor
vortex-gpu/vxbuild/sim/rtlsim,directory,,2,2,build-output,编译后的模拟器库,当前sim/simx/libvortex-gem5.so,vortex-gpu/vxbuild/sim,inherited-from-ancestor
vortex-gpu/vxbuild/sim/simx,directory,,3,87,build-output,编译后的模拟器库,当前sim/simx/libvortex-gem5.so,vortex-gpu/vxbuild/sim,inherited-from-ancestor
vortex-gpu/vxbuild/sim/simx/obj,directory,,40,84,build-output,编译后的模拟器库,当前sim/simx/libvortex-gem5.so,vortex-gpu/vxbuild/sim,inherited-from-ancestor
vortex-gpu/vxbuild/sim/simx/obj/common,directory,,6,6,build-output,编译后的模拟器库,当前sim/simx/libvortex-gem5.so,vortex-gpu/vxbuild/sim,inherited-from-ancestor
vortex-gpu/vxbuild/sim/simx/obj/dtm,directory,,6,6,build-output,编译后的模拟器库,当前sim/simx/libvortex-gem5.so,vortex-gpu/vxbuild/sim,inherited-from-ancestor
vortex-gpu/vxbuild/sim/simx/obj/gem5,directory,,4,4,build-output,编译后的模拟器库,当前sim/simx/libvortex-gem5.so,vortex-gpu/vxbuild/sim,inherited-from-ancestor
vortex-gpu/vxbuild/sim/simx/obj/kmu,directory,,2,2,build-output,编译后的模拟器库,当前sim/simx/libvortex-gem5.so,vortex-gpu/vxbuild/sim,inherited-from-ancestor
vortex-gpu/vxbuild/sim/simx/obj/mem,directory,,14,14,build-output,编译后的模拟器库,当前sim/simx/libvortex-gem5.so,vortex-gpu/vxbuild/sim,inherited-from-ancestor
vortex-gpu/vxbuild/sim/simx/obj/sim_common,directory,,12,12,build-output,编译后的模拟器库,当前sim/simx/libvortex-gem5.so,vortex-gpu/vxbuild/sim,inherited-from-ancestor
vortex-gpu/vxbuild/sim/xrtsim,directory,,2,2,build-output,编译后的模拟器库,当前sim/simx/libvortex-gem5.so,vortex-gpu/vxbuild/sim,inherited-from-ancestor
vortex-gpu/vxbuild/sw,directory,,4,36,build-output,runtime及生成配置产物,当前Host运行依赖,vortex-gpu/vxbuild/sw,manual
vortex-gpu/vxbuild/sw/kernel,directory,,19,19,build-output,runtime及生成配置产物,当前Host运行依赖,vortex-gpu/vxbuild/sw,inherited-from-ancestor
vortex-gpu/vxbuild/sw/runtime,directory,,6,13,build-output,runtime及生成配置产物,当前Host运行依赖,vortex-gpu/vxbuild/sw,inherited-from-ancestor
vortex-gpu/vxbuild/sw/runtime/gem5,directory,,1,1,build-output,runtime及生成配置产物,当前Host运行依赖,vortex-gpu/vxbuild/sw,inherited-from-ancestor
vortex-gpu/vxbuild/sw/runtime/opae,directory,,1,1,build-output,runtime及生成配置产物,当前Host运行依赖,vortex-gpu/vxbuild/sw,inherited-from-ancestor
vortex-gpu/vxbuild/sw/runtime/rtlsim,directory,,1,1,build-output,runtime及生成配置产物,当前Host运行依赖,vortex-gpu/vxbuild/sw,inherited-from-ancestor
vortex-gpu/vxbuild/sw/runtime/simx,directory,,1,1,build-output,runtime及生成配置产物,当前Host运行依赖,vortex-gpu/vxbuild/sw,inherited-from-ancestor
vortex-gpu/vxbuild/sw/runtime/stub,directory,,1,1,build-output,runtime及生成配置产物,当前Host运行依赖,vortex-gpu/vxbuild/sw,inherited-from-ancestor
vortex-gpu/vxbuild/sw/runtime/xrt,directory,,2,2,build-output,runtime及生成配置产物,当前Host运行依赖,vortex-gpu/vxbuild/sw,inherited-from-ancestor
vortex-gpu/vxbuild/tests,directory,,1,227,build-output,Host示例与device kernel构建产物,当前regression/vecadd,vortex-gpu/vxbuild/tests,manual
vortex-gpu/vxbuild/tests/graphics,directory,,2,11,build-output,Host示例与device kernel构建产物,当前regression/vecadd,vortex-gpu/vxbuild/tests,inherited-from-ancestor
vortex-gpu/vxbuild/tests/graphics/gfx_draw3d,directory,,1,1,build-output,Host示例与device kernel构建产物,当前regression/vecadd,vortex-gpu/vxbuild/tests,inherited-from-ancestor
vortex-gpu/vxbuild/tests/graphics/gfx_om,directory,,1,1,build-output,Host示例与device kernel构建产物,当前regression/vecadd,vortex-gpu/vxbuild/tests,inherited-from-ancestor
vortex-gpu/vxbuild/tests/graphics/gfx_pipeline_om,directory,,1,1,build-output,Host示例与device kernel构建产物,当前regression/vecadd,vortex-gpu/vxbuild/tests,inherited-from-ancestor
vortex-gpu/vxbuild/tests/graphics/gfx_pipeline_raster,directory,,1,1,build-output,Host示例与device kernel构建产物,当前regression/vecadd,vortex-gpu/vxbuild/tests,inherited-from-ancestor
vortex-gpu/vxbuild/tests/graphics/gfx_pipeline_tex,directory,,1,1,build-output,Host示例与device kernel构建产物,当前regression/vecadd,vortex-gpu/vxbuild/tests,inherited-from-ancestor
vortex-gpu/vxbuild/tests/graphics/gfx_raster,directory,,1,1,build-output,Host示例与device kernel构建产物,当前regression/vecadd,vortex-gpu/vxbuild/tests,inherited-from-ancestor
vortex-gpu/vxbuild/tests/graphics/gfx_tex,directory,,1,1,build-output,Host示例与device kernel构建产物,当前regression/vecadd,vortex-gpu/vxbuild/tests,inherited-from-ancestor
vortex-gpu/vxbuild/tests/graphics/gfx_tex4,directory,,1,1,build-output,Host示例与device kernel构建产物,当前regression/vecadd,vortex-gpu/vxbuild/tests,inherited-from-ancestor
vortex-gpu/vxbuild/tests/graphics/gfx_tex4q,directory,,1,1,build-output,Host示例与device kernel构建产物,当前regression/vecadd,vortex-gpu/vxbuild/tests,inherited-from-ancestor
vortex-gpu/vxbuild/tests/hip,directory,,2,6,build-output,Host示例与device kernel构建产物,当前regression/vecadd,vortex-gpu/vxbuild/tests,inherited-from-ancestor
vortex-gpu/vxbuild/tests/hip/atomicreduce,directory,,1,1,build-output,Host示例与device kernel构建产物,当前regression/vecadd,vortex-gpu/vxbuild/tests,inherited-from-ancestor
vortex-gpu/vxbuild/tests/hip/histogram,directory,,1,1,build-output,Host示例与device kernel构建产物,当前regression/vecadd,vortex-gpu/vxbuild/tests,inherited-from-ancestor
vortex-gpu/vxbuild/tests/hip/sgemm,directory,,1,1,build-output,Host示例与device kernel构建产物,当前regression/vecadd,vortex-gpu/vxbuild/tests,inherited-from-ancestor
vortex-gpu/vxbuild/tests/hip/vecadd,directory,,1,1,build-output,Host示例与device kernel构建产物,当前regression/vecadd,vortex-gpu/vxbuild/tests,inherited-from-ancestor
vortex-gpu/vxbuild/tests/kernel,directory,,2,6,build-output,Host示例与device kernel构建产物,当前regression/vecadd,vortex-gpu/vxbuild/tests,inherited-from-ancestor
vortex-gpu/vxbuild/tests/kernel/conform,directory,,1,1,build-output,Host示例与device kernel构建产物,当前regression/vecadd,vortex-gpu/vxbuild/tests,inherited-from-ancestor
vortex-gpu/vxbuild/tests/kernel/fibonacci,directory,,1,1,build-output,Host示例与device kernel构建产物,当前regression/vecadd,vortex-gpu/vxbuild/tests,inherited-from-ancestor
vortex-gpu/vxbuild/tests/kernel/hello,directory,,1,1,build-output,Host示例与device kernel构建产物,当前regression/vecadd,vortex-gpu/vxbuild/tests,inherited-from-ancestor
vortex-gpu/vxbuild/tests/kernel/vecadd,directory,,1,1,build-output,Host示例与device kernel构建产物,当前regression/vecadd,vortex-gpu/vxbuild/tests,inherited-from-ancestor
vortex-gpu/vxbuild/tests/mpi,directory,,2,10,build-output,Host示例与device kernel构建产物,当前regression/vecadd,vortex-gpu/vxbuild/tests,inherited-from-ancestor
vortex-gpu/vxbuild/tests/mpi/mpi_blocked_sgemm,directory,,1,1,build-output,Host示例与device kernel构建产物,当前regression/vecadd,vortex-gpu/vxbuild/tests,inherited-from-ancestor
vortex-gpu/vxbuild/tests/mpi/mpi_conv3,directory,,1,1,build-output,Host示例与device kernel构建产物,当前regression/vecadd,vortex-gpu/vxbuild/tests,inherited-from-ancestor
vortex-gpu/vxbuild/tests/mpi/mpi_diverge,directory,,1,1,build-output,Host示例与device kernel构建产物,当前regression/vecadd,vortex-gpu/vxbuild/tests,inherited-from-ancestor
vortex-gpu/vxbuild/tests/mpi/mpi_dotproduct,directory,,1,1,build-output,Host示例与device kernel构建产物,当前regression/vecadd,vortex-gpu/vxbuild/tests,inherited-from-ancestor
vortex-gpu/vxbuild/tests/mpi/mpi_neighbor_a2a_conv3,directory,,1,1,build-output,Host示例与device kernel构建产物,当前regression/vecadd,vortex-gpu/vxbuild/tests,inherited-from-ancestor
vortex-gpu/vxbuild/tests/mpi/mpi_put_dotproduct,directory,,1,1,build-output,Host示例与device kernel构建产物,当前regression/vecadd,vortex-gpu/vxbuild/tests,inherited-from-ancestor
vortex-gpu/vxbuild/tests/mpi/mpi_sgemm,directory,,1,1,build-output,Host示例与device kernel构建产物,当前regression/vecadd,vortex-gpu/vxbuild/tests,inherited-from-ancestor
vortex-gpu/vxbuild/tests/mpi/mpi_vecadd,directory,,1,1,build-output,Host示例与device kernel构建产物,当前regression/vecadd,vortex-gpu/vxbuild/tests,inherited-from-ancestor
vortex-gpu/vxbuild/tests/opencl,directory,,2,49,build-output,Host示例与device kernel构建产物,当前regression/vecadd,vortex-gpu/vxbuild/tests,inherited-from-ancestor
vortex-gpu/vxbuild/tests/opencl/atomicreduce,directory,,1,1,build-output,Host示例与device kernel构建产物,当前regression/vecadd,vortex-gpu/vxbuild/tests,inherited-from-ancestor
vortex-gpu/vxbuild/tests/opencl/backprop,directory,,1,1,build-output,Host示例与device kernel构建产物,当前regression/vecadd,vortex-gpu/vxbuild/tests,inherited-from-ancestor
vortex-gpu/vxbuild/tests/opencl/bfs,directory,,1,1,build-output,Host示例与device kernel构建产物,当前regression/vecadd,vortex-gpu/vxbuild/tests,inherited-from-ancestor
vortex-gpu/vxbuild/tests/opencl/blackscholes,directory,,1,1,build-output,Host示例与device kernel构建产物,当前regression/vecadd,vortex-gpu/vxbuild/tests,inherited-from-ancestor
vortex-gpu/vxbuild/tests/opencl/btree,directory,,1,1,build-output,Host示例与device kernel构建产物,当前regression/vecadd,vortex-gpu/vxbuild/tests,inherited-from-ancestor
vortex-gpu/vxbuild/tests/opencl/cfd,directory,,1,1,build-output,Host示例与device kernel构建产物,当前regression/vecadd,vortex-gpu/vxbuild/tests,inherited-from-ancestor
vortex-gpu/vxbuild/tests/opencl/conv3,directory,,1,1,build-output,Host示例与device kernel构建产物,当前regression/vecadd,vortex-gpu/vxbuild/tests,inherited-from-ancestor
vortex-gpu/vxbuild/tests/opencl/copybuf,directory,,1,1,build-output,Host示例与device kernel构建产物,当前regression/vecadd,vortex-gpu/vxbuild/tests,inherited-from-ancestor
vortex-gpu/vxbuild/tests/opencl/dotproduct,directory,,1,1,build-output,Host示例与device kernel构建产物,当前regression/vecadd,vortex-gpu/vxbuild/tests,inherited-from-ancestor
vortex-gpu/vxbuild/tests/opencl/dwt2d,directory,,1,1,build-output,Host示例与device kernel构建产物,当前regression/vecadd,vortex-gpu/vxbuild/tests,inherited-from-ancestor
vortex-gpu/vxbuild/tests/opencl/guassian,directory,,1,1,build-output,Host示例与device kernel构建产物,当前regression/vecadd,vortex-gpu/vxbuild/tests,inherited-from-ancestor
vortex-gpu/vxbuild/tests/opencl/heartwall,directory,,1,1,build-output,Host示例与device kernel构建产物,当前regression/vecadd,vortex-gpu/vxbuild/tests,inherited-from-ancestor
vortex-gpu/vxbuild/tests/opencl/histogram,directory,,1,1,build-output,Host示例与device kernel构建产物,当前regression/vecadd,vortex-gpu/vxbuild/tests,inherited-from-ancestor
vortex-gpu/vxbuild/tests/opencl/hotspot,directory,,1,1,build-output,Host示例与device kernel构建产物,当前regression/vecadd,vortex-gpu/vxbuild/tests,inherited-from-ancestor
vortex-gpu/vxbuild/tests/opencl/hotspot3D,directory,,1,1,build-output,Host示例与device kernel构建产物,当前regression/vecadd,vortex-gpu/vxbuild/tests,inherited-from-ancestor
vortex-gpu/vxbuild/tests/opencl/hybridsort,directory,,1,1,build-output,Host示例与device kernel构建产物,当前regression/vecadd,vortex-gpu/vxbuild/tests,inherited-from-ancestor
vortex-gpu/vxbuild/tests/opencl/image_copy,directory,,1,1,build-output,Host示例与device kernel构建产物,当前regression/vecadd,vortex-gpu/vxbuild/tests,inherited-from-ancestor
vortex-gpu/vxbuild/tests/opencl/image_ff,directory,,1,1,build-output,Host示例与device kernel构建产物,当前regression/vecadd,vortex-gpu/vxbuild/tests,inherited-from-ancestor
vortex-gpu/vxbuild/tests/opencl/image_ff_bgra,directory,,1,1,build-output,Host示例与device kernel构建产物,当前regression/vecadd,vortex-gpu/vxbuild/tests,inherited-from-ancestor
vortex-gpu/vxbuild/tests/opencl/image_ff_linear,directory,,1,1,build-output,Host示例与device kernel构建产物,当前regression/vecadd,vortex-gpu/vxbuild/tests,inherited-from-ancestor
vortex-gpu/vxbuild/tests/opencl/image_get,directory,,1,1,build-output,Host示例与device kernel构建产物,当前regression/vecadd,vortex-gpu/vxbuild/tests,inherited-from-ancestor
vortex-gpu/vxbuild/tests/opencl/image_hwsw,directory,,1,1,build-output,Host示例与device kernel构建产物,当前regression/vecadd,vortex-gpu/vxbuild/tests,inherited-from-ancestor
vortex-gpu/vxbuild/tests/opencl/image_int,directory,,1,1,build-output,Host示例与device kernel构建产物,当前regression/vecadd,vortex-gpu/vxbuild/tests,inherited-from-ancestor
vortex-gpu/vxbuild/tests/opencl/image_linear,directory,,1,1,build-output,Host示例与device kernel构建产物,当前regression/vecadd,vortex-gpu/vxbuild/tests,inherited-from-ancestor
vortex-gpu/vxbuild/tests/opencl/kmeans,directory,,1,1,build-output,Host示例与device kernel构建产物,当前regression/vecadd,vortex-gpu/vxbuild/tests,inherited-from-ancestor
vortex-gpu/vxbuild/tests/opencl/lavaMD,directory,,1,1,build-output,Host示例与device kernel构建产物,当前regression/vecadd,vortex-gpu/vxbuild/tests,inherited-from-ancestor
vortex-gpu/vxbuild/tests/opencl/lbm,directory,,1,1,build-output,Host示例与device kernel构建产物,当前regression/vecadd,vortex-gpu/vxbuild/tests,inherited-from-ancestor
vortex-gpu/vxbuild/tests/opencl/lud,directory,,1,1,build-output,Host示例与device kernel构建产物,当前regression/vecadd,vortex-gpu/vxbuild/tests,inherited-from-ancestor
vortex-gpu/vxbuild/tests/opencl/myocyte,directory,,1,1,build-output,Host示例与device kernel构建产物,当前regression/vecadd,vortex-gpu/vxbuild/tests,inherited-from-ancestor
vortex-gpu/vxbuild/tests/opencl/nearn,directory,,1,2,build-output,Host示例与device kernel构建产物,当前regression/vecadd,vortex-gpu/vxbuild/tests,inherited-from-ancestor
vortex-gpu/vxbuild/tests/opencl/nearn/inputgen,directory,,1,1,build-output,Host示例与device kernel构建产物,当前regression/vecadd,vortex-gpu/vxbuild/tests,inherited-from-ancestor
vortex-gpu/vxbuild/tests/opencl/nw,directory,,1,1,build-output,Host示例与device kernel构建产物,当前regression/vecadd,vortex-gpu/vxbuild/tests,inherited-from-ancestor
vortex-gpu/vxbuild/tests/opencl/oclprintf,directory,,1,1,build-output,Host示例与device kernel构建产物,当前regression/vecadd,vortex-gpu/vxbuild/tests,inherited-from-ancestor
vortex-gpu/vxbuild/tests/opencl/pathfinder,directory,,1,1,build-output,Host示例与device kernel构建产物,当前regression/vecadd,vortex-gpu/vxbuild/tests,inherited-from-ancestor
vortex-gpu/vxbuild/tests/opencl/psort,directory,,1,1,build-output,Host示例与device kernel构建产物,当前regression/vecadd,vortex-gpu/vxbuild/tests,inherited-from-ancestor
vortex-gpu/vxbuild/tests/opencl/psum,directory,,1,1,build-output,Host示例与device kernel构建产物,当前regression/vecadd,vortex-gpu/vxbuild/tests,inherited-from-ancestor
vortex-gpu/vxbuild/tests/opencl/saxpy,directory,,1,1,build-output,Host示例与device kernel构建产物,当前regression/vecadd,vortex-gpu/vxbuild/tests,inherited-from-ancestor
vortex-gpu/vxbuild/tests/opencl/sfilter,directory,,1,1,build-output,Host示例与device kernel构建产物,当前regression/vecadd,vortex-gpu/vxbuild/tests,inherited-from-ancestor
vortex-gpu/vxbuild/tests/opencl/sgemm,directory,,1,1,build-output,Host示例与device kernel构建产物,当前regression/vecadd,vortex-gpu/vxbuild/tests,inherited-from-ancestor
vortex-gpu/vxbuild/tests/opencl/sgemm2,directory,,1,1,build-output,Host示例与device kernel构建产物,当前regression/vecadd,vortex-gpu/vxbuild/tests,inherited-from-ancestor
vortex-gpu/vxbuild/tests/opencl/sgemm3,directory,,1,1,build-output,Host示例与device kernel构建产物,当前regression/vecadd,vortex-gpu/vxbuild/tests,inherited-from-ancestor
vortex-gpu/vxbuild/tests/opencl/spmv,directory,,1,1,build-output,Host示例与device kernel构建产物,当前regression/vecadd,vortex-gpu/vxbuild/tests,inherited-from-ancestor
vortex-gpu/vxbuild/tests/opencl/srad,directory,,1,1,build-output,Host示例与device kernel构建产物,当前regression/vecadd,vortex-gpu/vxbuild/tests,inherited-from-ancestor
vortex-gpu/vxbuild/tests/opencl/stencil,directory,,1,1,build-output,Host示例与device kernel构建产物,当前regression/vecadd,vortex-gpu/vxbuild/tests,inherited-from-ancestor
vortex-gpu/vxbuild/tests/opencl/streamcluster,directory,,1,1,build-output,Host示例与device kernel构建产物,当前regression/vecadd,vortex-gpu/vxbuild/tests,inherited-from-ancestor
vortex-gpu/vxbuild/tests/opencl/transpose,directory,,1,1,build-output,Host示例与device kernel构建产物,当前regression/vecadd,vortex-gpu/vxbuild/tests,inherited-from-ancestor
vortex-gpu/vxbuild/tests/opencl/vecadd,directory,,1,1,build-output,Host示例与device kernel构建产物,当前regression/vecadd,vortex-gpu/vxbuild/tests,inherited-from-ancestor
vortex-gpu/vxbuild/tests/raytracing,directory,,2,36,build-output,Host示例与device kernel构建产物,当前regression/vecadd,vortex-gpu/vxbuild/tests,inherited-from-ancestor
vortex-gpu/vxbuild/tests/raytracing/rt_bvh_multinode,directory,,1,1,build-output,Host示例与device kernel构建产物,当前regression/vecadd,vortex-gpu/vxbuild/tests,inherited-from-ancestor
vortex-gpu/vxbuild/tests/raytracing/rt_raycast,directory,,1,1,build-output,Host示例与device kernel构建产物,当前regression/vecadd,vortex-gpu/vxbuild/tests,inherited-from-ancestor
vortex-gpu/vxbuild/tests/raytracing/rt_smoke,directory,,1,1,build-output,Host示例与device kernel构建产物,当前regression/vecadd,vortex-gpu/vxbuild/tests,inherited-from-ancestor
vortex-gpu/vxbuild/tests/raytracing/rt_smoke_ahs,directory,,1,1,build-output,Host示例与device kernel构建产物,当前regression/vecadd,vortex-gpu/vxbuild/tests,inherited-from-ancestor
vortex-gpu/vxbuild/tests/raytracing/rt_smoke_ahs_bvh,directory,,1,1,build-output,Host示例与device kernel构建产物,当前regression/vecadd,vortex-gpu/vxbuild/tests,inherited-from-ancestor
vortex-gpu/vxbuild/tests/raytracing/rt_smoke_ahs_custom,directory,,1,1,build-output,Host示例与device kernel构建产物,当前regression/vecadd,vortex-gpu/vxbuild/tests,inherited-from-ancestor
vortex-gpu/vxbuild/tests/raytracing/rt_smoke_ahs_geom,directory,,1,1,build-output,Host示例与device kernel构建产物,当前regression/vecadd,vortex-gpu/vxbuild/tests,inherited-from-ancestor
vortex-gpu/vxbuild/tests/raytracing/rt_smoke_ahs_mixed,directory,,1,1,build-output,Host示例与device kernel构建产物,当前regression/vecadd,vortex-gpu/vxbuild/tests,inherited-from-ancestor
vortex-gpu/vxbuild/tests/raytracing/rt_smoke_async_batch,directory,,1,1,build-output,Host示例与device kernel构建产物,当前regression/vecadd,vortex-gpu/vxbuild/tests,inherited-from-ancestor
vortex-gpu/vxbuild/tests/raytracing/rt_smoke_bvh6,directory,,1,1,build-output,Host示例与device kernel构建产物,当前regression/vecadd,vortex-gpu/vxbuild/tests,inherited-from-ancestor
vortex-gpu/vxbuild/tests/raytracing/rt_smoke_bvh_basic,directory,,1,1,build-output,Host示例与device kernel构建产物,当前regression/vecadd,vortex-gpu/vxbuild/tests,inherited-from-ancestor
vortex-gpu/vxbuild/tests/raytracing/rt_smoke_bvh_instanced,directory,,1,1,build-output,Host示例与device kernel构建产物,当前regression/vecadd,vortex-gpu/vxbuild/tests,inherited-from-ancestor
vortex-gpu/vxbuild/tests/raytracing/rt_smoke_bvh_multilevel,directory,,1,1,build-output,Host示例与device kernel构建产物,当前regression/vecadd,vortex-gpu/vxbuild/tests,inherited-from-ancestor
vortex-gpu/vxbuild/tests/raytracing/rt_smoke_chs,directory,,1,1,build-output,Host示例与device kernel构建产物,当前regression/vecadd,vortex-gpu/vxbuild/tests,inherited-from-ancestor
vortex-gpu/vxbuild/tests/raytracing/rt_smoke_cull_back,directory,,1,1,build-output,Host示例与device kernel构建产物,当前regression/vecadd,vortex-gpu/vxbuild/tests,inherited-from-ancestor
vortex-gpu/vxbuild/tests/raytracing/rt_smoke_cull_mask,directory,,1,1,build-output,Host示例与device kernel构建产物,当前regression/vecadd,vortex-gpu/vxbuild/tests,inherited-from-ancestor
vortex-gpu/vxbuild/tests/raytracing/rt_smoke_deep_stack,directory,,1,1,build-output,Host示例与device kernel构建产物,当前regression/vecadd,vortex-gpu/vxbuild/tests,inherited-from-ancestor
vortex-gpu/vxbuild/tests/raytracing/rt_smoke_deep_tlas,directory,,1,1,build-output,Host示例与device kernel构建产物,当前regression/vecadd,vortex-gpu/vxbuild/tests,inherited-from-ancestor
vortex-gpu/vxbuild/tests/raytracing/rt_smoke_fat_leaf,directory,,1,1,build-output,Host示例与device kernel构建产物,当前regression/vecadd,vortex-gpu/vxbuild/tests,inherited-from-ancestor
vortex-gpu/vxbuild/tests/raytracing/rt_smoke_host_cfg,directory,,1,1,build-output,Host示例与device kernel构建产物,当前regression/vecadd,vortex-gpu/vxbuild/tests,inherited-from-ancestor
vortex-gpu/vxbuild/tests/raytracing/rt_smoke_inst_flags,directory,,1,1,build-output,Host示例与device kernel构建产物,当前regression/vecadd,vortex-gpu/vxbuild/tests,inherited-from-ancestor
vortex-gpu/vxbuild/tests/raytracing/rt_smoke_is,directory,,1,1,build-output,Host示例与device kernel构建产物,当前regression/vecadd,vortex-gpu/vxbuild/tests,inherited-from-ancestor
vortex-gpu/vxbuild/tests/raytracing/rt_smoke_miss,directory,,1,1,build-output,Host示例与device kernel构建产物,当前regression/vecadd,vortex-gpu/vxbuild/tests,inherited-from-ancestor
vortex-gpu/vxbuild/tests/raytracing/rt_smoke_multitri,directory,,1,1,build-output,Host示例与device kernel构建产物,当前regression/vecadd,vortex-gpu/vxbuild/tests,inherited-from-ancestor
vortex-gpu/vxbuild/tests/raytracing/rt_smoke_numctx,directory,,1,1,build-output,Host示例与device kernel构建产物,当前regression/vecadd,vortex-gpu/vxbuild/tests,inherited-from-ancestor
vortex-gpu/vxbuild/tests/raytracing/rt_smoke_proc,directory,,1,1,build-output,Host示例与device kernel构建产物,当前regression/vecadd,vortex-gpu/vxbuild/tests,inherited-from-ancestor
vortex-gpu/vxbuild/tests/raytracing/rt_smoke_recursive,directory,,1,1,build-output,Host示例与device kernel构建产物,当前regression/vecadd,vortex-gpu/vxbuild/tests,inherited-from-ancestor
vortex-gpu/vxbuild/tests/raytracing/rt_smoke_reform,directory,,1,1,build-output,Host示例与device kernel构建产物,当前regression/vecadd,vortex-gpu/vxbuild/tests,inherited-from-ancestor
vortex-gpu/vxbuild/tests/raytracing/rt_smoke_reform_mw,directory,,1,1,build-output,Host示例与device kernel构建产物,当前regression/vecadd,vortex-gpu/vxbuild/tests,inherited-from-ancestor
vortex-gpu/vxbuild/tests/raytracing/rt_smoke_reform_sbt,directory,,1,1,build-output,Host示例与device kernel构建产物,当前regression/vecadd,vortex-gpu/vxbuild/tests,inherited-from-ancestor
vortex-gpu/vxbuild/tests/raytracing/rt_smoke_sbt,directory,,1,1,build-output,Host示例与device kernel构建产物,当前regression/vecadd,vortex-gpu/vxbuild/tests,inherited-from-ancestor
vortex-gpu/vxbuild/tests/raytracing/rt_smoke_shadow,directory,,1,1,build-output,Host示例与device kernel构建产物,当前regression/vecadd,vortex-gpu/vxbuild/tests,inherited-from-ancestor
vortex-gpu/vxbuild/tests/raytracing/rt_smoke_tlas,directory,,1,1,build-output,Host示例与device kernel构建产物,当前regression/vecadd,vortex-gpu/vxbuild/tests,inherited-from-ancestor
vortex-gpu/vxbuild/tests/raytracing/rt_smoke_tlas_builder,directory,,1,1,build-output,Host示例与device kernel构建产物,当前regression/vecadd,vortex-gpu/vxbuild/tests,inherited-from-ancestor
vortex-gpu/vxbuild/tests/regression,directory,,3,69,build-output,Host示例与device kernel构建产物,当前regression/vecadd,vortex-gpu/vxbuild/tests,inherited-from-ancestor
vortex-gpu/vxbuild/tests/regression/amo,directory,,1,1,build-output,Host示例与device kernel构建产物,当前regression/vecadd,vortex-gpu/vxbuild/tests,inherited-from-ancestor
vortex-gpu/vxbuild/tests/regression/arith,directory,,1,1,build-output,Host示例与device kernel构建产物,当前regression/vecadd,vortex-gpu/vxbuild/tests,inherited-from-ancestor
vortex-gpu/vxbuild/tests/regression/async_barrier,directory,,1,1,build-output,Host示例与device kernel构建产物,当前regression/vecadd,vortex-gpu/vxbuild/tests,inherited-from-ancestor
vortex-gpu/vxbuild/tests/regression/async_gbarrier,directory,,1,1,build-output,Host示例与device kernel构建产物,当前regression/vecadd,vortex-gpu/vxbuild/tests,inherited-from-ancestor
vortex-gpu/vxbuild/tests/regression/basic,directory,,1,1,build-output,Host示例与device kernel构建产物,当前regression/vecadd,vortex-gpu/vxbuild/tests,inherited-from-ancestor
vortex-gpu/vxbuild/tests/regression/bfs,directory,,1,1,build-output,Host示例与device kernel构建产物,当前regression/vecadd,vortex-gpu/vxbuild/tests,inherited-from-ancestor
vortex-gpu/vxbuild/tests/regression/conv3,directory,,1,1,build-output,Host示例与device kernel构建产物,当前regression/vecadd,vortex-gpu/vxbuild/tests,inherited-from-ancestor
vortex-gpu/vxbuild/tests/regression/cta_cluster,directory,,1,1,build-output,Host示例与device kernel构建产物,当前regression/vecadd,vortex-gpu/vxbuild/tests,inherited-from-ancestor
vortex-gpu/vxbuild/tests/regression/demo,directory,,1,1,build-output,Host示例与device kernel构建产物,当前regression/vecadd,vortex-gpu/vxbuild/tests,inherited-from-ancestor
vortex-gpu/vxbuild/tests/regression/diverge,directory,,1,1,build-output,Host示例与device kernel构建产物,当前regression/vecadd,vortex-gpu/vxbuild/tests,inherited-from-ancestor
vortex-gpu/vxbuild/tests/regression/dogfood,directory,,1,1,build-output,Host示例与device kernel构建产物,当前regression/vecadd,vortex-gpu/vxbuild/tests,inherited-from-ancestor
vortex-gpu/vxbuild/tests/regression/dotproduct,directory,,1,1,build-output,Host示例与device kernel构建产物,当前regression/vecadd,vortex-gpu/vxbuild/tests,inherited-from-ancestor
vortex-gpu/vxbuild/tests/regression/dotproduct2,directory,,1,1,build-output,Host示例与device kernel构建产物,当前regression/vecadd,vortex-gpu/vxbuild/tests,inherited-from-ancestor
vortex-gpu/vxbuild/tests/regression/dropout,directory,,1,1,build-output,Host示例与device kernel构建产物,当前regression/vecadd,vortex-gpu/vxbuild/tests,inherited-from-ancestor
vortex-gpu/vxbuild/tests/regression/dxa_copy,directory,,1,1,build-output,Host示例与device kernel构建产物,当前regression/vecadd,vortex-gpu/vxbuild/tests,inherited-from-ancestor
vortex-gpu/vxbuild/tests/regression/dxa_copy_mcast,directory,,1,1,build-output,Host示例与device kernel构建产物,当前regression/vecadd,vortex-gpu/vxbuild/tests,inherited-from-ancestor
vortex-gpu/vxbuild/tests/regression/dxa_kmajor_check,directory,,1,1,build-output,Host示例与device kernel构建产物,当前regression/vecadd,vortex-gpu/vxbuild/tests,inherited-from-ancestor
vortex-gpu/vxbuild/tests/regression/fence,directory,,1,1,build-output,Host示例与device kernel构建产物,当前regression/vecadd,vortex-gpu/vxbuild/tests,inherited-from-ancestor
vortex-gpu/vxbuild/tests/regression/gfx_binsort_kernel,directory,,1,1,build-output,Host示例与device kernel构建产物,当前regression/vecadd,vortex-gpu/vxbuild/tests,inherited-from-ancestor
vortex-gpu/vxbuild/tests/regression/gfx_pipeline_kernel,directory,,1,1,build-output,Host示例与device kernel构建产物,当前regression/vecadd,vortex-gpu/vxbuild/tests,inherited-from-ancestor
vortex-gpu/vxbuild/tests/regression/gfx_setup_kernel,directory,,1,1,build-output,Host示例与device kernel构建产物,当前regression/vecadd,vortex-gpu/vxbuild/tests,inherited-from-ancestor
vortex-gpu/vxbuild/tests/regression/io_addr,directory,,1,1,build-output,Host示例与device kernel构建产物,当前regression/vecadd,vortex-gpu/vxbuild/tests,inherited-from-ancestor
vortex-gpu/vxbuild/tests/regression/jacobi,directory,,1,1,build-output,Host示例与device kernel构建产物,当前regression/vecadd,vortex-gpu/vxbuild/tests,inherited-from-ancestor
vortex-gpu/vxbuild/tests/regression/madmax,directory,,1,1,build-output,Host示例与device kernel构建产物,当前regression/vecadd,vortex-gpu/vxbuild/tests,inherited-from-ancestor
vortex-gpu/vxbuild/tests/regression/mstress,directory,,1,1,build-output,Host示例与device kernel构建产物,当前regression/vecadd,vortex-gpu/vxbuild/tests,inherited-from-ancestor
vortex-gpu/vxbuild/tests/regression/multikernel,directory,,1,1,build-output,Host示例与device kernel构建产物,当前regression/vecadd,vortex-gpu/vxbuild/tests,inherited-from-ancestor
vortex-gpu/vxbuild/tests/regression/occupancy,directory,,1,1,build-output,Host示例与device kernel构建产物,当前regression/vecadd,vortex-gpu/vxbuild/tests,inherited-from-ancestor
vortex-gpu/vxbuild/tests/regression/packld,directory,,1,1,build-output,Host示例与device kernel构建产物,当前regression/vecadd,vortex-gpu/vxbuild/tests,inherited-from-ancestor
vortex-gpu/vxbuild/tests/regression/pathfinder,directory,,1,1,build-output,Host示例与device kernel构建产物,当前regression/vecadd,vortex-gpu/vxbuild/tests,inherited-from-ancestor
vortex-gpu/vxbuild/tests/regression/printf,directory,,1,1,build-output,Host示例与device kernel构建产物,当前regression/vecadd,vortex-gpu/vxbuild/tests,inherited-from-ancestor
vortex-gpu/vxbuild/tests/regression/raycast,directory,,1,1,build-output,Host示例与device kernel构建产物,当前regression/vecadd,vortex-gpu/vxbuild/tests,inherited-from-ancestor
vortex-gpu/vxbuild/tests/regression/relu,directory,,1,1,build-output,Host示例与device kernel构建产物,当前regression/vecadd,vortex-gpu/vxbuild/tests,inherited-from-ancestor
vortex-gpu/vxbuild/tests/regression/sgemm,directory,,1,1,build-output,Host示例与device kernel构建产物,当前regression/vecadd,vortex-gpu/vxbuild/tests,inherited-from-ancestor
vortex-gpu/vxbuild/tests/regression/sgemm2,directory,,1,1,build-output,Host示例与device kernel构建产物,当前regression/vecadd,vortex-gpu/vxbuild/tests,inherited-from-ancestor
vortex-gpu/vxbuild/tests/regression/sgemm2_dxa,directory,,1,1,build-output,Host示例与device kernel构建产物,当前regression/vecadd,vortex-gpu/vxbuild/tests,inherited-from-ancestor
vortex-gpu/vxbuild/tests/regression/sgemm2_dxa_mcast,directory,,1,1,build-output,Host示例与device kernel构建产物,当前regression/vecadd,vortex-gpu/vxbuild/tests,inherited-from-ancestor
vortex-gpu/vxbuild/tests/regression/sgemm2_tcu,directory,,1,1,build-output,Host示例与device kernel构建产物,当前regression/vecadd,vortex-gpu/vxbuild/tests,inherited-from-ancestor
vortex-gpu/vxbuild/tests/regression/sgemm2_v1,directory,,1,1,build-output,Host示例与device kernel构建产物,当前regression/vecadd,vortex-gpu/vxbuild/tests,inherited-from-ancestor
vortex-gpu/vxbuild/tests/regression/sgemm_tcu,directory,,1,1,build-output,Host示例与device kernel构建产物,当前regression/vecadd,vortex-gpu/vxbuild/tests,inherited-from-ancestor
vortex-gpu/vxbuild/tests/regression/sgemm_tcu_mx,directory,,1,1,build-output,Host示例与device kernel构建产物,当前regression/vecadd,vortex-gpu/vxbuild/tests,inherited-from-ancestor
vortex-gpu/vxbuild/tests/regression/sgemm_tcu_sp,directory,,1,1,build-output,Host示例与device kernel构建产物,当前regression/vecadd,vortex-gpu/vxbuild/tests,inherited-from-ancestor
vortex-gpu/vxbuild/tests/regression/sgemm_tcu_sp_mx,directory,,1,1,build-output,Host示例与device kernel构建产物,当前regression/vecadd,vortex-gpu/vxbuild/tests,inherited-from-ancestor
vortex-gpu/vxbuild/tests/regression/sgemm_tcu_wg,directory,,1,1,build-output,Host示例与device kernel构建产物,当前regression/vecadd,vortex-gpu/vxbuild/tests,inherited-from-ancestor
vortex-gpu/vxbuild/tests/regression/sgemm_tcu_wg_dxa,directory,,1,1,build-output,Host示例与device kernel构建产物,当前regression/vecadd,vortex-gpu/vxbuild/tests,inherited-from-ancestor
vortex-gpu/vxbuild/tests/regression/sgemm_tcu_wg_dxa_mcast,directory,,1,1,build-output,Host示例与device kernel构建产物,当前regression/vecadd,vortex-gpu/vxbuild/tests,inherited-from-ancestor
vortex-gpu/vxbuild/tests/regression/sgemm_tcu_wg_mx,directory,,1,1,build-output,Host示例与device kernel构建产物,当前regression/vecadd,vortex-gpu/vxbuild/tests,inherited-from-ancestor
vortex-gpu/vxbuild/tests/regression/sgemm_tcu_wg_sp,directory,,1,1,build-output,Host示例与device kernel构建产物,当前regression/vecadd,vortex-gpu/vxbuild/tests,inherited-from-ancestor
vortex-gpu/vxbuild/tests/regression/sgemm_tcu_wg_sp_dxa,directory,,1,1,build-output,Host示例与device kernel构建产物,当前regression/vecadd,vortex-gpu/vxbuild/tests,inherited-from-ancestor
vortex-gpu/vxbuild/tests/regression/sgemm_v1,directory,,1,1,build-output,Host示例与device kernel构建产物,当前regression/vecadd,vortex-gpu/vxbuild/tests,inherited-from-ancestor
vortex-gpu/vxbuild/tests/regression/sgemmx,directory,,1,1,build-output,Host示例与device kernel构建产物,当前regression/vecadd,vortex-gpu/vxbuild/tests,inherited-from-ancestor
vortex-gpu/vxbuild/tests/regression/sgemv,directory,,1,1,build-output,Host示例与device kernel构建产物,当前regression/vecadd,vortex-gpu/vxbuild/tests,inherited-from-ancestor
vortex-gpu/vxbuild/tests/regression/softmax,directory,,1,1,build-output,Host示例与device kernel构建产物,当前regression/vecadd,vortex-gpu/vxbuild/tests,inherited-from-ancestor
vortex-gpu/vxbuild/tests/regression/sort,directory,,1,1,build-output,Host示例与device kernel构建产物,当前regression/vecadd,vortex-gpu/vxbuild/tests,inherited-from-ancestor
vortex-gpu/vxbuild/tests/regression/stencil3d,directory,,1,1,build-output,Host示例与device kernel构建产物,当前regression/vecadd,vortex-gpu/vxbuild/tests,inherited-from-ancestor
vortex-gpu/vxbuild/tests/regression/vecadd,directory,,9,9,build-output,Host示例与device kernel构建产物,当前regression/vecadd,vortex-gpu/vxbuild/tests,inherited-from-ancestor
vortex-gpu/vxbuild/tests/regression/vecadd_v1,directory,,1,1,build-output,Host示例与device kernel构建产物,当前regression/vecadd,vortex-gpu/vxbuild/tests,inherited-from-ancestor
vortex-gpu/vxbuild/tests/regression/wgather,directory,,1,1,build-output,Host示例与device kernel构建产物,当前regression/vecadd,vortex-gpu/vxbuild/tests,inherited-from-ancestor
vortex-gpu/vxbuild/tests/regression/wsync,directory,,1,1,build-output,Host示例与device kernel构建产物,当前regression/vecadd,vortex-gpu/vxbuild/tests,inherited-from-ancestor
vortex-gpu/vxbuild/tests/riscv,directory,,2,6,build-output,Host示例与device kernel构建产物,当前regression/vecadd,vortex-gpu/vxbuild/tests,inherited-from-ancestor
vortex-gpu/vxbuild/tests/riscv/benchmarks,directory,,1,1,build-output,Host示例与device kernel构建产物,当前regression/vecadd,vortex-gpu/vxbuild/tests,inherited-from-ancestor
vortex-gpu/vxbuild/tests/riscv/isa,directory,,1,1,build-output,Host示例与device kernel构建产物,当前regression/vecadd,vortex-gpu/vxbuild/tests,inherited-from-ancestor
vortex-gpu/vxbuild/tests/riscv/riscv-vector-tests,directory,,2,2,build-output,Host示例与device kernel构建产物,当前regression/vecadd,vortex-gpu/vxbuild/tests,inherited-from-ancestor
vortex-gpu/vxbuild/tests/runtime,directory,,1,1,build-output,Host示例与device kernel构建产物,当前regression/vecadd,vortex-gpu/vxbuild/tests,inherited-from-ancestor
vortex-gpu/vxbuild/tests/unittest,directory,,2,8,build-output,Host示例与device kernel构建产物,当前regression/vecadd,vortex-gpu/vxbuild/tests,inherited-from-ancestor
vortex-gpu/vxbuild/tests/unittest/gfx_binsort,directory,,1,1,build-output,Host示例与device kernel构建产物,当前regression/vecadd,vortex-gpu/vxbuild/tests,inherited-from-ancestor
vortex-gpu/vxbuild/tests/unittest/gfx_msaa,directory,,1,1,build-output,Host示例与device kernel构建产物,当前regression/vecadd,vortex-gpu/vxbuild/tests,inherited-from-ancestor
vortex-gpu/vxbuild/tests/unittest/gfx_om_mrt,directory,,1,1,build-output,Host示例与device kernel构建产物,当前regression/vecadd,vortex-gpu/vxbuild/tests,inherited-from-ancestor
vortex-gpu/vxbuild/tests/unittest/gfx_rast_sw,directory,,1,1,build-output,Host示例与device kernel构建产物,当前regression/vecadd,vortex-gpu/vxbuild/tests,inherited-from-ancestor
vortex-gpu/vxbuild/tests/unittest/gfx_tex_sw,directory,,1,1,build-output,Host示例与device kernel构建产物,当前regression/vecadd,vortex-gpu/vxbuild/tests,inherited-from-ancestor
vortex-gpu/vxbuild/tests/unittest/vx_malloc,directory,,1,1,build-output,Host示例与device kernel构建产物,当前regression/vecadd,vortex-gpu/vxbuild/tests,inherited-from-ancestor
vortex-gpu/vxbuild/tests/vulkan,directory,,2,24,build-output,Host示例与device kernel构建产物,当前regression/vecadd,vortex-gpu/vxbuild/tests,inherited-from-ancestor
vortex-gpu/vxbuild/tests/vulkan/cflow,directory,,1,1,build-output,Host示例与device kernel构建产物,当前regression/vecadd,vortex-gpu/vxbuild/tests,inherited-from-ancestor
vortex-gpu/vxbuild/tests/vulkan/compute,directory,,1,1,build-output,Host示例与device kernel构建产物,当前regression/vecadd,vortex-gpu/vxbuild/tests,inherited-from-ancestor
vortex-gpu/vxbuild/tests/vulkan/cull,directory,,1,1,build-output,Host示例与device kernel构建产物,当前regression/vecadd,vortex-gpu/vxbuild/tests,inherited-from-ancestor
vortex-gpu/vxbuild/tests/vulkan/depth,directory,,1,1,build-output,Host示例与device kernel构建产物,当前regression/vecadd,vortex-gpu/vxbuild/tests,inherited-from-ancestor
vortex-gpu/vxbuild/tests/vulkan/draw3d,directory,,1,1,build-output,Host示例与device kernel构建产物,当前regression/vecadd,vortex-gpu/vxbuild/tests,inherited-from-ancestor
vortex-gpu/vxbuild/tests/vulkan/indexed,directory,,1,1,build-output,Host示例与device kernel构建产物,当前regression/vecadd,vortex-gpu/vxbuild/tests,inherited-from-ancestor
vortex-gpu/vxbuild/tests/vulkan/instanced,directory,,1,1,build-output,Host示例与device kernel构建产物,当前regression/vecadd,vortex-gpu/vxbuild/tests,inherited-from-ancestor
vortex-gpu/vxbuild/tests/vulkan/mrt,directory,,1,1,build-output,Host示例与device kernel构建产物,当前regression/vecadd,vortex-gpu/vxbuild/tests,inherited-from-ancestor
vortex-gpu/vxbuild/tests/vulkan/multidraw,directory,,1,1,build-output,Host示例与device kernel构建产物,当前regression/vecadd,vortex-gpu/vxbuild/tests,inherited-from-ancestor
vortex-gpu/vxbuild/tests/vulkan/raytrace,directory,,1,1,build-output,Host示例与device kernel构建产物,当前regression/vecadd,vortex-gpu/vxbuild/tests,inherited-from-ancestor
vortex-gpu/vxbuild/tests/vulkan/rtquery,directory,,1,1,build-output,Host示例与device kernel构建产物,当前regression/vecadd,vortex-gpu/vxbuild/tests,inherited-from-ancestor
vortex-gpu/vxbuild/tests/vulkan/rtquery_anyhit,directory,,1,1,build-output,Host示例与device kernel构建产物,当前regression/vecadd,vortex-gpu/vxbuild/tests,inherited-from-ancestor
vortex-gpu/vxbuild/tests/vulkan/rtquery_id,directory,,1,1,build-output,Host示例与device kernel构建产物,当前regression/vecadd,vortex-gpu/vxbuild/tests,inherited-from-ancestor
vortex-gpu/vxbuild/tests/vulkan/shmem,directory,,1,1,build-output,Host示例与device kernel构建产物,当前regression/vecadd,vortex-gpu/vxbuild/tests,inherited-from-ancestor
vortex-gpu/vxbuild/tests/vulkan/ssbo,directory,,1,1,build-output,Host示例与device kernel构建产物,当前regression/vecadd,vortex-gpu/vxbuild/tests,inherited-from-ancestor
vortex-gpu/vxbuild/tests/vulkan/swom,directory,,1,1,build-output,Host示例与device kernel构建产物,当前regression/vecadd,vortex-gpu/vxbuild/tests,inherited-from-ancestor
vortex-gpu/vxbuild/tests/vulkan/swom_draw3d,directory,,1,1,build-output,Host示例与device kernel构建产物,当前regression/vecadd,vortex-gpu/vxbuild/tests,inherited-from-ancestor
vortex-gpu/vxbuild/tests/vulkan/textured,directory,,1,1,build-output,Host示例与device kernel构建产物,当前regression/vecadd,vortex-gpu/vxbuild/tests,inherited-from-ancestor
vortex-gpu/vxbuild/tests/vulkan/triangle,directory,,1,1,build-output,Host示例与device kernel构建产物,当前regression/vecadd,vortex-gpu/vxbuild/tests,inherited-from-ancestor
vortex-gpu/vxbuild/tests/vulkan/tristrip,directory,,1,1,build-output,Host示例与device kernel构建产物,当前regression/vecadd,vortex-gpu/vxbuild/tests,inherited-from-ancestor
vortex-gpu/vxbuild/tests/vulkan/ubo,directory,,1,1,build-output,Host示例与device kernel构建产物,当前regression/vecadd,vortex-gpu/vxbuild/tests,inherited-from-ancestor
vortex-gpu/vxbuild/tests/vulkan/ubo_multiset,directory,,1,1,build-output,Host示例与device kernel构建产物,当前regression/vecadd,vortex-gpu/vxbuild/tests,inherited-from-ancestor
